timestamp_ns,accel_x,accel_y,accel_z,gyro_x,gyro_y,gyro_z
184580875,0.00000000,0.00000000,0.00000000,0.305176,-0.244141,-0.061035
187107291,0.00466919,0.00793457,-1.00761414,0.305176,-0.244141,-0.061035
202701125,0.00558472,0.00820923,-1.00921631,0.305176,-0.244141,-0.061035
208593458,0.00601196,0.00808716,-1.00917053,0.427246,-0.122070,-0.061035
208598666,0.00601196,0.00808716,-1.00917053,0.244141,-0.183105,-0.061035
214469583,0.00505066,0.00762939,-1.00732422,0.244141,-0.183105,-0.061035
217000541,0.00505066,0.00762939,-1.00732422,0.427246,-0.244141,0.000000
232950291,0.00744629,0.00653076,-1.00852966,0.366211,-0.244141,0.000000
232955916,0.00765991,0.00625610,-1.00769043,0.366211,-0.244141,0.000000
247076625,0.00715637,0.00636292,-1.00715637,0.244141,-0.183105,-0.061035
270006458,0.00715637,0.00636292,-1.00715637,0.427246,-0.122070,-0.061035
274380875,0.00737000,0.00650024,-1.00717163,0.244141,-0.183105,0.000000
274384833,0.00584412,0.00628662,-1.00883484,0.305176,-0.061035,-0.061035
281235583,0.00579834,0.00682068,-1.00840759,0.305176,-0.061035,-0.244141
303305875,0.00611877,0.00726318,-1.00758362,0.122070,-0.122070,0.000000
309836375,0.00639343,0.00689697,-1.00798035,0.122070,-0.122070,0.000000
309842916,0.00526428,0.00688171,-1.00747681,0.122070,-0.122070,0.000000
316310166,0.00526428,0.00688171,-1.00747681,0.244141,0.000000,-0.183105
323305583,0.00621033,0.00759888,-1.00778198,0.427246,-0.122070,-0.061035
323312625,0.00621033,0.00759888,-1.00778198,0.366211,-0.305176,-0.183105
329629500,0.00659180,0.00827026,-1.00801086,0.305176,-0.183105,-0.122070
335850250,0.00674438,0.00744629,-1.00871277,0.305176,-0.183105,-0.122070
338398375,0.00674438,0.00744629,-1.00871277,0.366211,-0.305176,-0.122070
345226208,0.00622559,0.00733948,-1.00741577,0.427246,-0.183105,-0.122070
358896625,0.00697327,0.00747681,-1.00682068,0.305176,-0.183105,0.061035
368880958,0.00720215,0.00642395,-1.00781250,0.366211,-0.183105,-0.061035
395836583,0.00654602,0.00669861,-1.00866699,0.366211,-0.183105,-0.061035
398848750,0.00654602,0.00669861,-1.00866699,0.305176,-0.122070,0.000000
398854291,0.00654602,0.00669861,-1.00866699,0.427246,0.000000,-0.061035
406538125,0.00701904,0.00656128,-1.00857544,0.427246,-0.244141,-0.061035
406544333,0.00624084,0.00630188,-1.00794983,0.427246,-0.244141,-0.061035
409330833,0.00607300,0.00631714,-1.00823975,0.366211,-0.244141,-0.122070
419107375,0.00619507,0.00614929,-1.00750732,0.366211,-0.244141,-0.061035
429777208,0.00654602,0.00726318,-1.00805664,0.305176,-0.061035,0.000000
435354375,0.00688171,0.00772095,-1.00811768,0.305176,-0.122070,-0.183105
445653958,0.00718689,0.00724792,-1.00811768,0.183105,-0.183105,0.000000
453645666,0.00712585,0.00717163,-1.00805664,0.183105,-0.183105,0.000000
456190500,0.00712585,0.00717163,-1.00805664,0.305176,-0.122070,0.061035
463777916,0.00726318,0.00724792,-1.00759888,0.305176,-0.122070,0.061035
466358333,0.00726318,0.00724792,-1.00759888,0.366211,-0.183105,-0.061035
473931541,0.00556946,0.00721741,-1.00779724,0.366211,-0.122070,-0.122070
484014000,0.00613403,0.00682068,-1.00752258,0.244141,-0.122070,0.000000
494103833,0.00518799,0.00679016,-1.00805664,0.305176,-0.122070,-0.122070
501671833,0.00642395,0.00657654,-1.00732422,0.305176,-0.122070,-0.122070
504196583,0.00642395,0.00657654,-1.00732422,0.366211,-0.061035,-0.122070
511767750,0.00697327,0.00634766,-1.00749207,0.366211,-0.061035,-0.122070
514295708,0.00697327,0.00634766,-1.00749207,0.366211,-0.244141,0.000000
521871416,0.00674438,0.00708008,-1.00845337,0.366211,-0.244141,0.000000
524404875,0.00674438,0.00708008,-1.00845337,0.305176,-0.061035,0.061035
532029500,0.00695801,0.00570679,-1.00814819,0.305176,-0.061035,0.061035
534593666,0.00695801,0.00570679,-1.00814819,0.427246,-0.183105,-0.061035
542161416,0.00700378,0.00611877,-1.00854492,0.427246,-0.183105,-0.061035
544690041,0.00700378,0.00611877,-1.00854492,0.488281,-0.061035,0.000000
552324291,0.00672913,0.00668335,-1.00878906,0.488281,-0.061035,0.000000
554855500,0.00672913,0.00668335,-1.00878906,0.305176,-0.122070,0.000000
562410041,0.00656128,0.00598145,-1.00784302,0.305176,-0.122070,0.000000
564944083,0.00656128,0.00598145,-1.00784302,0.366211,-0.122070,-0.061035
572508875,0.00677490,0.00650024,-1.00827026,0.366211,-0.122070,-0.061035
575037000,0.00677490,0.00650024,-1.00827026,0.244141,-0.244141,-0.061035
582602833,0.00639343,0.00704956,-1.00917053,0.244141,-0.244141,-0.061035
585124500,0.00639343,0.00704956,-1.00917053,0.305176,-0.183105,0.000000
592672375,0.00628662,0.00715637,-1.00750732,0.305176,-0.183105,0.000000
595205750,0.00628662,0.00715637,-1.00750732,0.305176,-0.183105,0.000000
602774833,0.00563049,0.00758362,-1.00651550,0.305176,-0.183105,0.000000
605351041,0.00563049,0.00758362,-1.00651550,0.305176,-0.061035,0.000000
612901666,0.00532532,0.00737000,-1.00805664,0.305176,-0.061035,0.000000
615420291,0.00532532,0.00737000,-1.00805664,0.305176,-0.183105,0.000000
622587041,0.00555420,0.00769043,-1.00778198,0.305176,-0.183105,0.000000
625105916,0.00555420,0.00769043,-1.00778198,0.244141,-0.183105,0.000000
632649333,0.00621033,0.00796509,-1.00791931,0.244141,-0.183105,0.000000
635170458,0.00621033,0.00796509,-1.00791931,0.244141,-0.183105,-0.061035
642770083,0.00659180,0.00721741,-1.00828552,0.244141,-0.183105,-0.061035
645294791,0.00659180,0.00721741,-1.00828552,0.488281,-0.183105,0.061035
652884666,0.00625610,0.00711060,-1.00781250,0.488281,-0.183105,0.061035
655407791,0.00625610,0.00711060,-1.00781250,0.244141,-0.244141,0.000000
662481875,0.00656128,0.00657654,-1.00830078,0.244141,-0.244141,0.000000
664999250,0.00656128,0.00657654,-1.00830078,0.305176,-0.061035,0.000000
672348708,0.00646973,0.00569153,-1.00952148,0.305176,-0.061035,0.000000
674865041,0.00646973,0.00569153,-1.00952148,0.366211,-0.183105,-0.183105
682462916,0.00576782,0.00656128,-1.00810242,0.366211,-0.183105,-0.183105
684538833,0.00576782,0.00656128,-1.00810242,0.366211,-0.244141,0.000000
692140916,0.00706482,0.00704956,-1.00778198,0.366211,-0.244141,0.000000
694684250,0.00706482,0.00704956,-1.00778198,0.427246,-0.244141,-0.061035
701870625,0.00730896,0.00654602,-1.00704956,0.427246,-0.244141,-0.061035
704422583,0.00730896,0.00654602,-1.00704956,0.366211,-0.244141,0.000000
711903916,0.00727844,0.00549316,-1.00843811,0.366211,-0.244141,0.000000
714430083,0.00727844,0.00549316,-1.00843811,0.427246,-0.244141,-0.061035
721941416,0.00744629,0.00654602,-1.00784302,0.427246,-0.244141,-0.061035
724475875,0.00744629,0.00654602,-1.00784302,0.183105,-0.183105,-0.061035
732046666,0.00746155,0.00689697,-1.00828552,0.183105,-0.183105,-0.061035
734588791,0.00746155,0.00689697,-1.00828552,0.122070,-0.366211,-0.061035
742226208,0.00622559,0.00694275,-1.00743103,0.122070,-0.366211,-0.061035
744849958,0.00622559,0.00694275,-1.00743103,0.305176,-0.061035,0.000000
752015583,0.00646973,0.00715637,-1.00761414,0.305176,-0.061035,0.000000
754563458,0.00646973,0.00715637,-1.00761414,0.305176,-0.061035,-0.122070
762143625,0.00576782,0.00709534,-1.00729370,0.305176,-0.061035,-0.122070
764674000,0.00576782,0.00709534,-1.00729370,0.488281,-0.122070,0.000000
772324000,0.00578308,0.00633240,-1.00863647,0.488281,-0.122070,0.000000
774591125,0.00578308,0.00633240,-1.00863647,0.427246,-0.183105,-0.061035
782194375,0.00552368,0.00680542,-1.00857544,0.427246,-0.183105,-0.061035
784752000,0.00552368,0.00680542,-1.00857544,0.427246,-0.244141,-0.061035
792096500,0.00561523,0.00740051,-1.00727844,0.427246,-0.244141,-0.061035
794630708,0.00561523,0.00740051,-1.00727844,0.366211,-0.122070,0.061035
802261041,0.00614929,0.00709534,-1.00743103,0.366211,-0.122070,0.061035
804840791,0.00614929,0.00709534,-1.00743103,0.244141,-0.305176,0.000000
812448958,0.00627136,0.00688171,-1.00854492,0.244141,-0.305176,0.000000
814996041,0.00627136,0.00688171,-1.00854492,0.488281,-0.183105,0.061035
822600708,0.00585938,0.00730896,-1.00695801,0.488281,-0.183105,0.061035
825150208,0.00585938,0.00730896,-1.00695801,0.305176,-0.183105,-0.061035
832758000,0.00531006,0.00671387,-1.00762939,0.305176,-0.183105,-0.061035
834921208,0.00531006,0.00671387,-1.00762939,0.244141,-0.305176,-0.122070
842398500,0.00614929,0.00700378,-1.00805664,0.244141,-0.305176,-0.122070
844546125,0.00614929,0.00700378,-1.00805664,0.244141,-0.244141,-0.122070
852187083,0.00633240,0.00704956,-1.00743103,0.244141,-0.244141,-0.122070
854744916,0.00633240,0.00704956,-1.00743103,0.305176,-0.244141,0.000000
862062833,0.00595093,0.00674438,-1.00782776,0.305176,-0.244141,0.000000
866836458,0.00595093,0.00674438,-1.00782776,0.366211,-0.122070,-0.061035
874129458,0.00569153,0.00706482,-1.00813293,0.366211,-0.122070,-0.061035
876555416,0.00569153,0.00706482,-1.00813293,0.305176,-0.183105,0.000000
881715166,0.00590515,0.00666809,-1.00907898,0.305176,-0.183105,0.000000
886562541,0.00590515,0.00666809,-1.00907898,0.427246,-0.122070,0.061035
894187458,0.00692749,0.00715637,-1.00851440,0.427246,-0.122070,0.061035
896735416,0.00692749,0.00715637,-1.00851440,0.366211,-0.183105,0.061035
904081750,0.00697327,0.00735474,-1.00761414,0.366211,-0.183105,0.061035
906415500,0.00697327,0.00735474,-1.00761414,0.305176,-0.122070,0.061035
914040958,0.00639343,0.00764465,-1.00682068,0.305176,-0.122070,0.061035
916590583,0.00639343,0.00764465,-1.00682068,0.244141,-0.183105,-0.183105
923747916,0.00651550,0.00770569,-1.00794983,0.244141,-0.183105,-0.183105
926321958,0.00651550,0.00770569,-1.00794983,0.183105,0.000000,-0.122070
933499791,0.00642395,0.00704956,-1.00848389,0.183105,0.000000,-0.122070
936065125,0.00642395,0.00704956,-1.00848389,0.305176,-0.244141,0.000000
943723291,0.00677490,0.00720215,-1.00814819,0.305176,-0.244141,0.000000
946282541,0.00677490,0.00720215,-1.00814819,0.427246,-0.122070,0.061035
953719916,0.00762939,0.00599670,-1.00677490,0.427246,-0.122070,0.061035
956235541,0.00762939,0.00599670,-1.00677490,0.183105,-0.183105,-0.061035
963861666,0.00622559,0.00610352,-1.00767517,0.183105,-0.183105,-0.061035
966408958,0.00622559,0.00610352,-1.00767517,0.366211,-0.183105,-0.122070
974064875,0.00645447,0.00674438,-1.00794983,0.366211,-0.183105,-0.122070
976618166,0.00645447,0.00674438,-1.00794983,0.427246,-0.061035,-0.061035
984218625,0.00714111,0.00672913,-1.00814819,0.427246,-0.061035,-0.061035
986814458,0.00714111,0.00672913,-1.00814819,0.366211,-0.183105,0.061035
991892166,0.00762939,0.00682068,-1.00721741,0.366211,-0.183105,0.061035
996958041,0.00762939,0.00682068,-1.00721741,0.305176,-0.244141,-0.061035
1002073000,0.00779724,0.00650024,-1.00852966,0.305176,-0.244141,-0.061035
1004731125,0.00779724,0.00650024,-1.00852966,0.244141,-0.061035,-0.122070
1012394458,0.00701904,0.00674438,-1.00942993,0.244141,-0.061035,-0.122070
1017517500,0.00701904,0.00674438,-1.00942993,0.366211,-0.244141,-0.061035
1022614041,0.00662231,0.00640869,-1.00825500,0.366211,-0.244141,-0.061035
1025177333,0.00662231,0.00640869,-1.00825500,0.305176,-0.061035,-0.122070
1032584416,0.00622559,0.00631714,-1.00602722,0.305176,-0.061035,-0.122070
1035153375,0.00622559,0.00631714,-1.00602722,0.488281,0.000000,0.000000
1042781250,0.00637817,0.00691223,-1.00711060,0.488281,0.000000,0.000000
1045040708,0.00637817,0.00691223,-1.00711060,0.366211,-0.183105,-0.122070
1052289333,0.00614929,0.00750732,-1.00869751,0.366211,-0.183105,-0.122070
1054861750,0.00614929,0.00750732,-1.00869751,0.183105,-0.183105,-0.061035
1062479791,0.00596619,0.00666809,-1.00753784,0.183105,-0.183105,-0.061035
1064738750,0.00596619,0.00666809,-1.00753784,0.488281,-0.061035,0.000000
1072348125,0.00621033,0.00694275,-1.00788879,0.488281,-0.061035,0.000000
1074902208,0.00621033,0.00694275,-1.00788879,0.366211,-0.061035,-0.183105
1082204208,0.00543213,0.00727844,-1.00866699,0.366211,-0.061035,-0.183105
1084758625,0.00543213,0.00727844,-1.00866699,0.366211,-0.122070,-0.122070
1092376041,0.00671387,0.00753784,-1.00888062,0.366211,-0.122070,-0.122070
1094929416,0.00671387,0.00753784,-1.00888062,0.427246,-0.183105,-0.183105
1102584375,0.00622559,0.00718689,-1.00807190,0.427246,-0.183105,-0.183105
1105206416,0.00622559,0.00718689,-1.00807190,0.488281,-0.061035,0.061035
1112831958,0.00662231,0.00689697,-1.00773621,0.488281,-0.061035,0.061035
1115377791,0.00662231,0.00689697,-1.00773621,0.488281,-0.122070,-0.061035
1122981333,0.00759888,0.00708008,-1.00817871,0.488281,-0.122070,-0.061035
1125183208,0.00759888,0.00708008,-1.00817871,0.610352,-0.183105,0.061035
1132778541,0.00711060,0.00677490,-1.00773621,0.610352,-0.183105,0.061035
1135338583,0.00711060,0.00677490,-1.00773621,0.549316,-0.244141,-0.061035
1142546208,0.00601196,0.00698853,-1.00732422,0.549316,-0.244141,-0.061035
1145064125,0.00601196,0.00698853,-1.00732422,0.366211,-0.122070,-0.122070
1152664125,0.00598145,0.00688171,-1.00869751,0.366211,-0.122070,-0.122070
1155208958,0.00598145,0.00688171,-1.00869751,0.305176,0.000000,-0.122070
1162823166,0.00608826,0.00730896,-1.01000977,0.305176,0.000000,-0.122070
1165362666,0.00608826,0.00730896,-1.01000977,0.244141,-0.122070,-0.122070
1172901208,0.00634766,0.00709534,-1.00868225,0.244141,-0.122070,-0.122070
1175230541,0.00634766,0.00709534,-1.00868225,0.366211,-0.366211,0.000000
1182834708,0.00633240,0.00634766,-1.00726318,0.366211,-0.366211,0.000000
1185383416,0.00633240,0.00634766,-1.00726318,0.305176,0.000000,0.000000
1192815666,0.00625610,0.00692749,-1.00796509,0.305176,0.000000,0.000000
1195364583,0.00625610,0.00692749,-1.00796509,0.488281,0.000000,0.122070
1202966583,0.00625610,0.00788879,-1.00759888,0.488281,0.000000,0.122070
1205542375,0.00625610,0.00788879,-1.00759888,0.549316,-0.122070,-0.061035
1213152333,0.00738525,0.00711060,-1.00712585,0.549316,-0.122070,-0.061035
1215705958,0.00738525,0.00711060,-1.00712585,0.183105,-0.122070,0.061035
1223029125,0.00694275,0.00596619,-1.00906372,0.183105,-0.122070,0.061035
1225582333,0.00694275,0.00596619,-1.00906372,0.305176,-0.183105,-0.061035
1232899875,0.00709534,0.00607300,-1.01107788,0.305176,-0.183105,-0.061035
1235445041,0.00709534,0.00607300,-1.01107788,0.366211,-0.122070,0.000000
1243066250,0.00613403,0.00582886,-1.00596619,0.366211,-0.122070,0.000000
1245628291,0.00613403,0.00582886,-1.00596619,0.244141,-0.183105,-0.122070
1253256958,0.00505066,0.00573730,-1.00602722,0.244141,-0.183105,-0.122070
1255816500,0.00505066,0.00573730,-1.00602722,0.122070,-0.122070,-0.122070
1263477250,0.00570679,0.00659180,-1.00909424,0.122070,-0.122070,-0.122070
1266055625,0.00570679,0.00659180,-1.00909424,0.366211,-0.305176,0.000000
1273774125,0.00761414,0.00740051,-1.00885010,0.366211,-0.305176,0.000000
1275874916,0.00761414,0.00740051,-1.00885010,0.427246,-0.183105,-0.122070
1283514750,0.00733948,0.00703430,-1.00665283,0.427246,-0.183105,-0.122070
1286075375,0.00733948,0.00703430,-1.00665283,0.427246,-0.183105,-0.122070
1293676250,0.00708008,0.00679016,-1.00856018,0.427246,-0.183105,-0.122070
1296229166,0.00708008,0.00679016,-1.00856018,0.244141,-0.244141,-0.061035
1303683791,0.00679016,0.00598145,-1.01077271,0.244141,-0.244141,-0.061035
1306228541,0.00679016,0.00598145,-1.01077271,0.305176,-0.183105,0.061035
1313808083,0.00662231,0.00604248,-1.00926208,0.305176,-0.183105,0.061035
1316361250,0.00662231,0.00604248,-1.00926208,0.244141,-0.244141,-0.122070
1323960166,0.00622559,0.00692749,-1.00762939,0.244141,-0.244141,-0.122070
1326505750,0.00622559,0.00692749,-1.00762939,0.122070,-0.122070,0.061035
1334114666,0.00524902,0.00656128,-1.00856018,0.122070,-0.122070,0.061035
1336664375,0.00524902,0.00656128,-1.00856018,0.305176,-0.122070,0.000000
1344321208,0.00593567,0.00695801,-1.00775146,0.305176,-0.122070,0.000000
1346807875,0.00593567,0.00695801,-1.00775146,0.183105,-0.183105,-0.122070
1354438000,0.00718689,0.00588989,-1.00866699,0.183105,-0.183105,-0.122070
1356544208,0.00718689,0.00588989,-1.00866699,0.305176,-0.183105,0.122070
1364178750,0.00547791,0.00651550,-1.00709534,0.305176,-0.183105,0.122070
1366378208,0.00547791,0.00651550,-1.00709534,0.183105,-0.183105,-0.061035
1374018375,0.00489807,0.00747681,-1.00866699,0.183105,-0.183105,-0.061035
1376571916,0.00489807,0.00747681,-1.00866699,0.061035,-0.183105,-0.061035
1384173625,0.00564575,0.00724792,-1.00837708,0.061035,-0.183105,-0.061035
1386722125,0.00564575,0.00724792,-1.00837708,0.061035,-0.183105,-0.061035
1394347666,0.00619507,0.00654602,-1.00752258,0.061035,-0.183105,-0.061035
1396889666,0.00619507,0.00654602,-1.00752258,0.122070,-0.183105,-0.061035
1404504791,0.00791931,0.00608826,-1.00874329,0.122070,-0.183105,-0.061035
1407067750,0.00791931,0.00608826,-1.00874329,0.183105,-0.122070,-0.061035
1412165375,0.00767517,0.00639343,-1.00720215,0.183105,-0.122070,-0.061035
1414709583,0.00767517,0.00639343,-1.00720215,0.122070,-0.183105,-0.061035
1422340083,0.00784302,0.00703430,-1.00817871,0.122070,-0.183105,-0.061035
1424893166,0.00784302,0.00703430,-1.00817871,0.305176,0.000000,0.061035
1432344916,0.00752258,0.00651550,-1.00752258,0.305176,0.000000,0.061035
1434886041,0.00752258,0.00651550,-1.00752258,0.366211,-0.061035,-0.061035
1444677041,0.00732422,0.00608826,-1.00781250,0.305176,-0.122070,-0.061035
1452282041,0.00651550,0.00619507,-1.00810242,0.305176,-0.122070,-0.061035
1454815250,0.00651550,0.00619507,-1.00810242,0.183105,-0.122070,-0.183105
1462264083,0.00642395,0.00627136,-1.00715637,0.183105,-0.122070,-0.183105
1464802041,0.00642395,0.00627136,-1.00715637,0.244141,-0.305176,0.000000
1472367250,0.00621033,0.00646973,-1.00854492,0.244141,-0.305176,0.000000
1474899875,0.00621033,0.00646973,-1.00854492,0.366211,-0.183105,-0.061035
1482460375,0.00538635,0.00802612,-1.00888062,0.366211,-0.183105,-0.061035
1487012500,0.00538635,0.00802612,-1.00888062,0.366211,-0.122070,0.000000
1494632291,0.00631714,0.00733948,-1.00737000,0.244141,-0.183105,0.000000
1504800041,0.00544739,0.00674438,-1.00813293,0.305176,-0.244141,-0.061035
1514993291,0.00497437,0.00724792,-1.00918579,0.427246,-0.183105,-0.061035
1525121833,0.00503540,0.00708008,-1.00755310,0.488281,-0.183105,0.000000
1532669500,0.00518799,0.00587463,-1.00749207,0.488281,-0.183105,0.000000
1535191875,0.00518799,0.00587463,-1.00749207,0.549316,-0.122070,-0.061035
1542754500,0.00688171,0.00654602,-1.00691223,0.549316,-0.122070,-0.061035
1545290958,0.00688171,0.00654602,-1.00691223,0.305176,-0.244141,-0.122070
1555055833,0.00726318,0.00727844,-1.00801086,0.427246,-0.305176,-0.061035
1565027458,0.00683594,0.00624084,-1.00971985,0.366211,-0.122070,0.061035
1575147000,0.00654602,0.00651550,-1.00817871,0.427246,-0.183105,-0.061035
1582728166,0.00607300,0.00645447,-1.00827026,0.427246,-0.183105,-0.061035
1585262583,0.00607300,0.00645447,-1.00827026,0.427246,-0.061035,0.000000
1592841416,0.00605774,0.00703430,-1.00715637,0.427246,-0.061035,0.000000
1595393875,0.00605774,0.00703430,-1.00715637,0.244141,-0.122070,-0.183105
1602959500,0.00546265,0.00613403,-1.00769043,0.244141,-0.122070,-0.183105
1605515333,0.00546265,0.00613403,-1.00769043,0.244141,-0.122070,0.061035
1613101750,0.00671387,0.00666809,-1.00744629,0.244141,-0.122070,0.061035
1615634750,0.00671387,0.00666809,-1.00744629,0.244141,-0.366211,-0.061035
1622867625,0.00651550,0.00663757,-1.00820923,0.244141,-0.366211,-0.061035
1624954000,0.00651550,0.00663757,-1.00820923,0.427246,-0.122070,-0.061035
1635084125,0.00524902,0.00642395,-1.01019287,0.366211,-0.183105,0.000000
1642712708,0.00674438,0.00669861,-1.00692749,0.366211,-0.183105,0.000000
1645264083,0.00674438,0.00669861,-1.00692749,0.244141,-0.183105,-0.061035
1652861833,0.00633240,0.00750732,-1.00732422,0.244141,-0.183105,-0.061035
1655209500,0.00633240,0.00750732,-1.00732422,0.854492,-0.122070,-0.061035
1662810166,0.00633240,0.00657654,-1.00683594,0.854492,-0.122070,-0.061035
1665378500,0.00633240,0.00657654,-1.00683594,0.488281,0.000000,0.122070
1673004375,0.00616455,0.00552368,-1.00828552,0.488281,0.000000,0.122070
1675311166,0.00616455,0.00552368,-1.00828552,0.488281,-0.244141,0.000000
1682919666,0.00595093,0.00563049,-1.01062012,0.488281,-0.244141,0.000000
1685464916,0.00595093,0.00563049,-1.01062012,0.244141,-0.183105,-0.122070
1693047625,0.00680542,0.00610352,-1.00683594,0.244141,-0.183105,-0.122070
1695582666,0.00680542,0.00610352,-1.00683594,0.305176,-0.183105,-0.061035
1703161541,0.00813293,0.00593567,-1.00761414,0.305176,-0.183105,-0.061035
1705722833,0.00813293,0.00593567,-1.00761414,0.305176,-0.122070,0.000000
1712912125,0.00817871,0.00611877,-1.00781250,0.305176,-0.122070,0.000000
1715449416,0.00817871,0.00611877,-1.00781250,0.305176,-0.122070,0.000000
1722887291,0.00730896,0.00617981,-1.00833130,0.305176,-0.122070,0.000000
1725448833,0.00730896,0.00617981,-1.00833130,0.244141,-0.183105,-0.061035
1733019958,0.00685120,0.00675964,-1.00901794,0.244141,-0.183105,-0.061035
1735562791,0.00685120,0.00675964,-1.00901794,0.366211,-0.061035,0.000000
1743062583,0.00593567,0.00727844,-1.00672913,0.366211,-0.061035,0.000000
1745601000,0.00593567,0.00727844,-1.00672913,0.366211,-0.061035,0.000000
1752689958,0.00656128,0.00848389,-1.00759888,0.366211,-0.061035,0.000000
1755227000,0.00656128,0.00848389,-1.00759888,0.305176,-0.122070,0.000000
1764998916,0.00602722,0.00778198,-1.00756836,0.305176,-0.244141,0.000000
1775102916,0.00555420,0.00787354,-1.00852966,0.488281,-0.061035,-0.061035
1782698541,0.00689697,0.00813293,-1.00755310,0.488281,-0.061035,-0.061035
1785256250,0.00689697,0.00813293,-1.00755310,0.366211,-0.122070,0.000000
1795051708,0.00752258,0.00823975,-1.00773621,0.427246,-0.183105,0.000000
1802700291,0.00659180,0.00723267,-1.00857544,0.427246,-0.183105,0.000000
1805258375,0.00659180,0.00723267,-1.00857544,0.244141,-0.061035,-0.122070
1812853833,0.00692749,0.00701904,-1.00845337,0.244141,-0.061035,-0.122070
1815376458,0.00692749,0.00701904,-1.00845337,0.305176,-0.122070,0.000000
1822904083,0.00697327,0.00634766,-1.00801086,0.305176,-0.122070,0.000000
1825462041,0.00697327,0.00634766,-1.00801086,0.366211,-0.122070,0.061035
1832952625,0.00733948,0.00668335,-1.00650024,0.366211,-0.122070,0.061035
1835527958,0.00733948,0.00668335,-1.00650024,0.183105,-0.183105,-0.122070
1845203333,0.00769043,0.00622559,-1.00843811,0.305176,-0.122070,-0.061035
1852809916,0.00689697,0.00512695,-1.00875854,0.305176,-0.122070,-0.061035
1855350750,0.00689697,0.00512695,-1.00875854,0.366211,-0.183105,-0.122070
1862952041,0.00489807,0.00526428,-1.00810242,0.366211,-0.183105,-0.122070
1865499916,0.00489807,0.00526428,-1.00810242,0.427246,-0.122070,-0.183105
1872930208,0.00653076,0.00585938,-1.00830078,0.427246,-0.122070,-0.183105
1875480750,0.00653076,0.00585938,-1.00830078,0.244141,-0.122070,-0.122070
1883073583,0.00703430,0.00723267,-1.00830078,0.244141,-0.122070,-0.122070
1885631125,0.00703430,0.00723267,-1.00830078,0.427246,-0.122070,-0.122070
1892923416,0.00592041,0.00769043,-1.00724792,0.427246,-0.122070,-0.122070
1895467875,0.00592041,0.00769043,-1.00724792,0.366211,-0.183105,0.000000
1902719833,0.00537109,0.00805664,-1.00796509,0.366211,-0.183105,0.000000
1905283125,0.00537109,0.00805664,-1.00796509,0.305176,-0.183105,-0.061035
1912882666,0.00553894,0.00775146,-1.00846863,0.305176,-0.183105,-0.061035
1915425833,0.00553894,0.00775146,-1.00846863,0.244141,-0.244141,-0.061035
1923007000,0.00570679,0.00700378,-1.00834656,0.244141,-0.244141,-0.061035
1925543708,0.00570679,0.00700378,-1.00834656,0.427246,-0.244141,0.000000
1933188833,0.00637817,0.00685120,-1.00779724,0.427246,-0.244141,0.000000
1935739291,0.00637817,0.00685120,-1.00779724,0.183105,-0.183105,-0.061035
1942925875,0.00695801,0.00784302,-1.00802612,0.183105,-0.183105,-0.061035
1945470833,0.00695801,0.00784302,-1.00802612,0.305176,-0.122070,-0.122070
1953060166,0.00723267,0.00671387,-1.00801086,0.305176,-0.122070,-0.122070
1955623958,0.00723267,0.00671387,-1.00801086,0.305176,-0.244141,-0.061035
1963242541,0.00743103,0.00650024,-1.00733948,0.305176,-0.244141,-0.061035
1965787458,0.00743103,0.00650024,-1.00733948,0.549316,-0.183105,-0.061035
1973154000,0.00718689,0.00624084,-1.00813293,0.549316,-0.183105,-0.061035
1975712458,0.00718689,0.00624084,-1.00813293,0.305176,-0.122070,0.000000
1983313041,0.00654602,0.00524902,-1.00842285,0.305176,-0.122070,0.000000
1985859708,0.00654602,0.00524902,-1.00842285,0.366211,-0.183105,0.000000
1992923458,0.00617981,0.00599670,-1.00746155,0.366211,-0.183105,0.000000
1995463791,0.00617981,0.00599670,-1.00746155,0.244141,-0.122070,0.000000
2003079875,0.00692749,0.00592041,-1.00685120,0.244141,-0.122070,0.000000
2005640791,0.00692749,0.00592041,-1.00685120,0.305176,-0.183105,-0.061035
2013138333,0.00695801,0.00592041,-1.00782776,0.305176,-0.183105,-0.061035
2015696375,0.00695801,0.00592041,-1.00782776,0.305176,-0.183105,-0.183105
2023327708,0.00593567,0.00546265,-1.00825500,0.305176,-0.183105,-0.183105
2025905791,0.00593567,0.00546265,-1.00825500,0.671387,-0.244141,-0.061035
2033488541,0.00480652,0.00607300,-1.00709534,0.671387,-0.244141,-0.061035
2036044041,0.00480652,0.00607300,-1.00709534,0.000000,-0.061035,0.000000
2043689166,0.00599670,0.00584412,-1.00405884,0.000000,-0.061035,0.000000
2046241416,0.00599670,0.00584412,-1.00405884,0.305176,-0.183105,0.000000
2053579458,0.00665283,0.00645447,-1.01681519,0.305176,-0.183105,0.000000
2056138250,0.00665283,0.00645447,-1.01681519,0.061035,-0.122070,-0.122070
2063523708,0.00675964,0.00807190,-1.00572205,0.061035,-0.122070,-0.122070
2066061791,0.00675964,0.00807190,-1.00572205,0.305176,-0.244141,0.000000
2073655000,0.00645447,0.00756836,-1.00819397,0.305176,-0.244141,0.000000
2076198541,0.00645447,0.00756836,-1.00819397,0.305176,-0.183105,-0.061035
2083778416,0.00672913,0.00743103,-1.00830078,0.305176,-0.183105,-0.061035
2086320916,0.00672913,0.00743103,-1.00830078,0.305176,-0.122070,-0.061035
2093917291,0.00596619,0.00718689,-1.00892639,0.305176,-0.122070,-0.061035
2096460125,0.00596619,0.00718689,-1.00892639,0.183105,-0.244141,0.000000
2104057333,0.00646973,0.00727844,-1.00733948,0.183105,-0.244141,0.000000
2106629875,0.00646973,0.00727844,-1.00733948,0.305176,0.000000,0.122070
2114212625,0.00689697,0.00653076,-1.00679016,0.305176,0.000000,0.122070
2116752166,0.00689697,0.00653076,-1.00679016,0.244141,-0.061035,0.000000
2124338291,0.00646973,0.00637817,-1.01000977,0.244141,-0.061035,0.000000
2126872458,0.00646973,0.00637817,-1.01000977,0.366211,-0.061035,0.000000
2134447916,0.00601196,0.00593567,-1.00964355,0.366211,-0.061035,0.000000
2137011250,0.00601196,0.00593567,-1.00964355,0.366211,-0.061035,0.000000
2144331291,0.00633240,0.00585938,-1.00714111,0.366211,-0.061035,0.000000
2146892250,0.00633240,0.00585938,-1.00714111,0.183105,-0.122070,0.061035
2154483208,0.00660706,0.00662231,-1.00856018,0.183105,-0.122070,0.061035
2157018833,0.00660706,0.00662231,-1.00856018,0.305176,-0.183105,0.061035
2164608875,0.00726318,0.00650024,-1.00910950,0.305176,-0.183105,0.061035
2166806166,0.00726318,0.00650024,-1.00910950,0.244141,-0.244141,0.000000
2174396166,0.00663757,0.00604248,-1.00828552,0.244141,-0.244141,0.000000
2176952333,0.00663757,0.00604248,-1.00828552,0.183105,-0.122070,0.061035
2184547916,0.00553894,0.00677490,-1.00621033,0.183105,-0.122070,0.061035
2187087500,0.00553894,0.00677490,-1.00621033,0.427246,-0.244141,0.000000
2194675500,0.00572205,0.00721741,-1.00799561,0.427246,-0.244141,0.000000
2197209500,0.00572205,0.00721741,-1.00799561,0.305176,-0.122070,0.000000
2204773500,0.00585938,0.00602722,-1.00962830,0.305176,-0.122070,0.000000
2207328708,0.00585938,0.00602722,-1.00962830,0.366211,-0.183105,-0.061035
2214920333,0.00660706,0.00581360,-1.00781250,0.366211,-0.183105,-0.061035
2217465625,0.00660706,0.00581360,-1.00781250,0.427246,-0.122070,-0.061035
2225083208,0.00679016,0.00694275,-1.00773621,0.427246,-0.122070,-0.061035
2227651166,0.00679016,0.00694275,-1.00773621,0.366211,-0.122070,-0.122070
2235310208,0.00653076,0.00703430,-1.00738525,0.366211,-0.122070,-0.122070
2237871041,0.00653076,0.00703430,-1.00738525,0.366211,-0.183105,0.000000
2242941666,0.00598145,0.00830078,-1.00810242,0.366211,-0.183105,0.000000
2248008750,0.00598145,0.00830078,-1.00810242,0.427246,-0.061035,0.000000
2253091166,0.00637817,0.00778198,-1.00779724,0.427246,-0.061035,0.000000
2255644583,0.00637817,0.00778198,-1.00779724,0.427246,-0.183105,0.000000
2263243250,0.00578308,0.00692749,-1.00820923,0.427246,-0.183105,0.000000
2265797208,0.00578308,0.00692749,-1.00820923,0.183105,-0.305176,0.000000
2273116625,0.00540161,0.00614929,-1.00828552,0.183105,-0.305176,0.000000
2275670666,0.00540161,0.00614929,-1.00828552,0.244141,-0.244141,0.000000
2283273333,0.00695801,0.00605774,-1.00813293,0.244141,-0.244141,0.000000
2285812541,0.00695801,0.00605774,-1.00813293,0.244141,-0.183105,-0.061035
2293426833,0.00718689,0.00645447,-1.00923157,0.244141,-0.183105,-0.061035
2295978166,0.00718689,0.00645447,-1.00923157,0.244141,-0.122070,-0.061035
2303567958,0.00689697,0.00567627,-1.00810242,0.244141,-0.122070,-0.061035
2305892375,0.00689697,0.00567627,-1.00810242,0.366211,-0.122070,-0.061035
2313515041,0.00579834,0.00679016,-1.00767517,0.366211,-0.122070,-0.061035
2316060125,0.00579834,0.00679016,-1.00767517,0.305176,-0.183105,-0.122070
2323664541,0.00605774,0.00711060,-1.00720215,0.305176,-0.183105,-0.122070
2326210958,0.00605774,0.00711060,-1.00720215,0.366211,-0.061035,-0.061035
2333827750,0.00639343,0.00660706,-1.00849915,0.366211,-0.061035,-0.061035
2336373250,0.00639343,0.00660706,-1.00849915,0.244141,-0.244141,0.061035
2343992333,0.00617981,0.00799561,-1.00816345,0.244141,-0.244141,0.061035
2346552000,0.00617981,0.00799561,-1.00816345,0.427246,-0.183105,-0.122070
2354170250,0.00578308,0.00708008,-1.00773621,0.427246,-0.183105,-0.122070
2356751166,0.00578308,0.00708008,-1.00773621,0.366211,-0.122070,0.061035
2364415291,0.00665283,0.00761414,-1.00759888,0.366211,-0.122070,0.061035
2366968833,0.00665283,0.00761414,-1.00759888,0.427246,-0.122070,-0.183105
2374604000,0.00628662,0.00688171,-1.00767517,0.427246,-0.122070,-0.183105
2377159333,0.00628662,0.00688171,-1.00767517,0.305176,-0.183105,0.000000
2384801750,0.00660706,0.00593567,-1.00753784,0.305176,-0.183105,0.000000
2387379500,0.00660706,0.00593567,-1.00753784,0.366211,-0.122070,-0.061035
2395011375,0.00735474,0.00637817,-1.00743103,0.366211,-0.122070,-0.061035
2397563375,0.00735474,0.00637817,-1.00743103,0.488281,-0.244141,-0.122070
2405165958,0.00851440,0.00682068,-1.00633240,0.488281,-0.244141,-0.122070
2407726708,0.00851440,0.00682068,-1.00633240,0.305176,-0.183105,-0.061035
2415311375,0.00724792,0.00674438,-1.00802612,0.305176,-0.183105,-0.061035
2417899958,0.00724792,0.00674438,-1.00802612,0.366211,-0.183105,-0.061035
2423009666,0.00671387,0.00628662,-1.00875854,0.366211,-0.183105,-0.061035
2428178625,0.00671387,0.00628662,-1.00875854,0.305176,-0.122070,-0.061035
2433288291,0.00679016,0.00578308,-1.00679016,0.305176,-0.122070,-0.061035
2435845750,0.00679016,0.00578308,-1.00679016,0.183105,-0.122070,-0.061035
2443204208,0.00601196,0.00616455,-1.00918579,0.183105,-0.122070,-0.061035
2445761875,0.00601196,0.00616455,-1.00918579,0.244141,-0.183105,0.000000
2453337416,0.00526428,0.00695801,-1.00851440,0.244141,-0.183105,0.000000
2455877500,0.00526428,0.00695801,-1.00851440,0.305176,-0.183105,0.122070
2463457833,0.00480652,0.00708008,-1.00633240,0.305176,-0.183105,0.122070
2465996666,0.00480652,0.00708008,-1.00633240,0.305176,-0.183105,0.000000
2473592041,0.00529480,0.00608826,-1.00714111,0.305176,-0.183105,0.000000
2476133375,0.00529480,0.00608826,-1.00714111,0.244141,-0.183105,-0.122070
2483742791,0.00674438,0.00717163,-1.00915527,0.244141,-0.183105,-0.122070
2486335375,0.00674438,0.00717163,-1.00915527,0.366211,-0.122070,0.061035
2493706291,0.00709534,0.00790405,-1.00857544,0.366211,-0.122070,0.061035
2496263333,0.00709534,0.00790405,-1.00857544,0.305176,-0.122070,0.061035
2503885458,0.00656128,0.00706482,-1.00784302,0.305176,-0.122070,0.061035
2506449333,0.00656128,0.00706482,-1.00784302,0.427246,-0.061035,0.000000
2514086875,0.00659180,0.00671387,-1.00779724,0.427246,-0.061035,0.000000
2516305958,0.00659180,0.00671387,-1.00779724,0.366211,-0.183105,0.061035
2523894500,0.00564575,0.00564575,-1.00782776,0.366211,-0.183105,0.061035
2526442500,0.00564575,0.00564575,-1.00782776,0.427246,-0.183105,-0.122070
2533468291,0.00643921,0.00708008,-1.00781250,0.427246,-0.183105,-0.122070
2535699750,0.00643921,0.00708008,-1.00781250,0.366211,-0.061035,0.000000
2543293416,0.00741577,0.00631714,-1.00750732,0.366211,-0.061035,0.000000
2545719958,0.00741577,0.00631714,-1.00750732,0.305176,-0.183105,-0.061035
2555417958,0.00804138,0.00582886,-1.00852966,0.305176,-0.183105,-0.061035
2557975125,0.00804138,0.00582886,-1.00852966,0.366211,-0.244141,0.000000
2563040333,0.00682068,0.00654602,-1.00852966,0.366211,-0.244141,0.000000
2568097500,0.00682068,0.00654602,-1.00852966,0.122070,-0.183105,0.061035
2573156125,0.00622559,0.00672913,-1.00804138,0.122070,-0.183105,0.061035
2575700041,0.00622559,0.00672913,-1.00804138,0.366211,-0.183105,-0.061035
2585527958,0.00628662,0.00683594,-1.00764465,0.366211,-0.183105,-0.061035
2588065166,0.00628662,0.00683594,-1.00764465,0.244141,-0.183105,0.000000
2594865875,0.00558472,0.00656128,-1.00718689,0.244141,-0.183105,0.000000
2597392333,0.00558472,0.00656128,-1.00718689,0.488281,-0.183105,0.000000
2604952625,0.00653076,0.00665283,-1.00625610,0.488281,-0.183105,0.000000
2607493583,0.00653076,0.00665283,-1.00625610,0.366211,-0.183105,0.000000
2615099250,0.00770569,0.00614929,-1.00733948,0.366211,-0.183105,0.000000
2617649708,0.00770569,0.00614929,-1.00733948,0.366211,-0.244141,0.000000
2625004458,0.00784302,0.00733948,-1.00729370,0.366211,-0.244141,0.000000
2627534166,0.00784302,0.00733948,-1.00729370,0.488281,-0.244141,-0.122070
2635078000,0.00703430,0.00697327,-1.00807190,0.488281,-0.244141,-0.122070
2637609750,0.00703430,0.00697327,-1.00807190,0.488281,-0.244141,-0.122070
2645162250,0.00679016,0.00706482,-1.00782776,0.488281,-0.244141,-0.122070
2647689208,0.00679016,0.00706482,-1.00782776,0.488281,-0.061035,-0.061035
2655243083,0.00549316,0.00666809,-1.00788879,0.488281,-0.061035,-0.061035
2657766875,0.00549316,0.00666809,-1.00788879,0.244141,-0.183105,-0.122070
2665016416,0.00596619,0.00625610,-1.00805664,0.244141,-0.183105,-0.122070
2667554166,0.00596619,0.00625610,-1.00805664,0.305176,-0.183105,-0.061035
2675142666,0.00598145,0.00679016,-1.00846863,0.305176,-0.183105,-0.061035
2677683458,0.00598145,0.00679016,-1.00846863,0.366211,-0.183105,0.000000
2685120916,0.00682068,0.00698853,-1.00839233,0.366211,-0.183105,0.000000
2687666666,0.00682068,0.00698853,-1.00839233,0.305176,-0.183105,-0.061035
2694942916,0.00659180,0.00695801,-1.00808716,0.305176,-0.183105,-0.061035
2697503833,0.00659180,0.00695801,-1.00808716,0.244141,-0.183105,0.000000
2704692666,0.00692749,0.00654602,-1.00827026,0.244141,-0.183105,0.000000
2707264625,0.00692749,0.00654602,-1.00827026,0.183105,-0.244141,0.000000
2714404041,0.00619507,0.00599670,-1.00747681,0.183105,-0.244141,0.000000
2716939208,0.00619507,0.00599670,-1.00747681,0.366211,-0.244141,-0.061035
2724504250,0.00593567,0.00683594,-1.00758362,0.366211,-0.244141,-0.061035
2727057666,0.00593567,0.00683594,-1.00758362,0.244141,-0.244141,0.000000
2734340750,0.00523376,0.00643921,-1.00703430,0.244141,-0.244141,0.000000
2736911791,0.00523376,0.00643921,-1.00703430,0.305176,-0.305176,-0.122070
2744557666,0.00585938,0.00665283,-1.00726318,0.305176,-0.305176,-0.122070
2747123958,0.00585938,0.00665283,-1.00726318,0.366211,-0.122070,-0.122070
2754740541,0.00651550,0.00698853,-1.00891113,0.366211,-0.122070,-0.122070
2757291791,0.00651550,0.00698853,-1.00891113,0.427246,0.000000,-0.061035
2764894208,0.00637817,0.00689697,-1.00828552,0.427246,0.000000,-0.061035
2767440083,0.00637817,0.00689697,-1.00828552,0.427246,-0.061035,0.122070
2775061416,0.00639343,0.00653076,-1.00811768,0.427246,-0.061035,0.122070
2777620333,0.00639343,0.00653076,-1.00811768,0.244141,-0.061035,0.000000
2785205875,0.00727844,0.00735474,-1.00910950,0.244141,-0.061035,0.000000
2787758583,0.00727844,0.00735474,-1.00910950,0.366211,-0.122070,-0.061035
2795370916,0.00665283,0.00697327,-1.00820923,0.366211,-0.122070,-0.061035
2797919166,0.00665283,0.00697327,-1.00820923,0.549316,-0.183105,-0.122070
2805532166,0.00694275,0.00587463,-1.00772095,0.549316,-0.183105,-0.122070
2808096291,0.00694275,0.00587463,-1.00772095,0.244141,-0.122070,0.061035
2815724416,0.00659180,0.00564575,-1.00846863,0.305176,-0.122070,0.000000
2825885541,0.00767517,0.00587463,-1.01025391,0.305176,-0.061035,-0.061035
2836022041,0.00604248,0.00595093,-1.00701904,0.305176,-0.183105,0.000000
2846203666,0.00518799,0.00691223,-1.00573730,0.183105,-0.122070,-0.061035
2853817833,0.00505066,0.00677490,-1.00822449,0.183105,-0.122070,-0.061035
2856363875,0.00505066,0.00677490,-1.00822449,0.244141,-0.244141,-0.183105
2863981708,0.00518799,0.00695801,-1.00901794,0.244141,-0.244141,-0.183105
2866549833,0.00518799,0.00695801,-1.00901794,0.366211,-0.122070,-0.061035
2874184208,0.00486755,0.00735474,-1.00816345,0.366211,-0.122070,-0.061035
2876732000,0.00486755,0.00735474,-1.00816345,0.244141,-0.122070,-0.122070
2884321125,0.00558472,0.00677490,-1.00811768,0.244141,-0.122070,-0.122070
2886873458,0.00558472,0.00677490,-1.00811768,0.488281,-0.122070,-0.061035
2894344333,0.00526428,0.00701904,-1.00677490,0.488281,-0.122070,-0.061035
2896886000,0.00526428,0.00701904,-1.00677490,0.305176,-0.183105,-0.061035
2904536083,0.00561523,0.00759888,-1.00825500,0.305176,-0.183105,-0.061035
2907113666,0.00561523,0.00759888,-1.00825500,0.366211,-0.305176,0.000000
2914775500,0.00569153,0.00685120,-1.00883484,0.366211,-0.305176,0.000000
2917384208,0.00569153,0.00685120,-1.00883484,0.244141,-0.244141,0.000000
2925019666,0.00685120,0.00604248,-1.00706482,0.244141,-0.244141,0.000000
2927575291,0.00685120,0.00604248,-1.00706482,0.366211,-0.122070,0.061035
2935158916,0.00724792,0.00627136,-1.00840759,0.366211,-0.122070,0.061035
2937690541,0.00724792,0.00627136,-1.00840759,0.366211,-0.061035,-0.061035
2945247208,0.00759888,0.00637817,-1.00711060,0.366211,-0.061035,-0.061035
2947797458,0.00759888,0.00637817,-1.00711060,0.244141,-0.244141,0.061035
2955363375,0.00711060,0.00610352,-1.00788879,0.244141,-0.244141,0.061035
2957901750,0.00711060,0.00610352,-1.00788879,0.427246,-0.183105,-0.061035
2965464583,0.00672913,0.00610352,-1.00830078,0.427246,-0.183105,-0.061035
2967990000,0.00672913,0.00610352,-1.00830078,0.366211,-0.122070,-0.122070
2975576000,0.00559998,0.00672913,-1.00810242,0.366211,-0.122070,-0.122070
2978112083,0.00559998,0.00672913,-1.00810242,0.305176,-0.183105,0.000000
2985684708,0.00714111,0.00642395,-1.00764465,0.305176,-0.183105,0.000000
2988221666,0.00714111,0.00642395,-1.00764465,0.427246,-0.244141,-0.122070
2995609458,0.00679016,0.00627136,-1.00764465,0.427246,-0.244141,-0.122070
2998150291,0.00679016,0.00627136,-1.00764465,0.366211,-0.244141,0.061035
3005455041,0.00640869,0.00653076,-1.00880432,0.366211,-0.244141,0.061035
3007987458,0.00640869,0.00653076,-1.00880432,0.366211,-0.183105,-0.061035
3015336458,0.00569153,0.00646973,-1.00807190,0.366211,-0.183105,-0.061035
3017869000,0.00569153,0.00646973,-1.00807190,0.183105,-0.183105,0.061035
3025427541,0.00508118,0.00617981,-1.00799561,0.183105,-0.183105,0.061035
3027969250,0.00508118,0.00617981,-1.00799561,0.244141,-0.305176,-0.061035
3035541000,0.00500488,0.00668335,-1.00856018,0.244141,-0.305176,-0.061035
3038081833,0.00500488,0.00668335,-1.00856018,0.183105,-0.122070,-0.122070
3045356291,0.00637817,0.00778198,-1.00888062,0.183105,-0.122070,-0.122070
3047896083,0.00637817,0.00778198,-1.00888062,0.427246,-0.061035,-0.061035
3055299541,0.00650024,0.00703430,-1.00831604,0.427246,-0.061035,-0.061035
3057838333,0.00650024,0.00703430,-1.00831604,0.305176,-0.122070,-0.061035
3065435666,0.00715637,0.00712585,-1.00773621,0.305176,-0.122070,-0.061035
3067995875,0.00715637,0.00712585,-1.00773621,0.305176,-0.183105,0.061035
3075429166,0.00622559,0.00698853,-1.00814819,0.305176,-0.183105,0.061035
3077950583,0.00622559,0.00698853,-1.00814819,0.305176,-0.122070,-0.061035
3085643125,0.00663757,0.00749207,-1.00810242,0.305176,-0.122070,-0.061035
3088223666,0.00663757,0.00749207,-1.00810242,0.366211,-0.183105,0.000000
3095487375,0.00671387,0.00617981,-1.00794983,0.366211,-0.183105,0.000000
3097647791,0.00671387,0.00617981,-1.00794983,0.427246,-0.244141,0.000000
3105303583,0.00634766,0.00653076,-1.00831604,0.427246,-0.244141,0.000000
3107887375,0.00634766,0.00653076,-1.00831604,0.366211,-0.061035,-0.122070
3115558291,0.00660706,0.00715637,-1.00852966,0.366211,-0.061035,-0.122070
3118145666,0.00660706,0.00715637,-1.00852966,0.366211,0.000000,-0.122070
3125785500,0.00610352,0.00584412,-1.00794983,0.366211,0.000000,-0.122070
3128373916,0.00610352,0.00584412,-1.00794983,0.427246,-0.061035,0.000000
3136023125,0.00579834,0.00599670,-1.00827026,0.366211,-0.122070,0.000000
3146233458,0.00546265,0.00642395,-1.00811768,0.488281,-0.244141,-0.122070
3153867291,0.00737000,0.00663757,-1.00788879,0.488281,-0.244141,-0.122070
3156418750,0.00737000,0.00663757,-1.00788879,0.488281,-0.122070,0.000000
3166136916,0.00700378,0.00686646,-1.00733948,0.366211,-0.183105,0.061035
3173793208,0.00630188,0.00648499,-1.00846863,0.366211,-0.183105,0.061035
3176171916,0.00630188,0.00648499,-1.00846863,0.366211,-0.122070,0.000000
3183723916,0.00582886,0.00579834,-1.00849915,0.366211,-0.122070,0.000000
3186295458,0.00582886,0.00579834,-1.00849915,0.305176,-0.061035,0.000000
3193942083,0.00679016,0.00502014,-1.00863647,0.305176,-0.061035,0.000000
3196501208,0.00679016,0.00502014,-1.00863647,0.305176,-0.122070,-0.122070
3206246875,0.00645447,0.00601196,-1.00759888,0.427246,-0.244141,0.000000
3213919000,0.00637817,0.00708008,-1.00700378,0.427246,-0.244141,0.000000
3216496666,0.00637817,0.00708008,-1.00700378,0.305176,-0.122070,0.061035
3224294625,0.00611877,0.00712585,-1.00724792,0.305176,-0.122070,0.061035
3226863458,0.00611877,0.00712585,-1.00724792,0.122070,-0.183105,0.061035
3234449833,0.00639343,0.00598145,-1.00932312,0.122070,-0.183105,0.061035
3236987583,0.00639343,0.00598145,-1.00932312,0.427246,-0.122070,0.000000
3244297875,0.00553894,0.00651550,-1.00846863,0.427246,-0.122070,0.000000
3246832041,0.00553894,0.00651550,-1.00846863,0.305176,-0.183105,-0.183105
3254402875,0.00567627,0.00639343,-1.00497437,0.305176,-0.183105,-0.183105
3256937208,0.00567627,0.00639343,-1.00497437,0.305176,-0.061035,0.000000
3264479958,0.00613403,0.00669861,-1.00796509,0.305176,-0.061035,0.000000
3267022083,0.00613403,0.00669861,-1.00796509,0.366211,-0.122070,-0.061035
3274649875,0.00692749,0.00665283,-1.00704956,0.366211,-0.122070,-0.061035
3277185875,0.00692749,0.00665283,-1.00704956,0.488281,-0.122070,0.061035
3284761041,0.00706482,0.00617981,-1.00682068,0.488281,-0.122070,0.061035
3286987666,0.00706482,0.00617981,-1.00682068,0.488281,-0.061035,-0.061035
3294553666,0.00666809,0.00534058,-1.00686646,0.488281,-0.061035,-0.061035
3297094291,0.00666809,0.00534058,-1.00686646,0.427246,-0.122070,-0.061035
3304702791,0.00752258,0.00634766,-1.00872803,0.427246,-0.122070,-0.061035
3307240041,0.00752258,0.00634766,-1.00872803,0.366211,-0.183105,0.061035
3314809458,0.00669861,0.00657654,-1.00839233,0.366211,-0.183105,0.061035
3317343250,0.00669861,0.00657654,-1.00839233,0.244141,-0.183105,-0.183105
3324678875,0.00639343,0.00543213,-1.00779724,0.244141,-0.183105,-0.183105
3327212791,0.00639343,0.00543213,-1.00779724,0.366211,-0.122070,-0.061035
3334796666,0.00668335,0.00631714,-1.00892639,0.366211,-0.122070,-0.061035
3337346625,0.00668335,0.00631714,-1.00892639,0.366211,-0.183105,0.000000
3344975875,0.00614929,0.00724792,-1.00848389,0.366211,-0.183105,0.000000
3347407458,0.00614929,0.00724792,-1.00848389,0.427246,-0.244141,0.000000
3355013750,0.00590515,0.00712585,-1.00712585,0.427246,-0.244141,0.000000
3357555791,0.00590515,0.00712585,-1.00712585,0.366211,-0.122070,-0.061035
3365060208,0.00614929,0.00750732,-1.00744629,0.366211,-0.122070,-0.061035
3367600500,0.00614929,0.00750732,-1.00744629,0.305176,-0.244141,-0.061035
3375186833,0.00576782,0.00657654,-1.00816345,0.305176,-0.244141,-0.061035
3377727833,0.00576782,0.00657654,-1.00816345,0.366211,-0.244141,0.000000
3385359666,0.00651550,0.00633240,-1.00822449,0.366211,-0.244141,0.000000
3387884625,0.00651550,0.00633240,-1.00822449,0.183105,-0.183105,-0.122070
3395105875,0.00674438,0.00720215,-1.00712585,0.183105,-0.183105,-0.122070
3397646625,0.00674438,0.00720215,-1.00712585,0.183105,-0.122070,-0.061035
3405133750,0.00625610,0.00689697,-1.00881958,0.183105,-0.122070,-0.061035
3407676250,0.00625610,0.00689697,-1.00881958,0.244141,-0.061035,0.000000
3415009166,0.00640869,0.00642395,-1.00909424,0.244141,-0.061035,0.000000
3417553000,0.00640869,0.00642395,-1.00909424,0.244141,-0.061035,-0.061035
3424930291,0.00726318,0.00677490,-1.00749207,0.244141,-0.061035,-0.061035
3427460583,0.00726318,0.00677490,-1.00749207,0.244141,-0.183105,0.000000
3435006375,0.00727844,0.00639343,-1.00788879,0.244141,-0.183105,0.000000
3437542583,0.00727844,0.00639343,-1.00788879,0.183105,-0.366211,-0.122070
3445011750,0.00773621,0.00549316,-1.00668335,0.183105,-0.366211,-0.122070
3447551541,0.00773621,0.00549316,-1.00668335,0.305176,-0.183105,-0.061035
3455122375,0.00645447,0.00692749,-1.00679016,0.305176,-0.183105,-0.061035
3457658333,0.00645447,0.00692749,-1.00679016,0.305176,-0.183105,-0.122070
3465183083,0.00653076,0.00671387,-1.00894165,0.305176,-0.183105,-0.122070
3467713916,0.00653076,0.00671387,-1.00894165,0.183105,-0.061035,-0.122070
3475338791,0.00727844,0.00666809,-1.00866699,0.183105,-0.061035,-0.122070
3477491708,0.00727844,0.00666809,-1.00866699,0.183105,-0.183105,-0.061035
3485097791,0.00694275,0.00750732,-1.00891113,0.183105,-0.183105,-0.061035
3487683083,0.00694275,0.00750732,-1.00891113,0.244141,-0.122070,0.000000
3495306250,0.00607300,0.00700378,-1.00753784,0.244141,-0.122070,0.000000
3497748125,0.00607300,0.00700378,-1.00753784,0.244141,-0.183105,0.000000
3505161875,0.00592041,0.00785828,-1.00765991,0.244141,-0.183105,0.000000
3507710416,0.00592041,0.00785828,-1.00765991,0.244141,-0.122070,-0.061035
3515276708,0.00663757,0.00703430,-1.00698853,0.244141,-0.122070,-0.061035
3517821750,0.00663757,0.00703430,-1.00698853,0.244141,-0.122070,0.122070
3525384375,0.00555420,0.00723267,-1.00769043,0.244141,-0.122070,0.122070
3527932666,0.00555420,0.00723267,-1.00769043,0.305176,-0.183105,0.000000
3535121791,0.00578308,0.00669861,-1.00914001,0.305176,-0.183105,0.000000
3537667666,0.00578308,0.00669861,-1.00914001,0.366211,-0.061035,0.000000
3545303166,0.00598145,0.00639343,-1.00917053,0.366211,-0.061035,0.000000
3547612000,0.00598145,0.00639343,-1.00917053,0.366211,-0.183105,0.000000
3555202041,0.00648499,0.00653076,-1.00891113,0.366211,-0.183105,0.000000
3557748458,0.00648499,0.00653076,-1.00891113,0.305176,-0.183105,-0.122070
3565362708,0.00703430,0.00674438,-1.00863647,0.305176,-0.183105,-0.122070
3567921916,0.00703430,0.00674438,-1.00863647,0.427246,-0.061035,0.000000
3575693958,0.00758362,0.00575256,-1.00804138,0.427246,-0.061035,0.000000
3577783458,0.00758362,0.00575256,-1.00804138,0.549316,0.061035,-0.122070
3585379875,0.00646973,0.00531006,-1.00772095,0.549316,0.061035,-0.122070
3587924000,0.00646973,0.00531006,-1.00772095,0.305176,-0.061035,0.000000
3595528041,0.00656128,0.00561523,-1.00779724,0.305176,-0.061035,0.000000
3598075083,0.00656128,0.00561523,-1.00779724,0.366211,-0.244141,-0.061035
3605677000,0.00682068,0.00543213,-1.00796509,0.366211,-0.244141,-0.061035
3608229000,0.00682068,0.00543213,-1.00796509,0.244141,-0.305176,-0.061035
3615338958,0.00712585,0.00566101,-1.00798035,0.244141,-0.305176,-0.061035
3617891458,0.00712585,0.00566101,-1.00798035,0.366211,-0.183105,0.000000
3625484666,0.00640869,0.00665283,-1.00880432,0.366211,-0.183105,0.000000
3628026791,0.00640869,0.00665283,-1.00880432,0.305176,-0.122070,0.000000
3635455541,0.00709534,0.00711060,-1.00866699,0.305176,-0.122070,0.000000
3638005750,0.00709534,0.00711060,-1.00866699,0.305176,-0.244141,0.000000
3645623500,0.00675964,0.00703430,-1.00784302,0.305176,-0.244141,0.000000
3648176458,0.00675964,0.00703430,-1.00784302,0.305176,-0.122070,-0.061035
3655482375,0.00573730,0.00765991,-1.00842285,0.305176,-0.122070,-0.061035
3658026166,0.00573730,0.00765991,-1.00842285,0.305176,-0.061035,-0.183105
3665605416,0.00547791,0.00677490,-1.00796509,0.305176,-0.061035,-0.183105
3668151541,0.00547791,0.00677490,-1.00796509,0.305176,-0.122070,-0.061035
3675493208,0.00563049,0.00749207,-1.00819397,0.305176,-0.122070,-0.061035
3678050791,0.00563049,0.00749207,-1.00819397,0.366211,-0.183105,0.000000
3685649250,0.00569153,0.00744629,-1.00791931,0.366211,-0.183105,0.000000
3688192541,0.00569153,0.00744629,-1.00791931,0.366211,-0.061035,0.122070
3695421958,0.00555420,0.00657654,-1.00788879,0.366211,-0.061035,0.122070
3697972333,0.00555420,0.00657654,-1.00788879,0.244141,-0.061035,0.000000
3705617416,0.00691223,0.00683594,-1.00863647,0.244141,-0.061035,0.000000
3708190416,0.00691223,0.00683594,-1.00863647,0.244141,-0.183105,-0.061035
3715788000,0.00733948,0.00611877,-1.00689697,0.244141,-0.183105,-0.061035
3718329458,0.00733948,0.00611877,-1.00689697,0.305176,-0.061035,-0.061035
3725934500,0.00750732,0.00657654,-1.00660706,0.305176,-0.061035,-0.061035
3728484000,0.00750732,0.00657654,-1.00660706,0.427246,-0.244141,-0.061035
3736002666,0.00555420,0.00634766,-1.00781250,0.427246,-0.244141,-0.061035
3738555416,0.00555420,0.00634766,-1.00781250,0.366211,-0.122070,-0.061035
3746167666,0.00627136,0.00617981,-1.00859070,0.366211,-0.122070,-0.061035
3748714750,0.00627136,0.00617981,-1.00859070,0.366211,-0.122070,0.061035
3756313291,0.00640869,0.00592041,-1.00779724,0.366211,-0.122070,0.061035
3758853583,0.00640869,0.00592041,-1.00779724,0.244141,-0.122070,0.061035
3766478791,0.00665283,0.00708008,-1.00798035,0.244141,-0.122070,0.061035
3769028250,0.00665283,0.00708008,-1.00798035,0.427246,-0.183105,-0.122070
3774112541,0.00610352,0.00715637,-1.00611877,0.427246,-0.183105,-0.122070
3776690708,0.00610352,0.00715637,-1.00611877,0.244141,-0.244141,0.000000
3784324625,0.00651550,0.00608826,-1.01197815,0.244141,-0.244141,0.000000
3786884833,0.00651550,0.00608826,-1.01197815,0.305176,-0.061035,0.000000
3794486958,0.00633240,0.00683594,-1.00682068,0.305176,-0.061035,0.000000
3797048750,0.00633240,0.00683594,-1.00682068,0.427246,-0.061035,0.000000
3804274750,0.00486755,0.00694275,-1.00804138,0.427246,-0.061035,0.000000
3806827458,0.00486755,0.00694275,-1.00804138,0.244141,-0.183105,-0.061035
3814424000,0.00517273,0.00744629,-1.00724792,0.244141,-0.183105,-0.061035
3816966791,0.00517273,0.00744629,-1.00724792,0.183105,0.000000,-0.061035
3824582791,0.00462341,0.00726318,-1.00859070,0.183105,0.000000,-0.061035
3827138083,0.00462341,0.00726318,-1.00859070,0.427246,-0.183105,0.061035
3834761916,0.00569153,0.00781250,-1.00733948,0.427246,-0.183105,0.061035
3837002166,0.00569153,0.00781250,-1.00733948,0.183105,-0.183105,0.061035
3844414958,0.00650024,0.00714111,-1.00840759,0.183105,-0.183105,0.061035
3846977000,0.00650024,0.00714111,-1.00840759,0.427246,0.000000,-0.061035
3854581208,0.00814819,0.00663757,-1.00659180,0.427246,0.000000,-0.061035
3857119625,0.00814819,0.00663757,-1.00659180,0.427246,-0.061035,-0.061035
3864901208,0.00828552,0.00737000,-1.00671387,0.427246,-0.061035,-0.061035
3867503166,0.00828552,0.00737000,-1.00671387,0.549316,-0.183105,-0.061035
3875164916,0.00663757,0.00599670,-1.00895691,0.549316,-0.183105,-0.061035
3877726416,0.00663757,0.00599670,-1.00895691,0.366211,-0.183105,-0.061035
3885355625,0.00599670,0.00621033,-1.00671387,0.366211,-0.183105,-0.061035
3887886583,0.00599670,0.00621033,-1.00671387,0.305176,-0.244141,0.061035
3895246250,0.00708008,0.00666809,-1.00564575,0.305176,-0.244141,0.061035
3897804583,0.00708008,0.00666809,-1.00564575,0.244141,-0.244141,-0.061035
3905366458,0.00706482,0.00544739,-1.00845337,0.244141,-0.244141,-0.061035
3907904166,0.00706482,0.00544739,-1.00845337,0.244141,-0.061035,0.000000
3915432541,0.00669861,0.00567627,-1.00807190,0.244141,-0.061035,0.000000
3917990916,0.00669861,0.00567627,-1.00807190,0.244141,-0.122070,0.000000
3925580916,0.00570679,0.00640869,-1.00770569,0.244141,-0.122070,0.000000
3928119708,0.00570679,0.00640869,-1.00770569,0.183105,-0.244141,0.000000
3935436208,0.00523376,0.00654602,-1.00701904,0.183105,-0.244141,0.000000
3937881750,0.00523376,0.00654602,-1.00701904,0.244141,-0.122070,-0.122070
3945010250,0.00466919,0.00654602,-1.00813293,0.244141,-0.122070,-0.122070
3947541000,0.00466919,0.00654602,-1.00813293,0.366211,-0.061035,0.000000
3955179083,0.00485229,0.00712585,-1.00834656,0.366211,-0.061035,0.000000
3957718708,0.00485229,0.00712585,-1.00834656,0.488281,-0.183105,0.000000
3965317583,0.00477600,0.00659180,-1.00781250,0.488281,-0.183105,0.000000
3967861708,0.00477600,0.00659180,-1.00781250,0.183105,-0.183105,0.000000
3975486208,0.00529480,0.00703430,-1.00793457,0.183105,-0.183105,0.000000
3978043916,0.00529480,0.00703430,-1.00793457,0.305176,-0.122070,-0.061035
3985613833,0.00599670,0.00682068,-1.00909424,0.305176,-0.122070,-0.061035
3988170250,0.00599670,0.00682068,-1.00909424,0.488281,-0.183105,-0.061035
3995651708,0.00686646,0.00645447,-1.00802612,0.488281,-0.183105,-0.061035
3998200375,0.00686646,0.00645447,-1.00802612,0.366211,-0.122070,0.000000
4005818958,0.00762939,0.00646973,-1.00750732,0.366211,-0.122070,0.000000
4008376416,0.00762939,0.00646973,-1.00750732,0.244141,-0.122070,0.000000
4015970333,0.00714111,0.00621033,-1.00746155,0.244141,-0.122070,0.000000
4018511625,0.00714111,0.00621033,-1.00746155,0.488281,-0.122070,-0.061035
4026123000,0.00636292,0.00547791,-1.00817871,0.488281,-0.122070,-0.061035
4028535875,0.00636292,0.00547791,-1.00817871,0.244141,-0.183105,0.061035
4036142125,0.00726318,0.00555420,-1.00875854,0.244141,-0.183105,0.061035
4038690750,0.00726318,0.00555420,-1.00875854,0.366211,-0.122070,-0.122070
4046317791,0.00694275,0.00605774,-1.00801086,0.366211,-0.122070,-0.122070
4048868958,0.00694275,0.00605774,-1.00801086,0.366211,-0.244141,0.000000
4056091666,0.00688171,0.00708008,-1.00814819,0.366211,-0.244141,0.000000
4058652500,0.00688171,0.00708008,-1.00814819,0.427246,-0.122070,0.061035
4066091750,0.00636292,0.00692749,-1.00848389,0.427246,-0.122070,0.061035
4068641000,0.00636292,0.00692749,-1.00848389,0.427246,-0.244141,-0.061035
4075986750,0.00588989,0.00706482,-1.00718689,0.427246,-0.244141,-0.061035
4078543208,0.00588989,0.00706482,-1.00718689,0.427246,-0.122070,0.000000
4086132583,0.00584412,0.00711060,-1.00698853,0.427246,-0.122070,0.000000
4088679125,0.00584412,0.00711060,-1.00698853,0.366211,-0.122070,-0.061035
4096277750,0.00543213,0.00665283,-1.00772095,0.366211,-0.122070,-0.061035
4098850208,0.00543213,0.00665283,-1.00772095,0.305176,-0.305176,-0.122070
4106478041,0.00590515,0.00668335,-1.00772095,0.305176,-0.305176,-0.122070
4109032916,0.00590515,0.00668335,-1.00772095,0.549316,-0.061035,0.061035
4116649375,0.00611877,0.00621033,-1.00782776,0.549316,-0.061035,0.061035
4119218333,0.00611877,0.00621033,-1.00782776,0.366211,-0.183105,0.061035
4126516083,0.00689697,0.00666809,-1.00862122,0.366211,-0.183105,0.061035
4129074083,0.00689697,0.00666809,-1.00862122,0.183105,-0.061035,-0.061035
4136380666,0.00729370,0.00599670,-1.00866699,0.183105,-0.061035,-0.061035
4138931291,0.00729370,0.00599670,-1.00866699,0.366211,-0.183105,0.061035
4146313541,0.00622559,0.00611877,-1.00807190,0.366211,-0.183105,0.061035
4148880250,0.00622559,0.00611877,-1.00807190,0.427246,-0.244141,0.000000
4156489875,0.00685120,0.00674438,-1.00790405,0.427246,-0.244141,0.000000
4159043125,0.00685120,0.00674438,-1.00790405,0.183105,-0.244141,0.000000
4166656041,0.00711060,0.00674438,-1.00807190,0.183105,-0.244141,0.000000
4168903750,0.00711060,0.00674438,-1.00807190,0.305176,-0.183105,-0.122070
4176536958,0.00733948,0.00671387,-1.00868225,0.305176,-0.183105,-0.122070
4179099541,0.00733948,0.00671387,-1.00868225,0.366211,-0.122070,0.000000
4186724291,0.00578308,0.00608826,-1.00793457,0.366211,-0.122070,0.000000
4189279250,0.00578308,0.00608826,-1.00793457,0.244141,-0.122070,-0.061035
4196427375,0.00582886,0.00613403,-1.00813293,0.244141,-0.122070,-0.061035
4199011500,0.00582886,0.00613403,-1.00813293,0.366211,-0.183105,0.000000
4206339041,0.00584412,0.00642395,-1.00770569,0.366211,-0.183105,0.000000
4208908125,0.00584412,0.00642395,-1.00770569,0.305176,-0.122070,-0.061035
4216204000,0.00607300,0.00646973,-1.00781250,0.305176,-0.122070,-0.061035
4218754791,0.00607300,0.00646973,-1.00781250,0.305176,-0.122070,0.000000
4226099416,0.00671387,0.00639343,-1.00732422,0.305176,-0.122070,0.000000
4228648000,0.00671387,0.00639343,-1.00732422,0.366211,-0.183105,-0.061035
4236235000,0.00686646,0.00671387,-1.00923157,0.366211,-0.183105,-0.061035
4238796500,0.00686646,0.00671387,-1.00923157,0.366211,-0.183105,-0.061035
4246396333,0.00593567,0.00610352,-1.00883484,0.366211,-0.183105,-0.061035
4248940250,0.00593567,0.00610352,-1.00883484,0.305176,-0.122070,0.000000
4256187583,0.00415039,0.00646973,-1.00779724,0.305176,-0.122070,0.000000
4258743833,0.00415039,0.00646973,-1.00779724,0.244141,-0.183105,-0.183105
4266169833,0.00604248,0.00665283,-1.00701904,0.244141,-0.183105,-0.183105
4268542041,0.00604248,0.00665283,-1.00701904,0.427246,-0.244141,-0.061035
4276173041,0.00650024,0.00607300,-1.00714111,0.427246,-0.244141,-0.061035
4278739125,0.00650024,0.00607300,-1.00714111,0.244141,-0.183105,0.000000
4286370125,0.00700378,0.00611877,-1.00804138,0.244141,-0.183105,0.000000
4288946916,0.00700378,0.00611877,-1.00804138,0.427246,-0.061035,0.000000
4296580250,0.00639343,0.00735474,-1.00791931,0.427246,-0.061035,0.000000
4299138750,0.00639343,0.00735474,-1.00791931,0.366211,-0.183105,0.061035
4306813083,0.00627136,0.00651550,-1.00773621,0.366211,-0.183105,0.061035
4309388500,0.00627136,0.00651550,-1.00773621,0.427246,-0.183105,0.000000
4317072541,0.00622559,0.00704956,-1.00761414,0.244141,-0.061035,-0.061035
4324739500,0.00604248,0.00633240,-1.00703430,0.244141,-0.061035,-0.061035
4327295791,0.00604248,0.00633240,-1.00703430,0.366211,-0.061035,-0.183105
4334710833,0.00645447,0.00689697,-1.00697327,0.366211,-0.061035,-0.183105
4337272375,0.00645447,0.00689697,-1.00697327,0.305176,-0.061035,0.061035
4344781291,0.00669861,0.00604248,-1.00640869,0.305176,-0.061035,0.061035
4347343583,0.00669861,0.00604248,-1.00640869,0.244141,-0.183105,0.000000
4354954708,0.00749207,0.00595093,-1.00776672,0.244141,-0.183105,0.000000
4357502041,0.00749207,0.00595093,-1.00776672,0.305176,-0.183105,-0.061035
4365103208,0.00604248,0.00685120,-1.00880432,0.305176,-0.183105,-0.061035
4367656250,0.00604248,0.00685120,-1.00880432,0.183105,-0.244141,0.061035
4374950500,0.00563049,0.00740051,-1.00814819,0.183105,-0.244141,0.061035
4377510625,0.00563049,0.00740051,-1.00814819,0.366211,-0.061035,0.000000
4385109166,0.00566101,0.00669861,-1.00733948,0.366211,-0.061035,0.000000
4387649458,0.00566101,0.00669861,-1.00733948,0.366211,-0.305176,-0.183105
4397214791,0.00538635,0.00674438,-1.00761414,0.549316,-0.183105,-0.122070
4404831708,0.00659180,0.00695801,-1.00837708,0.549316,-0.183105,-0.122070
4407236000,0.00659180,0.00695801,-1.00837708,0.244141,-0.122070,-0.061035
4414841250,0.00741577,0.00672913,-1.00727844,0.244141,-0.122070,-0.061035
4417382250,0.00741577,0.00672913,-1.00727844,0.244141,-0.061035,-0.061035
4425008041,0.00706482,0.00718689,-1.00698853,0.244141,-0.061035,-0.061035
4427568125,0.00706482,0.00718689,-1.00698853,0.305176,-0.183105,-0.061035
4435157708,0.00621033,0.00566101,-1.00874329,0.305176,-0.183105,-0.061035
4437700125,0.00621033,0.00566101,-1.00874329,0.366211,-0.183105,-0.061035
4445315125,0.00683594,0.00650024,-1.00804138,0.366211,-0.183105,-0.061035
4447863833,0.00683594,0.00650024,-1.00804138,0.305176,-0.244141,0.000000
4455001000,0.00695801,0.00698853,-1.00885010,0.305176,-0.244141,0.000000
4457556125,0.00695801,0.00698853,-1.00885010,0.427246,-0.122070,-0.122070
4465144000,0.00657654,0.00572205,-1.00752258,0.427246,-0.122070,-0.122070
4467682541,0.00657654,0.00572205,-1.00752258,0.305176,-0.122070,-0.061035
4475310875,0.00677490,0.00654602,-1.00746155,0.305176,-0.122070,-0.061035
4477867666,0.00677490,0.00654602,-1.00746155,0.366211,-0.244141,-0.061035
4485463166,0.00668335,0.00683594,-1.00793457,0.366211,-0.244141,-0.061035
4488010166,0.00668335,0.00683594,-1.00793457,0.183105,-0.244141,-0.061035
4495349625,0.00685120,0.00672913,-1.00837708,0.183105,-0.244141,-0.061035
4497902708,0.00685120,0.00672913,-1.00837708,0.366211,-0.183105,0.000000
4505507458,0.00672913,0.00779724,-1.00686646,0.366211,-0.183105,0.000000
4507652416,0.00672913,0.00779724,-1.00686646,0.244141,-0.305176,0.000000
4515251458,0.00660706,0.00627136,-1.00756836,0.244141,-0.305176,0.000000
4517794125,0.00660706,0.00627136,-1.00756836,0.305176,-0.183105,-0.061035
4525295875,0.00654602,0.00619507,-1.00842285,0.305176,-0.183105,-0.061035
4527406500,0.00654602,0.00619507,-1.00842285,0.305176,-0.183105,0.061035
4535003541,0.00662231,0.00666809,-1.00730896,0.305176,-0.183105,0.061035
4537557416,0.00662231,0.00666809,-1.00730896,0.366211,-0.366211,0.000000
4545181958,0.00614929,0.00721741,-1.00849915,0.366211,-0.366211,0.000000
4547735250,0.00614929,0.00721741,-1.00849915,0.305176,-0.122070,0.122070
4555342666,0.00738525,0.00688171,-1.00784302,0.305176,-0.122070,0.122070
4557886625,0.00738525,0.00688171,-1.00784302,0.305176,-0.244141,-0.122070
4565486000,0.00643921,0.00666809,-1.00752258,0.305176,-0.244141,-0.122070
4568027166,0.00643921,0.00666809,-1.00752258,0.366211,-0.122070,0.000000
4575645791,0.00596619,0.00627136,-1.00717163,0.366211,-0.122070,0.000000
4578206708,0.00596619,0.00627136,-1.00717163,0.488281,-0.122070,0.000000
4585825583,0.00611877,0.00671387,-1.00764465,0.488281,-0.122070,0.000000
4588370791,0.00611877,0.00671387,-1.00764465,0.244141,-0.122070,-0.061035
4595953250,0.00476074,0.00674438,-1.00762939,0.244141,-0.122070,-0.061035
4598239791,0.00476074,0.00674438,-1.00762939,0.427246,-0.122070,0.000000
4605847916,0.00532532,0.00711060,-1.00755310,0.427246,-0.122070,0.000000
4608402750,0.00532532,0.00711060,-1.00755310,0.366211,-0.122070,-0.061035
4616010958,0.00688171,0.00648499,-1.00813293,0.366211,-0.122070,-0.061035
4618587375,0.00688171,0.00648499,-1.00813293,0.244141,-0.183105,0.000000
4626270916,0.00727844,0.00639343,-1.00842285,0.244141,-0.183105,0.000000
4628834958,0.00727844,0.00639343,-1.00842285,0.183105,-0.183105,-0.122070
4636454083,0.00723267,0.00566101,-1.00794983,0.183105,-0.183105,-0.122070
4639012583,0.00723267,0.00566101,-1.00794983,0.305176,-0.183105,-0.061035
4646327416,0.00669861,0.00617981,-1.00761414,0.305176,-0.183105,-0.061035
4648881791,0.00669861,0.00617981,-1.00761414,0.305176,-0.244141,-0.061035
4656256791,0.00628662,0.00634766,-1.00901794,0.305176,-0.244141,-0.061035
4658796208,0.00628662,0.00634766,-1.00901794,0.305176,-0.122070,-0.122070
4666104833,0.00675964,0.00601196,-1.00845337,0.305176,-0.122070,-0.122070
4668669000,0.00675964,0.00601196,-1.00845337,0.305176,-0.183105,0.000000
4676285541,0.00648499,0.00668335,-1.00749207,0.305176,-0.183105,0.000000
4678833375,0.00648499,0.00668335,-1.00749207,0.366211,-0.122070,0.000000
4686438125,0.00601196,0.00743103,-1.00816345,0.366211,-0.122070,0.000000
4688991625,0.00601196,0.00743103,-1.00816345,0.366211,-0.244141,-0.122070
4696602875,0.00573730,0.00723267,-1.00756836,0.366211,-0.244141,-0.122070
4699152791,0.00573730,0.00723267,-1.00756836,0.305176,-0.183105,-0.061035
4706766375,0.00634766,0.00724792,-1.00773621,0.305176,-0.183105,-0.061035
4708848458,0.00634766,0.00724792,-1.00773621,0.427246,-0.122070,-0.061035
4716461875,0.00645447,0.00711060,-1.00727844,0.427246,-0.122070,-0.061035
4719003416,0.00645447,0.00711060,-1.00727844,0.305176,-0.122070,-0.122070
4726599916,0.00675964,0.00683594,-1.00761414,0.305176,-0.122070,-0.122070
4729151000,0.00675964,0.00683594,-1.00761414,0.427246,-0.122070,-0.122070
4736696875,0.00646973,0.00607300,-1.00758362,0.427246,-0.122070,-0.122070
4739271583,0.00646973,0.00607300,-1.00758362,0.305176,-0.305176,-0.061035
4746896333,0.00773621,0.00654602,-1.00897217,0.305176,-0.305176,-0.061035
4749441166,0.00773621,0.00654602,-1.00897217,0.244141,-0.183105,0.183105
4757039125,0.00668335,0.00650024,-1.00854492,0.244141,-0.183105,0.183105
4759598333,0.00668335,0.00650024,-1.00854492,0.366211,-0.061035,0.000000
4764722125,0.00666809,0.00727844,-1.00727844,0.366211,-0.061035,0.000000
4769843916,0.00666809,0.00727844,-1.00727844,0.305176,-0.122070,0.000000
4777150291,0.00744629,0.00651550,-1.00781250,0.305176,-0.122070,0.000000
4779731916,0.00744629,0.00651550,-1.00781250,0.549316,-0.183105,0.061035
4784750083,0.00631714,0.00671387,-1.00834656,0.549316,-0.183105,0.061035
4789826333,0.00631714,0.00671387,-1.00834656,0.305176,-0.122070,-0.061035
4797092166,0.00639343,0.00616455,-1.00750732,0.305176,-0.122070,-0.061035
4799644166,0.00639343,0.00616455,-1.00750732,0.305176,-0.183105,0.000000
4804749208,0.00573730,0.00680542,-1.00804138,0.305176,-0.183105,0.000000
4809841916,0.00573730,0.00680542,-1.00804138,0.366211,-0.244141,0.000000
4814916333,0.00559998,0.00712585,-1.00866699,0.366211,-0.244141,0.000000
4819982958,0.00559998,0.00712585,-1.00866699,0.244141,-0.183105,-0.122070
4825050250,0.00634766,0.00610352,-1.00834656,0.244141,-0.183105,-0.122070
4830129833,0.00634766,0.00610352,-1.00834656,0.244141,-0.061035,0.000000
4835218708,0.00704956,0.00680542,-1.00767517,0.244141,-0.061035,0.000000
4837776166,0.00704956,0.00680542,-1.00767517,0.366211,-0.183105,-0.122070
4845060875,0.00595093,0.00740051,-1.00915527,0.366211,-0.183105,-0.122070
4847618208,0.00595093,0.00740051,-1.00915527,0.244141,-0.244141,-0.122070
4857297750,0.00642395,0.00660706,-1.00811768,0.244141,-0.244141,-0.122070
4859846416,0.00642395,0.00660706,-1.00811768,0.305176,-0.122070,-0.061035
4864915708,0.00724792,0.00650024,-1.00726318,0.305176,-0.122070,-0.061035
4869830916,0.00724792,0.00650024,-1.00726318,0.305176,-0.183105,-0.061035
4874911458,0.00660706,0.00593567,-1.00633240,0.305176,-0.183105,-0.061035
4879987583,0.00660706,0.00593567,-1.00633240,0.427246,-0.122070,0.061035
4885072625,0.00723267,0.00637817,-1.00767517,0.427246,-0.122070,0.061035
4889755416,0.00723267,0.00637817,-1.00767517,0.244141,-0.122070,-0.122070
4894860250,0.00624084,0.00686646,-1.00712585,0.244141,-0.122070,-0.122070
4899715541,0.00624084,0.00686646,-1.00712585,0.366211,0.000000,0.000000
4907359750,0.00619507,0.00619507,-1.00801086,0.366211,0.000000,0.000000
4909918875,0.00619507,0.00619507,-1.00801086,0.305176,-0.183105,0.000000
4914987125,0.00650024,0.00624084,-1.00897217,0.305176,-0.183105,0.000000
4920060250,0.00650024,0.00624084,-1.00897217,0.244141,-0.183105,0.000000
4925142833,0.00680542,0.00631714,-1.00730896,0.244141,-0.183105,0.000000
4927700125,0.00680542,0.00631714,-1.00730896,0.366211,-0.183105,-0.061035
4935042583,0.00708008,0.00643921,-1.00793457,0.366211,-0.183105,-0.061035
4940196666,0.00708008,0.00643921,-1.00793457,0.305176,-0.122070,0.000000
4945295708,0.00614929,0.00631714,-1.00836182,0.305176,-0.122070,0.000000
4947838708,0.00614929,0.00631714,-1.00836182,0.244141,-0.183105,-0.061035
4955440041,0.00659180,0.00697327,-1.00880432,0.244141,-0.183105,-0.061035
4957985166,0.00659180,0.00697327,-1.00880432,0.305176,-0.122070,-0.122070
4965464500,0.00733948,0.00625610,-1.00738525,0.305176,-0.122070,-0.122070
4970193250,0.00733948,0.00625610,-1.00738525,0.305176,-0.244141,0.061035
4975095375,0.00614929,0.00622559,-1.00761414,0.305176,-0.244141,0.061035
4977686958,0.00614929,0.00622559,-1.00761414,0.305176,-0.183105,0.061035
4985144375,0.00602722,0.00657654,-1.00764465,0.305176,-0.183105,0.061035
4987730916,0.00602722,0.00657654,-1.00764465,0.305176,-0.122070,0.000000
4995196833,0.00689697,0.00720215,-1.00778198,0.305176,-0.122070,0.000000
4997748583,0.00689697,0.00720215,-1.00778198,0.366211,-0.183105,-0.061035
5005359291,0.00619507,0.00608826,-1.00779724,0.366211,-0.183105,-0.061035
5007734041,0.00619507,0.00608826,-1.00779724,0.366211,-0.183105,0.061035
5015460166,0.00593567,0.00559998,-1.00764465,0.366211,-0.183105,0.061035
5018001375,0.00593567,0.00559998,-1.00764465,0.427246,-0.183105,-0.061035
5025468458,0.00588989,0.00663757,-1.00721741,0.427246,-0.183105,-0.061035
5028016125,0.00588989,0.00663757,-1.00721741,0.366211,-0.183105,0.122070
5035610791,0.00714111,0.00621033,-1.00741577,0.366211,-0.183105,0.122070
5038160875,0.00714111,0.00621033,-1.00741577,0.244141,-0.183105,-0.061035
5045781666,0.00750732,0.00573730,-1.00798035,0.244141,-0.183105,-0.061035
5048348666,0.00750732,0.00573730,-1.00798035,0.366211,-0.183105,-0.122070
5055837583,0.00709534,0.00674438,-1.00796509,0.366211,-0.183105,-0.122070
5058382250,0.00709534,0.00674438,-1.00796509,0.366211,-0.061035,0.000000
5065998666,0.00604248,0.00599670,-1.00675964,0.366211,-0.061035,0.000000
5068547208,0.00604248,0.00599670,-1.00675964,0.183105,-0.183105,-0.061035
5076194125,0.00595093,0.00592041,-1.00759888,0.183105,-0.183105,-0.061035
5078659416,0.00595093,0.00592041,-1.00759888,0.244141,-0.305176,-0.061035
5086187750,0.00686646,0.00590515,-1.00801086,0.244141,-0.305176,-0.061035
5088747000,0.00686646,0.00590515,-1.00801086,0.305176,-0.183105,0.061035
5096349458,0.00616455,0.00663757,-1.00779724,0.305176,-0.183105,0.061035
5098893208,0.00616455,0.00663757,-1.00779724,0.305176,-0.305176,-0.122070
5106508958,0.00663757,0.00643921,-1.00721741,0.305176,-0.305176,-0.122070
5109062166,0.00663757,0.00643921,-1.00721741,0.366211,-0.122070,0.061035
5116686875,0.00660706,0.00671387,-1.00796509,0.366211,-0.122070,0.061035
5119241333,0.00660706,0.00671387,-1.00796509,0.366211,-0.244141,-0.061035
5126231208,0.00659180,0.00741577,-1.00762939,0.366211,-0.244141,-0.061035
5128784375,0.00659180,0.00741577,-1.00762939,0.305176,-0.183105,0.000000
5136385708,0.00578308,0.00717163,-1.00866699,0.305176,-0.183105,0.000000
5138955291,0.00578308,0.00717163,-1.00866699,0.305176,-0.244141,0.000000
5146571541,0.00605774,0.00637817,-1.00891113,0.305176,-0.244141,0.000000
5149127166,0.00605774,0.00637817,-1.00891113,0.305176,-0.122070,-0.122070
5156723083,0.00622559,0.00788879,-1.00833130,0.305176,-0.122070,-0.122070
5159261958,0.00622559,0.00788879,-1.00833130,0.183105,-0.244141,-0.061035
5166877500,0.00611877,0.00677490,-1.00799561,0.183105,-0.244141,-0.061035
5169445166,0.00611877,0.00677490,-1.00799561,0.183105,-0.122070,0.061035
5177070250,0.00582886,0.00622559,-1.00723267,0.183105,-0.122070,0.061035
5179619083,0.00582886,0.00622559,-1.00723267,0.183105,-0.122070,0.122070
5186992833,0.00569153,0.00625610,-1.00820923,0.183105,-0.122070,0.122070
5189538625,0.00569153,0.00625610,-1.00820923,0.305176,0.000000,-0.061035
5197128708,0.00671387,0.00602722,-1.00808716,0.305176,0.000000,-0.061035
5199673750,0.00671387,0.00602722,-1.00808716,0.305176,-0.183105,-0.122070
5207021166,0.00718689,0.00636292,-1.00747681,0.305176,-0.183105,-0.122070
5209489083,0.00718689,0.00636292,-1.00747681,0.366211,-0.183105,-0.122070
5217088166,0.00605774,0.00633240,-1.00738525,0.366211,-0.183105,-0.122070
5219645333,0.00605774,0.00633240,-1.00738525,0.366211,-0.183105,0.000000
5227256333,0.00630188,0.00642395,-1.00723267,0.366211,-0.183105,0.000000
5229813416,0.00630188,0.00642395,-1.00723267,0.305176,-0.183105,0.000000
5237430666,0.00630188,0.00730896,-1.00738525,0.305176,-0.183105,0.000000
5239990208,0.00630188,0.00730896,-1.00738525,0.305176,-0.183105,0.000000
5247632666,0.00709534,0.00715637,-1.00714111,0.366211,-0.122070,-0.061035
5255233958,0.00683594,0.00587463,-1.00767517,0.366211,-0.122070,-0.061035
5257677750,0.00683594,0.00587463,-1.00767517,0.183105,-0.244141,-0.122070
5265292875,0.00668335,0.00750732,-1.00834656,0.183105,-0.244141,-0.122070
5270106083,0.00668335,0.00750732,-1.00834656,0.305176,-0.183105,-0.061035
5275225666,0.00592041,0.00796509,-1.00822449,0.305176,-0.183105,-0.061035
5277773125,0.00592041,0.00796509,-1.00822449,0.366211,-0.122070,-0.122070
5285393625,0.00657654,0.00723267,-1.00698853,0.366211,-0.122070,-0.122070
5287943250,0.00657654,0.00723267,-1.00698853,0.366211,-0.122070,0.000000
5295254250,0.00637817,0.00674438,-1.00772095,0.366211,-0.122070,0.000000
5297809500,0.00637817,0.00674438,-1.00772095,0.366211,-0.122070,-0.061035
5305434208,0.00566101,0.00683594,-1.00761414,0.366211,-0.122070,-0.061035
5307994583,0.00566101,0.00683594,-1.00761414,0.366211,-0.183105,-0.061035
5315562791,0.00714111,0.00682068,-1.00833130,0.366211,-0.183105,-0.061035
5318105333,0.00714111,0.00682068,-1.00833130,0.244141,-0.183105,-0.061035
5325715916,0.00650024,0.00698853,-1.00785828,0.244141,-0.183105,-0.061035
5328277625,0.00650024,0.00698853,-1.00785828,0.488281,-0.183105,0.000000
5335212541,0.00657654,0.00605774,-1.00837708,0.488281,-0.183105,0.000000
5337784208,0.00657654,0.00605774,-1.00837708,0.305176,-0.061035,-0.061035
5345415750,0.00700378,0.00570679,-1.00715637,0.305176,-0.061035,-0.061035
5347973250,0.00700378,0.00570679,-1.00715637,0.427246,-0.122070,0.000000
5355590541,0.00631714,0.00550842,-1.00770569,0.427246,-0.122070,0.000000
5358139375,0.00631714,0.00550842,-1.00770569,0.366211,-0.183105,0.061035
5365730666,0.00622559,0.00654602,-1.00875854,0.366211,-0.183105,0.061035
5368285333,0.00622559,0.00654602,-1.00875854,0.305176,-0.122070,-0.061035
5375906666,0.00492859,0.00689697,-1.00801086,0.305176,-0.122070,-0.061035
5378462416,0.00492859,0.00689697,-1.00801086,0.305176,-0.061035,-0.061035
5386069541,0.00558472,0.00680542,-1.00677490,0.305176,-0.061035,-0.061035
5388617291,0.00558472,0.00680542,-1.00677490,0.427246,0.000000,-0.061035
5396205958,0.00602722,0.00666809,-1.00778198,0.427246,0.000000,-0.061035
5398748750,0.00602722,0.00666809,-1.00778198,0.183105,-0.244141,-0.061035
5406381833,0.00650024,0.00755310,-1.00842285,0.183105,-0.244141,-0.061035
5408963083,0.00650024,0.00755310,-1.00842285,0.183105,-0.183105,0.000000
5416567875,0.00579834,0.00761414,-1.00808716,0.183105,-0.183105,0.000000
5419111208,0.00579834,0.00761414,-1.00808716,0.488281,-0.061035,0.000000
5426731791,0.00628662,0.00714111,-1.00718689,0.488281,-0.061035,0.000000
5429279500,0.00628662,0.00714111,-1.00718689,0.305176,-0.122070,-0.061035
5436640875,0.00610352,0.00695801,-1.00785828,0.305176,-0.122070,-0.061035
5439206791,0.00610352,0.00695801,-1.00785828,0.305176,-0.061035,0.000000
5446800708,0.00727844,0.00650024,-1.00842285,0.305176,-0.061035,0.000000
5449336708,0.00727844,0.00650024,-1.00842285,0.488281,-0.183105,0.000000
5456916333,0.00706482,0.00601196,-1.00791931,0.488281,-0.183105,0.000000
5459460583,0.00706482,0.00601196,-1.00791931,0.366211,-0.183105,0.000000
5467035500,0.00668335,0.00576782,-1.00874329,0.366211,-0.183105,0.000000
5469572750,0.00668335,0.00576782,-1.00874329,0.305176,-0.183105,0.000000
5477183708,0.00605774,0.00753784,-1.00843811,0.305176,-0.183105,0.000000
5479733041,0.00605774,0.00753784,-1.00843811,0.366211,-0.305176,-0.061035
5487335041,0.00679016,0.00709534,-1.00753784,0.366211,-0.305176,-0.061035
5489888541,0.00679016,0.00709534,-1.00753784,0.366211,-0.122070,-0.061035
5497511166,0.00700378,0.00643921,-1.00733948,0.366211,-0.122070,-0.061035
5499590166,0.00700378,0.00643921,-1.00733948,0.244141,-0.244141,-0.183105
5506893666,0.00602722,0.00621033,-1.00875854,0.244141,-0.244141,-0.183105
5509451500,0.00602722,0.00621033,-1.00875854,0.305176,-0.183105,0.061035
5516541541,0.00692749,0.00775146,-1.00827026,0.305176,-0.183105,0.061035
5519090708,0.00692749,0.00775146,-1.00827026,0.305176,-0.244141,0.000000
5526690250,0.00813293,0.00740051,-1.00794983,0.305176,-0.244141,0.000000
5529095333,0.00813293,0.00740051,-1.00794983,0.305176,0.061035,0.061035
5536421541,0.00631714,0.00656128,-1.00852966,0.305176,0.061035,0.061035
5538981375,0.00631714,0.00656128,-1.00852966,0.305176,0.061035,0.061035
5546623500,0.00685120,0.00685120,-1.00895691,0.305176,0.061035,0.061035
5549171458,0.00685120,0.00685120,-1.00895691,0.366211,-0.183105,-0.122070
5556764708,0.00680542,0.00747681,-1.00903320,0.366211,-0.183105,-0.122070
5559316625,0.00680542,0.00747681,-1.00903320,0.488281,-0.061035,0.061035
5566929708,0.00779724,0.00660706,-1.00729370,0.488281,-0.061035,0.061035
5569477041,0.00779724,0.00660706,-1.00729370,0.305176,-0.305176,-0.061035
5577091416,0.00825500,0.00556946,-1.00695801,0.305176,-0.305176,-0.061035
5579638083,0.00825500,0.00556946,-1.00695801,0.305176,-0.244141,-0.061035
5587226375,0.00604248,0.00634766,-1.00816345,0.305176,-0.244141,-0.061035
5589355083,0.00604248,0.00634766,-1.00816345,0.244141,-0.122070,0.000000
5596960375,0.00602722,0.00614929,-1.00811768,0.244141,-0.122070,0.000000
5599526500,0.00602722,0.00614929,-1.00811768,0.244141,-0.183105,-0.061035
5607142708,0.00541687,0.00614929,-1.00750732,0.244141,-0.183105,-0.061035
5609524958,0.00541687,0.00614929,-1.00750732,0.305176,-0.183105,0.061035
5617111916,0.00747681,0.00622559,-1.00761414,0.305176,-0.183105,0.061035
5619647541,0.00747681,0.00622559,-1.00761414,0.183105,-0.183105,-0.122070
5627291375,0.00650024,0.00593567,-1.00743103,0.183105,-0.183105,-0.122070
5629822125,0.00650024,0.00593567,-1.00743103,0.305176,-0.122070,0.000000
5637393125,0.00576782,0.00650024,-1.00743103,0.305176,-0.122070,0.000000
5639909625,0.00576782,0.00650024,-1.00743103,0.366211,-0.122070,0.061035
5647437291,0.00619507,0.00704956,-1.00750732,0.366211,-0.122070,0.061035
5649953958,0.00619507,0.00704956,-1.00750732,0.427246,-0.122070,-0.061035
5657649041,0.00660706,0.00701904,-1.00729370,0.427246,-0.122070,-0.061035
5660175500,0.00660706,0.00701904,-1.00729370,0.305176,-0.183105,0.000000
5667708375,0.00570679,0.00636292,-1.00720215,0.305176,-0.183105,0.000000
5670224333,0.00570679,0.00636292,-1.00720215,0.427246,-0.183105,-0.122070
5677754458,0.00532532,0.00634766,-1.00737000,0.427246,-0.183105,-0.122070
5680270750,0.00532532,0.00634766,-1.00737000,0.366211,-0.122070,0.000000
5687801166,0.00604248,0.00639343,-1.00817871,0.366211,-0.122070,0.000000
5690368333,0.00604248,0.00639343,-1.00817871,0.366211,-0.183105,-0.122070
5698034375,0.00575256,0.00674438,-1.00770569,0.427246,0.000000,0.061035
5708020791,0.00581360,0.00698853,-1.00842285,0.366211,-0.061035,-0.061035
5718113625,0.00656128,0.00653076,-1.00720215,0.244141,-0.122070,0.122070
5727891291,0.00650024,0.00675964,-1.00819397,0.244141,-0.122070,0.122070
5730450250,0.00650024,0.00675964,-1.00819397,0.244141,-0.122070,-0.061035
5738045166,0.00663757,0.00816345,-1.00804138,0.366211,-0.061035,-0.061035
5748185416,0.00654602,0.00698853,-1.00791931,0.244141,-0.183105,0.000000
5755821875,0.00712585,0.00659180,-1.00784302,0.244141,-0.183105,0.000000
5758371750,0.00712585,0.00659180,-1.00784302,0.366211,-0.183105,0.061035
5765718458,0.00785828,0.00633240,-1.00938416,0.366211,-0.183105,0.061035
5768285750,0.00785828,0.00633240,-1.00938416,0.305176,-0.122070,-0.061035
5778147333,0.00630188,0.00584412,-1.00856018,0.427246,-0.061035,0.000000
5785746250,0.00584412,0.00599670,-1.00790405,0.427246,-0.061035,0.000000
5788285916,0.00584412,0.00599670,-1.00790405,0.427246,-0.244141,-0.061035
5795882208,0.00709534,0.00662231,-1.00924683,0.427246,-0.244141,-0.061035
5798423500,0.00709534,0.00662231,-1.00924683,0.305176,-0.122070,0.000000
5806034416,0.00602722,0.00650024,-1.00828552,0.305176,-0.122070,0.000000
5808110083,0.00602722,0.00650024,-1.00828552,0.061035,-0.183105,-0.183105
5817743583,0.00593567,0.00619507,-1.00794983,0.061035,-0.183105,-0.183105
5820291291,0.00593567,0.00619507,-1.00794983,0.366211,-0.122070,-0.122070
5827914875,0.00740051,0.00625610,-1.00733948,0.366211,-0.122070,-0.122070
5830468541,0.00740051,0.00625610,-1.00733948,0.366211,-0.061035,0.000000
5838156291,0.00672913,0.00706482,-1.00752258,0.183105,-0.122070,-0.122070
5847452916,0.00624084,0.00656128,-1.00689697,0.183105,-0.122070,-0.122070
5849652875,0.00624084,0.00656128,-1.00689697,0.183105,-0.305176,-0.061035
5857264291,0.00634766,0.00543213,-1.00947571,0.183105,-0.305176,-0.061035
5859819625,0.00634766,0.00543213,-1.00947571,0.244141,-0.244141,0.000000
5867147333,0.00653076,0.00648499,-1.00904846,0.244141,-0.244141,0.000000
5869687833,0.00653076,0.00648499,-1.00904846,0.366211,-0.183105,-0.183105
5877043708,0.00625610,0.00724792,-1.00935364,0.366211,-0.183105,-0.183105
5879608291,0.00625610,0.00724792,-1.00935364,0.244141,-0.183105,0.000000
5887212375,0.00584412,0.00637817,-1.00711060,0.244141,-0.183105,0.000000
5889755500,0.00584412,0.00637817,-1.00711060,0.366211,-0.122070,0.000000
5897366041,0.00567627,0.00621033,-1.00759888,0.366211,-0.122070,0.000000
5899918666,0.00567627,0.00621033,-1.00759888,0.244141,-0.183105,-0.061035
5907537333,0.00614929,0.00608826,-1.00830078,0.244141,-0.183105,-0.061035
5910087541,0.00614929,0.00608826,-1.00830078,0.366211,-0.244141,-0.061035
5917690458,0.00607300,0.00701904,-1.00790405,0.366211,-0.244141,-0.061035
5920249333,0.00607300,0.00701904,-1.00790405,0.305176,-0.183105,-0.122070
5927850750,0.00630188,0.00625610,-1.00717163,0.305176,-0.183105,-0.122070
5930395500,0.00630188,0.00625610,-1.00717163,0.427246,-0.244141,0.000000
5938008541,0.00672913,0.00656128,-1.00759888,0.427246,-0.244141,0.000000
5940590833,0.00672913,0.00656128,-1.00759888,0.183105,-0.305176,-0.122070
5947582291,0.00830078,0.00727844,-1.00846863,0.183105,-0.305176,-0.122070
5950134333,0.00830078,0.00727844,-1.00846863,0.244141,-0.183105,-0.061035
5957542916,0.00712585,0.00657654,-1.00868225,0.244141,-0.183105,-0.061035
5960086583,0.00712585,0.00657654,-1.00868225,0.244141,-0.183105,-0.183105
5967066750,0.00689697,0.00730896,-1.00823975,0.244141,-0.183105,-0.183105
5969631791,0.00689697,0.00730896,-1.00823975,0.488281,-0.122070,0.061035
5977032500,0.00654602,0.00683594,-1.00804138,0.488281,-0.122070,0.061035
5979587125,0.00654602,0.00683594,-1.00804138,0.366211,-0.122070,0.000000
5987183625,0.00665283,0.00627136,-1.00794983,0.366211,-0.122070,0.000000
5989727666,0.00665283,0.00627136,-1.00794983,0.366211,-0.183105,0.000000
5997315916,0.00538635,0.00656128,-1.00715637,0.366211,-0.183105,0.000000
5999854166,0.00538635,0.00656128,-1.00715637,0.427246,-0.061035,-0.061035
6007232125,0.00631714,0.00610352,-1.00755310,0.427246,-0.061035,-0.061035
6009486875,0.00631714,0.00610352,-1.00755310,0.244141,0.000000,0.000000
6017153500,0.00575256,0.00558472,-1.00891113,0.244141,0.000000,0.000000
6019705166,0.00575256,0.00558472,-1.00891113,0.183105,-0.183105,0.000000
6027321041,0.00650024,0.00663757,-1.00840759,0.183105,-0.183105,0.000000
6029866291,0.00650024,0.00663757,-1.00840759,0.427246,-0.122070,0.061035
6037011625,0.00592041,0.00727844,-1.00791931,0.427246,-0.122070,0.061035
6039601750,0.00592041,0.00727844,-1.00791931,0.305176,-0.183105,0.000000
6047208250,0.00621033,0.00703430,-1.00892639,0.305176,-0.183105,0.000000
6049750916,0.00621033,0.00703430,-1.00892639,0.366211,-0.183105,-0.061035
6057325083,0.00738525,0.00715637,-1.00781250,0.366211,-0.183105,-0.061035
6059870500,0.00738525,0.00715637,-1.00781250,0.305176,-0.183105,0.061035
6067301291,0.00636292,0.00640869,-1.00856018,0.305176,-0.183105,0.061035
6069853083,0.00636292,0.00640869,-1.00856018,0.244141,-0.244141,-0.183105
6077469208,0.00729370,0.00650024,-1.00856018,0.244141,-0.244141,-0.183105
6080025041,0.00729370,0.00650024,-1.00856018,0.366211,-0.122070,0.000000
6087475541,0.00704956,0.00741577,-1.00744629,0.366211,-0.122070,0.000000
6090020291,0.00704956,0.00741577,-1.00744629,0.427246,-0.061035,-0.122070
6097319416,0.00671387,0.00688171,-1.00762939,0.427246,-0.061035,-0.122070
6099872000,0.00671387,0.00688171,-1.00762939,0.305176,-0.183105,-0.061035
6107480708,0.00669861,0.00706482,-1.00714111,0.305176,-0.183105,-0.061035
6110028416,0.00669861,0.00706482,-1.00714111,0.305176,-0.122070,-0.061035
6117632666,0.00701904,0.00625610,-1.00801086,0.305176,-0.122070,-0.061035
6120192291,0.00701904,0.00625610,-1.00801086,0.244141,-0.244141,-0.061035
6127477166,0.00701904,0.00610352,-1.00814819,0.244141,-0.244141,-0.061035
6130023000,0.00701904,0.00610352,-1.00814819,0.427246,-0.244141,0.061035
6137615458,0.00558472,0.00633240,-1.00743103,0.427246,-0.244141,0.061035
6140166083,0.00558472,0.00633240,-1.00743103,0.366211,-0.061035,-0.061035
6147753208,0.00657654,0.00691223,-1.00856018,0.366211,-0.061035,-0.061035
6150293625,0.00657654,0.00691223,-1.00856018,0.366211,-0.183105,-0.061035
6157910291,0.00672913,0.00653076,-1.00811768,0.366211,-0.183105,-0.061035
6160461041,0.00672913,0.00653076,-1.00811768,0.244141,-0.061035,-0.061035
6168046166,0.00695801,0.00628662,-1.00746155,0.244141,-0.061035,-0.061035
6170583666,0.00695801,0.00628662,-1.00746155,0.427246,-0.244141,-0.122070
6178191083,0.00653076,0.00576782,-1.00732422,0.427246,-0.244141,-0.122070
6180415458,0.00653076,0.00576782,-1.00732422,0.366211,-0.244141,0.000000
6187704041,0.00627136,0.00595093,-1.00785828,0.366211,-0.244141,0.000000
6190264916,0.00627136,0.00595093,-1.00785828,0.244141,-0.244141,0.000000
6197885791,0.00596619,0.00640869,-1.00706482,0.244141,-0.244141,0.000000
6200437958,0.00596619,0.00640869,-1.00706482,0.244141,-0.244141,0.122070
6207902916,0.00630188,0.00666809,-1.00862122,0.244141,-0.244141,0.122070
6210452958,0.00630188,0.00666809,-1.00862122,0.366211,-0.061035,0.000000
6218048458,0.00654602,0.00636292,-1.00834656,0.366211,-0.061035,0.000000
6220604041,0.00654602,0.00636292,-1.00834656,0.305176,-0.122070,0.000000
6228216500,0.00697327,0.00730896,-1.00761414,0.305176,-0.122070,0.000000
6230759041,0.00697327,0.00730896,-1.00761414,0.305176,-0.244141,0.000000
6238050833,0.00759888,0.00740051,-1.00875854,0.305176,-0.244141,0.000000
6240599083,0.00759888,0.00740051,-1.00875854,0.305176,-0.183105,0.061035
6247925166,0.00747681,0.00706482,-1.00782776,0.305176,-0.183105,0.061035
6250467166,0.00747681,0.00706482,-1.00782776,0.305176,0.061035,-0.183105
6257615750,0.00651550,0.00654602,-1.00756836,0.305176,0.061035,-0.183105
6260171041,0.00651550,0.00654602,-1.00756836,0.366211,-0.122070,0.000000
6267909791,0.00668335,0.00682068,-1.00804138,0.366211,-0.122070,0.000000
6270483583,0.00668335,0.00682068,-1.00804138,0.427246,-0.061035,0.000000
6278141291,0.00631714,0.00663757,-1.00718689,0.427246,-0.061035,0.000000
6280722375,0.00631714,0.00663757,-1.00718689,0.366211,-0.244141,-0.061035
6287999208,0.00717163,0.00624084,-1.00773621,0.366211,-0.244141,-0.061035
6290537625,0.00717163,0.00624084,-1.00773621,0.305176,-0.183105,-0.122070
6297851708,0.00656128,0.00622559,-1.00747681,0.305176,-0.183105,-0.122070
6300396958,0.00656128,0.00622559,-1.00747681,0.244141,-0.122070,-0.183105
6308021583,0.00611877,0.00669861,-1.00708008,0.244141,-0.122070,-0.183105
6310571708,0.00611877,0.00669861,-1.00708008,0.183105,-0.244141,0.000000
6318160541,0.00579834,0.00604248,-1.00956726,0.183105,-0.244141,0.000000
6320324000,0.00579834,0.00604248,-1.00956726,0.305176,-0.122070,-0.061035
6327945000,0.00547791,0.00717163,-1.00859070,0.305176,-0.122070,-0.061035
6330194083,0.00547791,0.00717163,-1.00859070,0.732422,-0.305176,-0.061035
6337825375,0.00636292,0.00784302,-1.00561523,0.732422,-0.305176,-0.061035
6340436833,0.00636292,0.00784302,-1.00561523,0.366211,-0.061035,0.000000
6348001125,0.00724792,0.00666809,-1.00529480,0.366211,-0.061035,0.000000
6350556791,0.00724792,0.00666809,-1.00529480,0.427246,-0.244141,-0.122070
6358178250,0.00743103,0.00624084,-1.01037598,0.427246,-0.244141,-0.122070
6360731291,0.00743103,0.00624084,-1.01037598,0.244141,-0.061035,-0.061035
6368320541,0.00711060,0.00621033,-1.00813293,0.244141,-0.061035,-0.061035
6370877833,0.00711060,0.00621033,-1.00813293,0.366211,-0.122070,0.000000
6378193333,0.00708008,0.00558472,-1.00845337,0.366211,-0.122070,0.000000
6380550333,0.00708008,0.00558472,-1.00845337,0.244141,-0.183105,-0.122070
6388154333,0.00595093,0.00579834,-1.00733948,0.244141,-0.183105,-0.122070
6390697291,0.00595093,0.00579834,-1.00733948,0.244141,-0.305176,-0.061035
6397875250,0.00694275,0.00582886,-1.00817871,0.244141,-0.305176,-0.061035
6400418625,0.00694275,0.00582886,-1.00817871,0.305176,-0.122070,0.000000
6408053625,0.00689697,0.00595093,-1.00939941,0.305176,-0.122070,0.000000
6410628208,0.00689697,0.00595093,-1.00939941,0.305176,-0.183105,0.000000
6416805833,0.00665283,0.00703430,-1.00857544,0.305176,-0.183105,0.000000
6419365333,0.00665283,0.00703430,-1.00857544,0.244141,-0.061035,0.000000
6427032958,0.00605774,0.00852966,-1.00765991,0.244141,-0.061035,0.000000
6429576666,0.00605774,0.00852966,-1.00765991,0.305176,-0.183105,0.000000
6437223958,0.00613403,0.00772095,-1.00822449,0.305176,-0.183105,0.000000
6439784166,0.00613403,0.00772095,-1.00822449,0.183105,-0.122070,-0.061035
6447423875,0.00558472,0.00813293,-1.00866699,0.183105,-0.122070,-0.061035
6449572375,0.00558472,0.00813293,-1.00866699,0.122070,-0.122070,0.000000
6457267791,0.00491333,0.00790405,-1.00787354,0.122070,-0.122070,0.000000
6459806500,0.00491333,0.00790405,-1.00787354,0.366211,-0.122070,-0.183105
6467312666,0.00563049,0.00619507,-1.00759888,0.366211,-0.122070,-0.183105
6469926416,0.00563049,0.00619507,-1.00759888,0.244141,-0.122070,-0.061035
6477621083,0.00637817,0.00637817,-1.00807190,0.244141,-0.122070,-0.061035
6480174541,0.00637817,0.00637817,-1.00807190,0.244141,-0.305176,0.061035
6487663208,0.00679016,0.00682068,-1.00849915,0.244141,-0.305176,0.061035
6489857666,0.00679016,0.00682068,-1.00849915,0.366211,-0.305176,0.000000
6497442208,0.00683594,0.00695801,-1.00845337,0.366211,-0.305176,0.000000
6499982708,0.00683594,0.00695801,-1.00845337,0.366211,-0.122070,0.000000
6507585333,0.00727844,0.00671387,-1.00909424,0.366211,-0.122070,0.000000
6510133958,0.00727844,0.00671387,-1.00909424,0.366211,-0.122070,0.000000
6517727625,0.00695801,0.00567627,-1.00726318,0.366211,-0.122070,0.000000
6524658875,0.00695801,0.00567627,-1.00726318,0.488281,-0.122070,0.122070
6527219541,0.00746155,0.00588989,-1.00790405,0.488281,-0.122070,0.122070
6529750208,0.00746155,0.00588989,-1.00790405,0.244141,-0.122070,-0.061035
6537172833,0.00735474,0.00518799,-1.00881958,0.244141,-0.122070,-0.061035
6539732875,0.00735474,0.00518799,-1.00881958,0.366211,-0.122070,-0.061035
6547359958,0.00753784,0.00559998,-1.00843811,0.366211,-0.122070,-0.061035
6549900291,0.00753784,0.00559998,-1.00843811,0.488281,-0.244141,0.000000
6557572000,0.00680542,0.00593567,-1.00878906,0.488281,-0.244141,0.000000
6560148083,0.00680542,0.00593567,-1.00878906,0.244141,-0.183105,-0.122070
6567780541,0.00610352,0.00621033,-1.00859070,0.244141,-0.183105,-0.122070
6570349208,0.00610352,0.00621033,-1.00859070,0.244141,-0.122070,0.000000
6577658625,0.00543213,0.00691223,-1.00875854,0.244141,-0.122070,0.000000
6580206041,0.00543213,0.00691223,-1.00875854,0.244141,-0.061035,0.000000
6587784791,0.00517273,0.00764465,-1.00813293,0.244141,-0.061035,0.000000
6590337708,0.00517273,0.00764465,-1.00813293,0.305176,-0.244141,0.000000
6597962625,0.00550842,0.00788879,-1.00666809,0.305176,-0.244141,0.000000
6600518125,0.00550842,0.00788879,-1.00666809,0.366211,-0.183105,-0.122070
6607742208,0.00566101,0.00784302,-1.00769043,0.366211,-0.183105,-0.122070
6610302666,0.00566101,0.00784302,-1.00769043,0.366211,-0.244141,-0.122070
6617953416,0.00569153,0.00714111,-1.00784302,0.366211,-0.244141,-0.122070
6620503500,0.00569153,0.00714111,-1.00784302,0.305176,-0.183105,-0.061035
6628124750,0.00648499,0.00712585,-1.00740051,0.305176,-0.183105,-0.061035
6630670041,0.00648499,0.00712585,-1.00740051,0.488281,-0.122070,0.122070
6638055166,0.00622559,0.00689697,-1.00779724,0.488281,-0.122070,0.122070
6640612208,0.00622559,0.00689697,-1.00779724,0.366211,-0.061035,-0.061035
6648191958,0.00582886,0.00563049,-1.00820923,0.366211,-0.061035,-0.061035
6650405750,0.00582886,0.00563049,-1.00820923,0.305176,-0.183105,-0.061035
6657832625,0.00657654,0.00624084,-1.00837708,0.305176,-0.183105,-0.061035
6660384041,0.00657654,0.00624084,-1.00837708,0.305176,-0.305176,-0.061035
6667996208,0.00758362,0.00665283,-1.00730896,0.305176,-0.305176,-0.061035
6670180791,0.00758362,0.00665283,-1.00730896,0.183105,-0.183105,0.061035
6677753958,0.00677490,0.00524902,-1.00772095,0.183105,-0.183105,0.061035
6680291333,0.00677490,0.00524902,-1.00772095,0.183105,-0.122070,0.000000
6687564458,0.00648499,0.00531006,-1.00868225,0.183105,-0.122070,0.000000
6691173458,0.00648499,0.00531006,-1.00868225,0.183105,-0.061035,0.000000
6706423125,0.00595093,0.00622559,-1.00871277,0.244141,-0.183105,0.000000
6708991041,0.00772095,0.00721741,-1.00935364,0.244141,-0.122070,0.000000
6718792375,0.00782776,0.00820923,-1.00802612,0.244141,-0.183105,-0.061035
6728993833,0.00613403,0.00839233,-1.00779724,0.244141,-0.183105,-0.061035
6739133583,0.00585938,0.00752258,-1.00775146,0.305176,-0.061035,-0.122070
6746711250,0.00549316,0.00724792,-1.00712585,0.305176,-0.061035,-0.122070
6749255583,0.00549316,0.00724792,-1.00712585,0.305176,-0.244141,-0.061035
6758558666,0.00556946,0.00718689,-1.00837708,0.305176,-0.244141,-0.061035
6761117125,0.00556946,0.00718689,-1.00837708,0.427246,-0.061035,0.061035
6768282875,0.00666809,0.00717163,-1.00874329,0.427246,-0.061035,0.061035
6770412166,0.00666809,0.00717163,-1.00874329,0.305176,-0.122070,0.000000
6778034416,0.00643921,0.00692749,-1.00788879,0.305176,-0.122070,0.000000
6780573458,0.00643921,0.00692749,-1.00788879,0.366211,-0.183105,-0.061035
6788144083,0.00662231,0.00630188,-1.00759888,0.366211,-0.183105,-0.061035
6790688208,0.00662231,0.00630188,-1.00759888,0.366211,-0.183105,0.122070
6798243375,0.00675964,0.00680542,-1.00762939,0.366211,-0.183105,0.122070
6800790416,0.00675964,0.00680542,-1.00762939,0.305176,-0.122070,-0.122070
6807993916,0.00747681,0.00622559,-1.00752258,0.305176,-0.122070,-0.122070
6810540000,0.00747681,0.00622559,-1.00752258,0.427246,-0.244141,-0.061035
6817815458,0.00764465,0.00556946,-1.00714111,0.427246,-0.244141,-0.061035
6820381416,0.00764465,0.00556946,-1.00714111,0.305176,-0.244141,0.000000
6828022083,0.00645447,0.00549316,-1.00759888,0.305176,-0.244141,0.000000
6830372750,0.00645447,0.00549316,-1.00759888,0.366211,-0.244141,-0.061035
6837999125,0.00639343,0.00588989,-1.00769043,0.366211,-0.244141,-0.061035
6840555666,0.00639343,0.00588989,-1.00769043,0.366211,-0.122070,0.000000
6848136291,0.00616455,0.00648499,-1.00805664,0.366211,-0.122070,0.000000
6850698875,0.00616455,0.00648499,-1.00805664,0.366211,-0.122070,-0.122070
6858012708,0.00556946,0.00750732,-1.00772095,0.366211,-0.122070,-0.122070
6860579416,0.00556946,0.00750732,-1.00772095,0.427246,-0.061035,-0.061035
6868189041,0.00555420,0.00785828,-1.00904846,0.427246,-0.061035,-0.061035
6870295291,0.00555420,0.00785828,-1.00904846,0.244141,-0.183105,-0.183105
6877939458,0.00595093,0.00822449,-1.00830078,0.244141,-0.183105,-0.183105
6880499750,0.00595093,0.00822449,-1.00830078,0.122070,-0.122070,-0.061035
6887821916,0.00682068,0.00779724,-1.00810242,0.122070,-0.122070,-0.061035
6890359916,0.00682068,0.00779724,-1.00810242,0.183105,-0.183105,0.000000
6897948083,0.00753784,0.00810242,-1.00831604,0.183105,-0.183105,0.000000
6900494625,0.00753784,0.00810242,-1.00831604,0.305176,-0.183105,-0.061035
6908105375,0.00762939,0.00694275,-1.00738525,0.305176,-0.183105,-0.061035
6910655958,0.00762939,0.00694275,-1.00738525,0.427246,-0.122070,-0.061035
6918252000,0.00633240,0.00709534,-1.00883484,0.427246,-0.122070,-0.061035
6920797500,0.00633240,0.00709534,-1.00883484,0.305176,-0.061035,0.000000
6928019375,0.00663757,0.00605774,-1.00756836,0.305176,-0.061035,0.000000
6930542333,0.00663757,0.00605774,-1.00756836,0.366211,-0.122070,-0.183105
6937673125,0.00617981,0.00637817,-1.00636292,0.366211,-0.122070,-0.183105
6940254333,0.00617981,0.00637817,-1.00636292,0.305176,-0.183105,-0.122070
6947842166,0.00663757,0.00605774,-1.00862122,0.305176,-0.183105,-0.122070
6950366333,0.00663757,0.00605774,-1.00862122,0.427246,-0.183105,-0.061035
6957926166,0.00630188,0.00578308,-1.00891113,0.427246,-0.183105,-0.061035
6960270791,0.00630188,0.00578308,-1.00891113,0.244141,0.000000,0.000000
6967858916,0.00627136,0.00517273,-1.00752258,0.244141,0.000000,0.000000
6970407750,0.00627136,0.00517273,-1.00752258,0.244141,-0.183105,0.000000
6978021083,0.00671387,0.00663757,-1.00788879,0.244141,-0.183105,0.000000
6980569708,0.00671387,0.00663757,-1.00788879,0.366211,-0.183105,-0.061035
6987891083,0.00706482,0.00697327,-1.00730896,0.366211,-0.183105,-0.061035
6990403541,0.00706482,0.00697327,-1.00730896,0.427246,-0.061035,-0.061035
6997745666,0.00657654,0.00711060,-1.00794983,0.427246,-0.061035,-0.061035
7000286791,0.00657654,0.00711060,-1.00794983,0.366211,-0.244141,0.000000
7007646333,0.00627136,0.00749207,-1.00770569,0.366211,-0.244141,0.000000
7010195000,0.00627136,0.00749207,-1.00770569,0.488281,-0.183105,-0.122070
7017797750,0.00599670,0.00827026,-1.00759888,0.488281,-0.183105,-0.122070
7020347666,0.00599670,0.00827026,-1.00759888,0.793457,-0.061035,-0.122070
7027935416,0.00624084,0.00747681,-1.00633240,0.793457,-0.061035,-0.122070
7030393916,0.00624084,0.00747681,-1.00633240,1.281738,-0.183105,-0.183105
7038010250,0.00761414,0.00585938,-0.99897766,1.281738,-0.183105,-0.183105
7040565250,0.00761414,0.00585938,-0.99897766,0.000000,-0.122070,0.000000
7048196916,0.00872803,0.00439453,-1.00894165,0.000000,-0.122070,0.000000
7050409250,0.00872803,0.00439453,-1.00894165,0.244141,-0.183105,0.000000
7058045541,0.00653076,0.00720215,-1.02876282,0.244141,-0.183105,0.000000
7060598791,0.00653076,0.00720215,-1.02876282,0.244141,-0.122070,0.000000
7068202791,0.00434875,0.00782776,-1.00204468,0.244141,-0.122070,0.000000
7070414791,0.00434875,0.00782776,-1.00204468,0.366211,-0.183105,0.000000
7078025791,0.00511169,0.00807190,-0.99942017,0.366211,-0.183105,0.000000
7080595958,0.00511169,0.00807190,-0.99942017,0.183105,-0.122070,-0.061035
7088185083,0.00544739,0.00831604,-1.01176453,0.183105,-0.122070,-0.061035
7090725791,0.00544739,0.00831604,-1.01176453,0.366211,-0.061035,-0.061035
7098293791,0.00567627,0.00825500,-1.01260376,0.366211,-0.061035,-0.061035
7100824833,0.00567627,0.00825500,-1.01260376,0.244141,-0.183105,0.000000
7108417833,0.00704956,0.00767517,-1.00599670,0.244141,-0.183105,0.000000
7110968000,0.00704956,0.00767517,-1.00599670,0.366211,-0.122070,0.122070
7118612416,0.00866699,0.00587463,-1.00611877,0.366211,-0.122070,0.122070
7121146041,0.00866699,0.00587463,-1.00611877,0.366211,-0.183105,0.000000
7128653958,0.00836182,0.00503540,-1.00927734,0.366211,-0.183105,0.000000
7131189708,0.00836182,0.00503540,-1.00927734,0.427246,-0.183105,0.000000
7138820875,0.00714111,0.00373840,-1.00819397,0.427246,-0.183105,0.000000
7141354875,0.00714111,0.00373840,-1.00819397,0.366211,-0.061035,-0.061035
7148192416,0.00662231,0.00312805,-1.00738525,0.366211,-0.061035,-0.061035
7150255375,0.00662231,0.00312805,-1.00738525,0.488281,-0.305176,-0.122070
7157871250,0.00793457,0.00584412,-1.00784302,0.488281,-0.305176,-0.122070
7160430416,0.00793457,0.00584412,-1.00784302,0.549316,-0.183105,0.000000
7168053625,0.00714111,0.00755310,-1.00827026,0.549316,-0.183105,0.000000
7170605500,0.00714111,0.00755310,-1.00827026,0.427246,-0.122070,-0.061035
7178210750,0.00685120,0.00779724,-1.00857544,0.427246,-0.122070,-0.061035
7180745083,0.00685120,0.00779724,-1.00857544,0.427246,-0.183105,0.000000
7188320958,0.00575256,0.00823975,-1.00680542,0.427246,-0.183105,0.000000
7190861333,0.00575256,0.00823975,-1.00680542,0.305176,-0.244141,-0.061035
7198408333,0.00666809,0.00830078,-1.00898743,0.305176,-0.244141,-0.061035
7200929625,0.00666809,0.00830078,-1.00898743,0.305176,-0.122070,-0.061035
7208523041,0.00604248,0.00743103,-1.01045227,0.305176,-0.122070,-0.061035
7211071416,0.00604248,0.00743103,-1.01045227,0.305176,-0.122070,0.000000
7218663416,0.00579834,0.00640869,-1.00825500,0.305176,-0.122070,0.000000
7221194875,0.00579834,0.00640869,-1.00825500,0.366211,-0.061035,0.061035
7228784041,0.00624084,0.00595093,-1.00634766,0.366211,-0.061035,0.061035
7231325708,0.00624084,0.00595093,-1.00634766,0.488281,-0.183105,-0.061035
7238911666,0.00657654,0.00610352,-1.00823975,0.488281,-0.183105,-0.061035
7241461833,0.00657654,0.00610352,-1.00823975,0.244141,-0.061035,0.000000
7249065916,0.00732422,0.00601196,-1.00889587,0.244141,-0.061035,0.000000
7251614833,0.00732422,0.00601196,-1.00889587,0.366211,-0.244141,0.000000
7259170541,0.00682068,0.00656128,-1.00691223,0.488281,-0.061035,-0.122070
7266759166,0.00749207,0.00645447,-1.00856018,0.488281,-0.061035,-0.122070
7269308375,0.00749207,0.00645447,-1.00856018,0.244141,-0.122070,-0.061035
7276679583,0.00656128,0.00642395,-1.00868225,0.244141,-0.122070,-0.061035
7279236208,0.00656128,0.00642395,-1.00868225,0.244141,-0.122070,-0.122070
7289089625,0.00689697,0.00619507,-1.00819397,0.244141,-0.122070,-0.122070
7291675041,0.00689697,0.00619507,-1.00819397,0.305176,-0.122070,0.061035
7296740916,0.00584412,0.00630188,-1.00726318,0.305176,-0.122070,0.061035
7299277625,0.00584412,0.00630188,-1.00726318,0.244141,-0.183105,-0.061035
7306753208,0.00544739,0.00704956,-1.00724792,0.244141,-0.183105,-0.061035
7311814000,0.00544739,0.00704956,-1.00724792,0.305176,-0.122070,-0.122070
7318615041,0.00646973,0.00733948,-1.00798035,0.305176,-0.122070,-0.122070
7321168000,0.00646973,0.00733948,-1.00798035,0.183105,-0.183105,-0.061035
7328542458,0.00523376,0.00695801,-1.00708008,0.183105,-0.183105,-0.061035
7331113333,0.00523376,0.00695801,-1.00708008,0.305176,-0.305176,-0.061035
7338814250,0.00563049,0.00706482,-1.00816345,0.305176,-0.305176,-0.061035
7341394041,0.00563049,0.00706482,-1.00816345,0.244141,-0.122070,-0.061035
7348313916,0.00659180,0.00708008,-1.00915527,0.244141,-0.122070,-0.061035
7350865916,0.00659180,0.00708008,-1.00915527,0.244141,-0.305176,0.000000
7358487708,0.00633240,0.00679016,-1.00769043,0.244141,-0.305176,0.000000
7361047333,0.00633240,0.00679016,-1.00769043,0.244141,-0.122070,0.000000
7368739541,0.00692749,0.00608826,-1.00759888,0.244141,-0.122070,0.000000
7371357208,0.00692749,0.00608826,-1.00759888,0.488281,-0.183105,0.000000
7378985458,0.00758362,0.00555420,-1.00842285,0.488281,-0.183105,0.000000
7381519375,0.00758362,0.00555420,-1.00842285,0.244141,-0.122070,-0.061035
7389136916,0.00607300,0.00534058,-1.00875854,0.244141,-0.122070,-0.061035
7391692625,0.00607300,0.00534058,-1.00875854,0.305176,-0.122070,0.061035
7396809250,0.00708008,0.00634766,-1.00807190,0.305176,-0.122070,0.061035
7401733625,0.00708008,0.00634766,-1.00807190,0.305176,-0.122070,-0.061035
7408677583,0.00727844,0.00596619,-1.00700378,0.305176,-0.122070,-0.061035
7411283041,0.00727844,0.00596619,-1.00700378,0.305176,-0.122070,-0.061035
7418482416,0.00601196,0.00561523,-1.00837708,0.305176,-0.122070,-0.061035
7421020875,0.00601196,0.00561523,-1.00837708,0.244141,-0.183105,0.061035
7428788083,0.00619507,0.00607300,-1.00820923,0.244141,-0.183105,0.061035
7431339125,0.00619507,0.00607300,-1.00820923,0.366211,-0.061035,0.000000
7438636875,0.00671387,0.00628662,-1.00862122,0.366211,-0.061035,0.000000
7441191833,0.00671387,0.00628662,-1.00862122,0.366211,-0.305176,0.000000
7448873000,0.00558472,0.00596619,-1.00852966,0.366211,-0.305176,0.000000
7451432208,0.00558472,0.00596619,-1.00852966,0.427246,-0.061035,0.000000
7458744541,0.00651550,0.00587463,-1.00769043,0.427246,-0.061035,0.000000
7461349458,0.00651550,0.00587463,-1.00769043,0.305176,-0.122070,0.122070
7468530333,0.00642395,0.00613403,-1.00708008,0.305176,-0.122070,0.122070
7471084166,0.00642395,0.00613403,-1.00708008,0.366211,-0.305176,0.061035
7478762833,0.00613403,0.00700378,-1.00746155,0.366211,-0.305176,0.061035
7481178625,0.00613403,0.00700378,-1.00746155,0.427246,-0.122070,-0.061035
7488633916,0.00675964,0.00732422,-1.00880432,0.427246,-0.122070,-0.061035
7491189208,0.00675964,0.00732422,-1.00880432,0.305176,-0.122070,-0.061035
7498872250,0.00616455,0.00627136,-1.00833130,0.305176,-0.122070,-0.061035
7501541166,0.00616455,0.00627136,-1.00833130,0.366211,-0.122070,-0.122070
7509319958,0.00686646,0.00624084,-1.00831604,0.366211,-0.122070,-0.122070
7512431791,0.00686646,0.00624084,-1.00831604,0.244141,-0.122070,-0.061035
7517300666,0.00679016,0.00717163,-1.00816345,0.244141,-0.122070,-0.061035
7519895291,0.00679016,0.00717163,-1.00816345,0.122070,-0.244141,0.061035
7527148125,0.00704956,0.00599670,-1.00906372,0.122070,-0.244141,0.061035
7529738625,0.00704956,0.00599670,-1.00906372,0.305176,-0.183105,-0.122070
7537415708,0.00679016,0.00535583,-1.00852966,0.305176,-0.183105,-0.122070
7539990541,0.00679016,0.00535583,-1.00852966,0.244141,-0.244141,-0.061035
7547704291,0.00648499,0.00546265,-1.00802612,0.244141,-0.244141,-0.061035
7549805000,0.00648499,0.00546265,-1.00802612,0.305176,-0.244141,0.000000
7556953041,0.00660706,0.00556946,-1.00776672,0.305176,-0.244141,0.000000
7565457666,0.00660706,0.00556946,-1.00776672,0.305176,-0.183105,0.061035
7568031333,0.00659180,0.00627136,-1.00765991,0.305176,-0.183105,0.061035
7570622708,0.00659180,0.00627136,-1.00765991,0.305176,-0.244141,-0.061035
7578262833,0.00689697,0.00614929,-1.00860596,0.305176,-0.244141,-0.061035
7580818083,0.00689697,0.00614929,-1.00860596,0.305176,-0.244141,-0.122070
7588462791,0.00569153,0.00735474,-1.00848389,0.305176,-0.244141,-0.122070
7591016541,0.00569153,0.00735474,-1.00848389,0.305176,-0.122070,0.000000
7598128208,0.00614929,0.00668335,-1.00794983,0.305176,-0.122070,0.000000
7600685291,0.00614929,0.00668335,-1.00794983,0.488281,-0.061035,-0.061035
7607861125,0.00753784,0.00671387,-1.00738525,0.488281,-0.061035,-0.061035
7610410250,0.00753784,0.00671387,-1.00738525,0.244141,-0.122070,0.000000
7617868875,0.00495911,0.00683594,-1.00817871,0.244141,-0.122070,0.000000
7620517958,0.00495911,0.00683594,-1.00817871,0.183105,-0.244141,-0.122070
7627680791,0.00572205,0.00657654,-1.00886536,0.183105,-0.244141,-0.122070
7630223125,0.00572205,0.00657654,-1.00886536,0.244141,-0.122070,0.000000
7637841666,0.00592041,0.00671387,-1.00828552,0.244141,-0.122070,0.000000
7640399625,0.00592041,0.00671387,-1.00828552,0.244141,-0.061035,0.000000
7647900041,0.00575256,0.00717163,-1.00828552,0.244141,-0.061035,0.000000
7650518416,0.00575256,0.00717163,-1.00828552,0.244141,-0.122070,-0.061035
7658234208,0.00588989,0.00692749,-1.00807190,0.244141,-0.122070,-0.061035
7660805875,0.00588989,0.00692749,-1.00807190,0.305176,-0.122070,0.000000
7668472625,0.00654602,0.00645447,-1.00799561,0.305176,-0.122070,0.000000
7671035333,0.00654602,0.00645447,-1.00799561,0.427246,-0.305176,-0.183105
7678691416,0.00709534,0.00598145,-1.00759888,0.427246,-0.305176,-0.183105
7681251625,0.00709534,0.00598145,-1.00759888,0.244141,-0.244141,-0.061035
7687732958,0.00529480,0.00701904,-1.00805664,0.244141,-0.244141,-0.061035
7689872708,0.00529480,0.00701904,-1.00805664,0.366211,-0.061035,0.000000
7697037583,0.00610352,0.00709534,-1.00784302,0.366211,-0.061035,0.000000
7701561375,0.00610352,0.00709534,-1.00784302,0.427246,-0.183105,-0.061035
7708751791,0.00553894,0.00646973,-1.00764465,0.427246,-0.183105,-0.061035
7711186791,0.00553894,0.00646973,-1.00764465,0.427246,-0.122070,0.061035
7718916916,0.00521851,0.00621033,-1.00791931,0.427246,-0.122070,0.061035
7721020458,0.00521851,0.00621033,-1.00791931,0.427246,-0.122070,0.000000
7728710416,0.00646973,0.00656128,-1.00827026,0.427246,-0.122070,0.000000
7730895541,0.00646973,0.00656128,-1.00827026,0.305176,-0.061035,0.000000
7738579208,0.00585938,0.00593567,-1.00834656,0.305176,-0.061035,0.000000
7740765291,0.00585938,0.00593567,-1.00834656,0.366211,-0.183105,0.000000
7748312000,0.00570679,0.00666809,-1.00689697,0.366211,-0.183105,0.000000
7750931333,0.00570679,0.00666809,-1.00689697,0.305176,-0.122070,0.000000
7758620291,0.00753784,0.00595093,-1.00692749,0.305176,-0.122070,0.000000
7761192166,0.00753784,0.00595093,-1.00692749,0.244141,-0.183105,0.000000
7768855166,0.00701904,0.00535583,-1.00750732,0.244141,-0.183105,0.000000
7771447541,0.00701904,0.00535583,-1.00750732,0.305176,-0.061035,-0.122070
7778762083,0.00646973,0.00617981,-1.00866699,0.305176,-0.061035,-0.122070
7781324833,0.00646973,0.00617981,-1.00866699,0.427246,-0.122070,0.061035
7788964166,0.00572205,0.00735474,-1.00871277,0.427246,-0.122070,0.061035
7791529958,0.00572205,0.00735474,-1.00871277,0.366211,-0.183105,-0.061035
7799168916,0.00659180,0.00711060,-1.00814819,0.366211,-0.183105,-0.061035
7801727875,0.00659180,0.00711060,-1.00814819,0.366211,-0.122070,-0.122070
7809342666,0.00668335,0.00694275,-1.00778198,0.366211,-0.122070,-0.122070
7811894916,0.00668335,0.00694275,-1.00778198,0.122070,-0.183105,-0.061035
7819478291,0.00555420,0.00718689,-1.00842285,0.122070,-0.183105,-0.061035
7822066208,0.00555420,0.00718689,-1.00842285,0.366211,-0.122070,0.061035
7827128916,0.00619507,0.00582886,-1.00883484,0.366211,-0.122070,0.061035
7831993041,0.00619507,0.00582886,-1.00883484,0.488281,-0.183105,-0.122070
7839627750,0.00631714,0.00592041,-1.00791931,0.488281,-0.183105,-0.122070
7842177208,0.00631714,0.00592041,-1.00791931,0.244141,-0.183105,-0.061035
7849535458,0.00636292,0.00675964,-1.00723267,0.244141,-0.183105,-0.061035
7852097083,0.00636292,0.00675964,-1.00723267,0.305176,-0.122070,-0.061035
7857202416,0.00721741,0.00588989,-1.00781250,0.305176,-0.122070,-0.061035
7859729708,0.00721741,0.00588989,-1.00781250,0.244141,-0.183105,-0.122070
7867286208,0.00646973,0.00657654,-1.00888062,0.244141,-0.183105,-0.122070
7869875125,0.00646973,0.00657654,-1.00888062,0.488281,-0.183105,-0.061035
7879558625,0.00622559,0.00666809,-1.00788879,0.488281,-0.183105,-0.061035
7882121041,0.00622559,0.00666809,-1.00788879,0.244141,-0.183105,-0.122070
7889559083,0.00650024,0.00621033,-1.00793457,0.244141,-0.183105,-0.122070
7892134458,0.00650024,0.00621033,-1.00793457,0.305176,-0.122070,0.000000
7899346166,0.00599670,0.00628662,-1.00741577,0.305176,-0.122070,0.000000
7901751708,0.00599670,0.00628662,-1.00741577,0.305176,-0.244141,-0.183105
7909250791,0.00686646,0.00669861,-1.00848389,0.305176,-0.244141,-0.183105
7911799750,0.00686646,0.00669861,-1.00848389,0.305176,-0.122070,0.061035
7919377875,0.00643921,0.00636292,-1.00857544,0.305176,-0.122070,0.061035
7921903041,0.00643921,0.00636292,-1.00857544,0.366211,-0.183105,-0.061035
7929475583,0.00633240,0.00654602,-1.00735474,0.366211,-0.183105,-0.061035
7932006833,0.00633240,0.00654602,-1.00735474,0.244141,-0.183105,-0.122070
7939594333,0.00631714,0.00660706,-1.00828552,0.244141,-0.183105,-0.122070
7942133083,0.00631714,0.00660706,-1.00828552,0.305176,-0.244141,0.000000
7947191833,0.00546265,0.00662231,-1.00830078,0.305176,-0.244141,0.000000
7949721791,0.00546265,0.00662231,-1.00830078,0.427246,-0.061035,-0.061035
7957290416,0.00552368,0.00724792,-1.00740051,0.427246,-0.061035,-0.061035
7959840958,0.00552368,0.00724792,-1.00740051,0.427246,0.061035,0.061035
7969977083,0.00602722,0.00608826,-1.00767517,0.183105,0.000000,-0.122070
7980069166,0.00671387,0.00604248,-1.00915527,0.427246,-0.122070,0.000000
7989496333,0.00653076,0.00689697,-1.00895691,0.427246,-0.122070,0.000000
7992037208,0.00653076,0.00689697,-1.00895691,0.183105,-0.183105,-0.061035
7999606083,0.00703430,0.00621033,-1.00769043,0.183105,-0.183105,-0.061035
8002140625,0.00703430,0.00621033,-1.00769043,0.244141,-0.183105,-0.122070
8009705833,0.00666809,0.00688171,-1.00817871,0.366211,-0.305176,-0.122070
8019826125,0.00538635,0.00732422,-1.00851440,0.244141,-0.183105,-0.061035
8029921583,0.00650024,0.00656128,-1.00775146,0.244141,-0.183105,-0.061035
8032463416,0.00650024,0.00656128,-1.00775146,0.427246,-0.061035,0.061035
8040075958,0.00640869,0.00717163,-1.00822449,0.427246,-0.183105,0.000000
8047672708,0.00613403,0.00671387,-1.00895691,0.427246,-0.183105,0.000000
8050196916,0.00613403,0.00671387,-1.00895691,0.366211,0.000000,0.061035
8057806250,0.00579834,0.00659180,-1.00799561,0.366211,0.000000,0.061035
8060343291,0.00579834,0.00659180,-1.00799561,0.244141,-0.122070,0.000000
8067925041,0.00709534,0.00627136,-1.00794983,0.244141,-0.122070,0.000000
8070468791,0.00709534,0.00627136,-1.00794983,0.366211,-0.122070,0.061035
8078051500,0.00625610,0.00543213,-1.00878906,0.366211,-0.122070,0.061035
8080600333,0.00625610,0.00543213,-1.00878906,0.305176,-0.061035,0.061035
8088167291,0.00700378,0.00531006,-1.00885010,0.305176,-0.061035,0.061035
8090690375,0.00700378,0.00531006,-1.00885010,1.342773,-0.122070,0.061035
8098242250,0.00727844,0.00596619,-1.00769043,1.342773,-0.122070,0.061035
8100766250,0.00727844,0.00596619,-1.00769043,-0.061035,-0.061035,0.061035
8108368000,0.00732422,0.00474548,-1.00480652,-0.061035,-0.061035,0.061035
8110899500,0.00732422,0.00474548,-1.00480652,0.244141,-0.061035,-0.122070
8118547416,0.00677490,0.00431824,-1.01770020,0.244141,-0.061035,-0.122070
8120819708,0.00677490,0.00431824,-1.01770020,-0.061035,-0.183105,-0.061035
8128377166,0.00645447,0.00518799,-1.00459290,-0.061035,-0.183105,-0.061035
8130915541,0.00645447,0.00518799,-1.00459290,0.366211,-0.061035,0.000000
8138551125,0.00608826,0.00627136,-1.00796509,0.366211,-0.061035,0.000000
8141104708,0.00608826,0.00627136,-1.00796509,0.244141,-0.122070,0.000000
8148679250,0.00595093,0.00642395,-1.00770569,0.244141,-0.122070,0.000000
8151199791,0.00595093,0.00642395,-1.00770569,0.488281,-0.183105,-0.183105
8158934500,0.00601196,0.00631714,-1.00950623,0.488281,-0.183105,-0.183105
8161473291,0.00601196,0.00631714,-1.00950623,0.305176,-0.061035,-0.061035
8169036208,0.00515747,0.00663757,-1.00859070,0.305176,-0.061035,-0.061035
8171593958,0.00515747,0.00663757,-1.00859070,0.305176,-0.183105,-0.122070
8179182666,0.00656128,0.00675964,-1.00585938,0.305176,-0.183105,-0.122070
8181710000,0.00656128,0.00675964,-1.00585938,0.305176,-0.122070,-0.061035
8189028708,0.00689697,0.00769043,-1.00929260,0.305176,-0.122070,-0.061035
8191574875,0.00689697,0.00769043,-1.00929260,0.366211,-0.183105,0.000000
8198939625,0.00547791,0.00785828,-1.00906372,0.366211,-0.183105,0.000000
8201473875,0.00547791,0.00785828,-1.00906372,0.183105,-0.305176,-0.183105
8209088625,0.00686646,0.00791931,-1.00743103,0.183105,-0.305176,-0.183105
8211634458,0.00686646,0.00791931,-1.00743103,0.183105,-0.061035,0.000000
8219203916,0.00717163,0.00607300,-1.00756836,0.183105,-0.061035,0.000000
8221743666,0.00717163,0.00607300,-1.00756836,0.366211,-0.122070,-0.122070
8229319916,0.00602722,0.00627136,-1.00787354,0.366211,-0.122070,-0.122070
8231847458,0.00602722,0.00627136,-1.00787354,0.244141,-0.061035,0.061035
8238522166,0.00712585,0.00593567,-1.00790405,0.244141,-0.061035,0.061035
8241100000,0.00712585,0.00593567,-1.00790405,0.366211,-0.244141,-0.061035
8248707583,0.00712585,0.00479126,-1.00680542,0.366211,-0.244141,-0.061035
8251240083,0.00712585,0.00479126,-1.00680542,0.244141,-0.183105,-0.061035
8258836291,0.00700378,0.00566101,-1.00839233,0.244141,-0.183105,-0.061035
8261392833,0.00700378,0.00566101,-1.00839233,0.366211,-0.183105,-0.061035
8268651958,0.00723267,0.00637817,-1.00889587,0.366211,-0.183105,-0.061035
8271209958,0.00723267,0.00637817,-1.00889587,0.305176,-0.061035,-0.122070
8278795333,0.00686646,0.00633240,-1.00820923,0.305176,-0.061035,-0.122070
8281342625,0.00686646,0.00633240,-1.00820923,0.427246,-0.122070,-0.061035
8288950958,0.00694275,0.00697327,-1.00762939,0.427246,-0.122070,-0.061035
8291491000,0.00694275,0.00697327,-1.00762939,0.244141,-0.183105,-0.122070
8299108208,0.00625610,0.00730896,-1.00866699,0.244141,-0.183105,-0.122070
8301673708,0.00625610,0.00730896,-1.00866699,0.366211,-0.122070,-0.061035
8309316458,0.00573730,0.00659180,-1.00845337,0.366211,-0.122070,-0.061035
8311700625,0.00573730,0.00659180,-1.00845337,0.488281,0.061035,-0.061035
8318716208,0.00511169,0.00680542,-1.00714111,0.488281,0.061035,-0.061035
8321249416,0.00511169,0.00680542,-1.00714111,0.366211,-0.183105,-0.183105
8328840583,0.00524902,0.00680542,-1.00872803,0.366211,-0.183105,-0.183105
8331374750,0.00524902,0.00680542,-1.00872803,0.366211,-0.122070,-0.061035
8338960208,0.00643921,0.00659180,-1.01022339,0.366211,-0.122070,-0.061035
8341519541,0.00643921,0.00659180,-1.01022339,0.427246,-0.183105,0.000000
8348951875,0.00646973,0.00683594,-1.00816345,0.427246,-0.183105,0.000000
8351500000,0.00646973,0.00683594,-1.00816345,0.183105,-0.122070,-0.061035
8359136541,0.00659180,0.00633240,-1.00762939,0.183105,-0.122070,-0.061035
8361667916,0.00659180,0.00633240,-1.00762939,0.244141,-0.305176,-0.061035
8369235333,0.00643921,0.00590515,-1.00840759,0.244141,-0.305176,-0.061035
8371775000,0.00643921,0.00590515,-1.00840759,0.366211,-0.122070,0.000000
8379275708,0.00630188,0.00743103,-1.00865173,0.366211,-0.122070,0.000000
8381838416,0.00630188,0.00743103,-1.00865173,0.244141,-0.061035,-0.061035
8389412666,0.00634766,0.00619507,-1.00703430,0.244141,-0.061035,-0.061035
8391963416,0.00634766,0.00619507,-1.00703430,0.305176,-0.183105,0.000000
8399642208,0.00633240,0.00616455,-1.00694275,0.305176,-0.183105,0.000000
8402195708,0.00633240,0.00616455,-1.00694275,0.427246,-0.061035,0.061035
8409774666,0.00665283,0.00674438,-1.00885010,0.427246,-0.061035,0.061035
8412323916,0.00665283,0.00674438,-1.00885010,0.366211,-0.244141,0.000000
8419980375,0.00691223,0.00540161,-1.00857544,0.366211,-0.244141,0.000000
8422543583,0.00691223,0.00540161,-1.00857544,0.305176,-0.305176,-0.183105
8429838583,0.00727844,0.00593567,-1.00801086,0.305176,-0.305176,-0.183105
8432366916,0.00727844,0.00593567,-1.00801086,0.305176,-0.122070,0.061035
8439949291,0.00627136,0.00646973,-1.00888062,0.305176,-0.122070,0.061035
8442481708,0.00627136,0.00646973,-1.00888062,0.366211,-0.122070,0.061035
8449863833,0.00500488,0.00665283,-1.00857544,0.366211,-0.122070,0.061035
8452394000,0.00500488,0.00665283,-1.00857544,0.244141,-0.244141,-0.122070
8459940791,0.00611877,0.00610352,-1.00859070,0.244141,-0.244141,-0.122070
8462469958,0.00611877,0.00610352,-1.00859070,0.183105,-0.244141,-0.122070
8469825500,0.00677490,0.00671387,-1.00814819,0.183105,-0.244141,-0.122070
8472358625,0.00677490,0.00671387,-1.00814819,0.305176,-0.122070,-0.061035
8479918000,0.00642395,0.00791931,-1.00842285,0.305176,-0.122070,-0.061035
8482448916,0.00642395,0.00791931,-1.00842285,0.305176,-0.244141,0.061035
8489585250,0.00709534,0.00753784,-1.00833130,0.305176,-0.244141,0.061035
8492114125,0.00709534,0.00753784,-1.00833130,0.305176,-0.122070,-0.061035
8499672333,0.00703430,0.00665283,-1.00859070,0.305176,-0.122070,-0.061035
8502210500,0.00703430,0.00665283,-1.00859070,0.305176,-0.366211,-0.183105
8509381333,0.00602722,0.00627136,-1.00984192,0.305176,-0.366211,-0.183105
8511942791,0.00602722,0.00627136,-1.00984192,0.305176,-0.061035,-0.061035
8519160333,0.00601196,0.00614929,-1.00917053,0.305176,-0.061035,-0.061035
8521690625,0.00601196,0.00614929,-1.00917053,0.488281,-0.244141,0.000000
8529299875,0.00527954,0.00613403,-1.00830078,0.488281,-0.244141,0.000000
8531832833,0.00527954,0.00613403,-1.00830078,0.366211,-0.122070,0.000000
8538986125,0.00621033,0.00521851,-1.00851440,0.366211,-0.122070,0.000000
8541513458,0.00621033,0.00521851,-1.00851440,0.427246,-0.061035,-0.122070
8549092125,0.00692749,0.00549316,-1.00888062,0.427246,-0.061035,-0.122070
8551663166,0.00692749,0.00549316,-1.00888062,0.305176,-0.061035,-0.061035
8559287041,0.00695801,0.00654602,-1.00871277,0.305176,-0.061035,-0.061035
8561569583,0.00695801,0.00654602,-1.00871277,0.061035,-0.122070,-0.061035
8569158833,0.00793457,0.00582886,-1.01013184,0.061035,-0.122070,-0.061035
8571706083,0.00793457,0.00582886,-1.01013184,0.244141,-0.183105,-0.244141
8579286833,0.00686646,0.00660706,-1.00822449,0.244141,-0.183105,-0.244141
8581845875,0.00686646,0.00660706,-1.00822449,0.183105,-0.061035,0.000000
8589300416,0.00718689,0.00727844,-1.00740051,0.183105,-0.061035,0.000000
8591848250,0.00718689,0.00727844,-1.00740051,0.366211,-0.122070,0.000000
8599204541,0.00651550,0.00701904,-1.00822449,0.366211,-0.122070,0.000000
8601323708,0.00651550,0.00701904,-1.00822449,0.366211,-0.122070,-0.122070
8608912500,0.00515747,0.00624084,-1.00816345,0.366211,-0.122070,-0.122070
8611086791,0.00515747,0.00624084,-1.00816345,0.305176,-0.183105,0.000000
8618624916,0.00543213,0.00683594,-1.00784302,0.305176,-0.183105,0.000000
8620925041,0.00543213,0.00683594,-1.00784302,0.366211,-0.183105,0.000000
8628499916,0.00593567,0.00663757,-1.00956726,0.366211,-0.183105,0.000000
8633357458,0.00593567,0.00663757,-1.00956726,0.305176,-0.183105,0.000000
8638417291,0.00538635,0.00656128,-1.00837708,0.305176,-0.183105,0.000000
8640946541,0.00538635,0.00656128,-1.00837708,0.183105,-0.305176,0.061035
8648534291,0.00598145,0.00668335,-1.00901794,0.183105,-0.305176,0.061035
8651059000,0.00598145,0.00668335,-1.00901794,0.427246,-0.183105,-0.122070
8658658583,0.00695801,0.00675964,-1.00878906,0.427246,-0.183105,-0.122070
8661207791,0.00695801,0.00675964,-1.00878906,0.366211,-0.061035,-0.061035
8668819250,0.00627136,0.00762939,-1.00785828,0.366211,-0.061035,-0.061035
8671373583,0.00627136,0.00762939,-1.00785828,0.488281,-0.183105,0.061035
8678961666,0.00627136,0.00660706,-1.00720215,0.488281,-0.183105,0.061035
8681516291,0.00627136,0.00660706,-1.00720215,0.305176,-0.305176,-0.061035
8688703500,0.00729370,0.00677490,-1.00805664,0.305176,-0.305176,-0.061035
8691225791,0.00729370,0.00677490,-1.00805664,0.366211,-0.244141,0.000000
8698792166,0.00688171,0.00616455,-1.00840759,0.366211,-0.244141,0.000000
8701335500,0.00688171,0.00616455,-1.00840759,0.366211,-0.305176,-0.061035
8708915500,0.00686646,0.00668335,-1.00827026,0.366211,-0.305176,-0.061035
8711473541,0.00686646,0.00668335,-1.00827026,0.427246,-0.183105,-0.061035
8718805833,0.00737000,0.00555420,-1.00762939,0.427246,-0.183105,-0.061035
8721357875,0.00737000,0.00555420,-1.00762939,0.305176,-0.183105,-0.061035
8728664250,0.00680542,0.00556946,-1.00798035,0.305176,-0.183105,-0.061035
8731191500,0.00680542,0.00556946,-1.00798035,0.366211,-0.122070,0.061035
8738552291,0.00634766,0.00726318,-1.00907898,0.366211,-0.122070,0.061035
8741087333,0.00634766,0.00726318,-1.00907898,0.366211,-0.183105,-0.122070
8748635708,0.00581360,0.00718689,-1.00930786,0.366211,-0.183105,-0.122070
8751169875,0.00581360,0.00718689,-1.00930786,0.183105,-0.183105,-0.183105
8758727750,0.00611877,0.00648499,-1.00401306,0.183105,-0.183105,-0.183105
8761092125,0.00611877,0.00648499,-1.00401306,0.122070,-0.244141,-0.061035
8768651833,0.00630188,0.00677490,-1.01295471,0.122070,-0.244141,-0.061035
8770967458,0.00630188,0.00677490,-1.01295471,0.244141,-0.122070,-0.061035
8778532833,0.00541687,0.00650024,-1.00959778,0.244141,-0.122070,-0.061035
8781060375,0.00541687,0.00650024,-1.00959778,0.305176,-0.183105,-0.061035
8788617333,0.00495911,0.00706482,-1.00927734,0.305176,-0.183105,-0.061035
8791165083,0.00495911,0.00706482,-1.00927734,0.366211,0.000000,-0.122070
8798762750,0.00569153,0.00650024,-1.00650024,0.366211,0.000000,-0.122070
8801306458,0.00569153,0.00650024,-1.00650024,0.305176,-0.183105,0.061035
8808452958,0.00662231,0.00695801,-1.00897217,0.305176,-0.183105,0.061035
8811005666,0.00662231,0.00695801,-1.00897217,0.366211,-0.122070,0.000000
8818389500,0.00654602,0.00543213,-1.00756836,0.366211,-0.122070,0.000000
8820940583,0.00654602,0.00543213,-1.00756836,0.244141,-0.122070,-0.061035
8828539500,0.00683594,0.00552368,-1.00662231,0.244141,-0.122070,-0.061035
8831089541,0.00683594,0.00552368,-1.00662231,0.305176,-0.183105,-0.183105
8838699208,0.00643921,0.00527954,-1.00909424,0.305176,-0.183105,-0.183105
8841262625,0.00643921,0.00527954,-1.00909424,0.305176,-0.061035,0.122070
8848877208,0.00650024,0.00639343,-1.00930786,0.305176,-0.061035,0.122070
8851598708,0.00650024,0.00639343,-1.00930786,0.366211,-0.061035,0.061035
8859203458,0.00634766,0.00675964,-1.00860596,0.366211,-0.061035,0.061035
8861748166,0.00634766,0.00675964,-1.00860596,0.305176,-0.183105,-0.122070
8869328750,0.00616455,0.00595093,-1.00811768,0.305176,-0.183105,-0.122070
8871666000,0.00616455,0.00595093,-1.00811768,0.305176,-0.244141,0.061035
8879235541,0.00653076,0.00639343,-1.00802612,0.305176,-0.244141,0.061035
8881767125,0.00653076,0.00639343,-1.00802612,0.488281,-0.061035,0.000000
8889694875,0.00679016,0.00778198,-1.00830078,0.488281,-0.061035,0.000000
8892249791,0.00679016,0.00778198,-1.00830078,0.244141,-0.183105,-0.061035
8899763208,0.00700378,0.00712585,-1.00737000,0.244141,-0.183105,-0.061035
8902321708,0.00700378,0.00712585,-1.00737000,0.244141,-0.183105,-0.122070
8909930375,0.00555420,0.00698853,-1.00755310,0.244141,-0.183105,-0.122070
8912469916,0.00555420,0.00698853,-1.00755310,0.305176,-0.244141,-0.183105
8919918291,0.00630188,0.00651550,-1.00881958,0.305176,-0.244141,-0.183105
8922460625,0.00630188,0.00651550,-1.00881958,0.183105,-0.183105,0.000000
8930045791,0.00540161,0.00588989,-1.00859070,0.183105,-0.183105,0.000000
8932592208,0.00540161,0.00588989,-1.00859070,0.305176,-0.183105,-0.061035
8940190458,0.00576782,0.00704956,-1.00897217,0.305176,-0.183105,-0.061035
8942732375,0.00576782,0.00704956,-1.00897217,0.366211,-0.122070,0.061035
8950298708,0.00659180,0.00761414,-1.00784302,0.366211,-0.122070,0.061035
8952677375,0.00659180,0.00761414,-1.00784302,0.427246,-0.183105,0.000000
8960177791,0.00631714,0.00672913,-1.00849915,0.427246,-0.183105,0.000000
8962710416,0.00631714,0.00672913,-1.00849915,0.305176,-0.122070,-0.061035
8970336541,0.00599670,0.00614929,-1.00819397,0.305176,-0.122070,-0.061035
8973123958,0.00599670,0.00614929,-1.00819397,0.244141,-0.183105,0.000000
8978174250,0.00570679,0.00556946,-1.00685120,0.244141,-0.183105,0.000000
8980700250,0.00570679,0.00556946,-1.00685120,0.305176,-0.183105,-0.122070
8988038791,0.00584412,0.00587463,-1.00921631,0.305176,-0.183105,-0.122070
8993111041,0.00584412,0.00587463,-1.00921631,0.244141,0.122070,-0.061035
8998173625,0.00546265,0.00619507,-1.00848389,0.244141,0.122070,-0.061035
9000727916,0.00546265,0.00619507,-1.00848389,0.305176,-0.183105,-0.122070
9008340875,0.00639343,0.00669861,-1.00741577,0.305176,-0.183105,-0.122070
9010878541,0.00639343,0.00669861,-1.00741577,0.305176,-0.122070,-0.122070
9018458583,0.00744629,0.00669861,-1.00762939,0.305176,-0.122070,-0.122070
9021001791,0.00744629,0.00669861,-1.00762939,0.427246,-0.305176,-0.183105
9028316958,0.00730896,0.00654602,-1.00817871,0.427246,-0.305176,-0.183105
9030857250,0.00730896,0.00654602,-1.00817871,0.244141,-0.183105,0.000000
9038459541,0.00784302,0.00692749,-1.00765991,0.244141,-0.183105,0.000000
9042701833,0.00784302,0.00692749,-1.00765991,0.305176,-0.061035,0.000000
9050274333,0.00735474,0.00662231,-1.00808716,0.305176,-0.061035,0.000000
9052824583,0.00735474,0.00662231,-1.00808716,0.305176,-0.122070,-0.061035
9060451208,0.00714111,0.00588989,-1.00886536,0.305176,-0.122070,-0.061035
9062618166,0.00714111,0.00588989,-1.00886536,0.244141,-0.244141,-0.122070
9069816125,0.00672913,0.00666809,-1.00877380,0.244141,-0.244141,-0.122070
9072365666,0.00672913,0.00666809,-1.00877380,0.244141,-0.244141,-0.061035
9079983541,0.00685120,0.00636292,-1.00798035,0.244141,-0.244141,-0.061035
9082506583,0.00685120,0.00636292,-1.00798035,0.305176,-0.122070,0.000000
9090080458,0.00756836,0.00701904,-1.00732422,0.305176,-0.122070,0.000000
9092614750,0.00756836,0.00701904,-1.00732422,0.244141,-0.244141,-0.183105
9100161041,0.00611877,0.00732422,-1.00848389,0.244141,-0.244141,-0.183105
9102707208,0.00611877,0.00732422,-1.00848389,0.305176,-0.122070,0.061035
9110175250,0.00552368,0.00672913,-1.00793457,0.305176,-0.122070,0.061035
9112745166,0.00552368,0.00672913,-1.00793457,0.427246,-0.061035,0.000000
9120332041,0.00663757,0.00682068,-1.00715637,0.427246,-0.061035,0.000000
9122873000,0.00663757,0.00682068,-1.00715637,0.366211,-0.183105,0.061035
9130477166,0.00561523,0.00697327,-1.00820923,0.366211,-0.183105,0.061035
9133000750,0.00561523,0.00697327,-1.00820923,0.366211,-0.122070,-0.061035
9140417041,0.00593567,0.00712585,-1.00909424,0.366211,-0.122070,-0.061035
9142955375,0.00593567,0.00712585,-1.00909424,0.305176,-0.183105,-0.061035
9150533333,0.00724792,0.00665283,-1.00849915,0.305176,-0.183105,-0.061035
9153063750,0.00724792,0.00665283,-1.00849915,0.427246,-0.244141,0.000000
9158192958,0.00762939,0.00651550,-1.00854492,0.427246,-0.244141,0.000000
9160732875,0.00762939,0.00651550,-1.00854492,0.427246,-0.183105,-0.061035
9168320416,0.00711060,0.00653076,-1.00820923,0.427246,-0.183105,-0.061035
9170809375,0.00711060,0.00653076,-1.00820923,0.244141,-0.183105,0.061035
9178448083,0.00831604,0.00553894,-1.00714111,0.244141,-0.183105,0.061035
9180694666,0.00831604,0.00553894,-1.00714111,0.427246,-0.305176,0.061035
9188292333,0.00700378,0.00553894,-1.00827026,0.427246,-0.305176,0.061035
9193106708,0.00700378,0.00553894,-1.00827026,0.427246,0.122070,-0.061035
9198164583,0.00601196,0.00799561,-1.00779724,0.427246,0.122070,-0.061035
9200683708,0.00601196,0.00799561,-1.00779724,0.366211,-0.183105,-0.061035
9208269000,0.00668335,0.00714111,-1.00712585,0.366211,-0.183105,-0.061035
9210798833,0.00668335,0.00714111,-1.00712585,0.610352,-0.183105,0.000000
9218349958,0.00498962,0.00718689,-1.00863647,0.610352,-0.183105,0.000000
9220880666,0.00498962,0.00718689,-1.00863647,-0.366211,-0.061035,0.061035
9228451833,0.00558472,0.00677490,-0.99830627,-0.366211,-0.061035,0.061035
9230984000,0.00558472,0.00677490,-0.99830627,0.366211,-0.122070,0.061035
9238572708,0.00672913,0.00576782,-1.02391052,0.366211,-0.122070,0.061035
9241117500,0.00672913,0.00576782,-1.02391052,0.122070,-0.122070,0.000000
9248671916,0.00668335,0.00605774,-1.00305176,0.122070,-0.122070,0.000000
9251208666,0.00668335,0.00605774,-1.00305176,0.488281,-0.122070,-0.061035
9258746041,0.00619507,0.00526428,-1.01228333,0.488281,-0.122070,-0.061035
9261280708,0.00619507,0.00526428,-1.01228333,0.305176,-0.183105,0.000000
9268836958,0.00567627,0.00444031,-1.00625610,0.305176,-0.183105,0.000000
9271206041,0.00567627,0.00444031,-1.00625610,0.122070,-0.305176,0.000000
9281155000,0.00764465,0.00566101,-1.00743103,0.305176,-0.183105,-0.061035
9288765541,0.00833130,0.00637817,-1.00770569,0.305176,-0.183105,-0.061035
9291341708,0.00833130,0.00637817,-1.00770569,0.244141,-0.183105,-0.122070
9298970041,0.00839233,0.00657654,-1.00782776,0.244141,-0.183105,-0.122070
9301515083,0.00839233,0.00657654,-1.00782776,0.305176,-0.122070,0.061035
9309127125,0.00746155,0.00689697,-1.00897217,0.305176,-0.122070,0.061035
9311663750,0.00746155,0.00689697,-1.00897217,0.305176,-0.244141,-0.061035
9318895625,0.00537109,0.00592041,-1.00872803,0.305176,-0.244141,-0.061035
9321104416,0.00537109,0.00592041,-1.00872803,0.244141,-0.122070,0.122070
9328681125,0.00457764,0.00695801,-1.00804138,0.244141,-0.122070,0.122070
9331207041,0.00457764,0.00695801,-1.00804138,0.305176,-0.122070,-0.061035
9341081333,0.00413513,0.00793457,-1.00776672,0.427246,-0.183105,0.000000
9350915083,0.00410461,0.00775146,-1.00808716,0.366211,-0.122070,0.061035
9361034666,0.00559998,0.00675964,-1.00779724,0.488281,-0.183105,0.061035
9371136708,0.00567627,0.00628662,-1.00891113,0.427246,-0.183105,-0.061035
9380777458,0.00624084,0.00715637,-1.00836182,0.305176,-0.122070,0.000000
9390589000,0.00737000,0.00637817,-1.00851440,0.305176,-0.122070,0.000000
9392886083,0.00737000,0.00637817,-1.00851440,0.244141,-0.061035,0.122070
9400485583,0.00820923,0.00476074,-1.00865173,0.244141,-0.061035,0.122070
9403053416,0.00820923,0.00476074,-1.00865173,0.366211,-0.061035,-0.061035
9410444583,0.00738525,0.00489807,-1.00830078,0.366211,-0.061035,-0.061035
9412977208,0.00738525,0.00489807,-1.00830078,0.366211,-0.122070,0.122070
9420536583,0.00758362,0.00515747,-1.00830078,0.366211,-0.122070,0.122070
9423103291,0.00758362,0.00515747,-1.00830078,0.244141,-0.244141,-0.061035
9430675583,0.00718689,0.00527954,-1.00843811,0.244141,-0.244141,-0.061035
9433207583,0.00718689,0.00527954,-1.00843811,0.305176,-0.244141,-0.122070
9440419500,0.00775146,0.00619507,-1.00788879,0.305176,-0.244141,-0.122070
9442984958,0.00775146,0.00619507,-1.00788879,0.305176,-0.122070,-0.061035
9450579291,0.00621033,0.00683594,-1.00791931,0.305176,-0.122070,-0.061035
9453133791,0.00621033,0.00683594,-1.00791931,0.305176,-0.244141,-0.122070
9460746166,0.00520325,0.00601196,-1.00849915,0.305176,-0.244141,-0.122070
9463310041,0.00520325,0.00601196,-1.00849915,0.244141,-0.183105,-0.061035
9470612750,0.00559998,0.00730896,-1.00793457,0.244141,-0.183105,-0.061035
9473159833,0.00559998,0.00730896,-1.00793457,0.427246,-0.183105,-0.122070
9484208875,0.00566101,0.00775146,-1.00775146,0.366211,-0.244141,-0.061035
9489339458,0.00485229,0.00752258,-1.00819397,0.366211,-0.244141,-0.061035
9491893208,0.00485229,0.00752258,-1.00819397,0.427246,-0.061035,0.061035
9499526333,0.00532532,0.00749207,-1.00761414,0.427246,-0.061035,0.061035
9502089250,0.00532532,0.00749207,-1.00761414,0.366211,-0.061035,-0.061035
9509728416,0.00602722,0.00659180,-1.00848389,0.366211,-0.061035,-0.061035
9512288375,0.00602722,0.00659180,-1.00848389,0.000000,-0.305176,-0.061035
9519674041,0.00679016,0.00561523,-1.00885010,0.000000,-0.305176,-0.061035
9522227000,0.00679016,0.00561523,-1.00885010,0.305176,-0.183105,0.061035
9529849916,0.00682068,0.00584412,-1.00852966,0.305176,-0.183105,0.061035
9532413750,0.00682068,0.00584412,-1.00852966,0.366211,-0.122070,0.061035
9540024125,0.00718689,0.00575256,-1.00862122,0.366211,-0.122070,0.061035
9542299666,0.00718689,0.00575256,-1.00862122,0.366211,-0.122070,-0.061035
9549894750,0.00740051,0.00502014,-1.00811768,0.366211,-0.122070,-0.061035
9552434208,0.00740051,0.00502014,-1.00811768,0.366211,-0.122070,0.000000
9560017250,0.00653076,0.00511169,-1.00694275,0.366211,-0.122070,0.000000
9562544791,0.00653076,0.00511169,-1.00694275,0.305176,-0.122070,-0.061035
9569971708,0.00636292,0.00584412,-1.00828552,0.305176,-0.122070,-0.061035
9572529583,0.00636292,0.00584412,-1.00828552,0.366211,-0.305176,-0.122070
9580098666,0.00607300,0.00631714,-1.00885010,0.366211,-0.305176,-0.122070
9582331250,0.00607300,0.00631714,-1.00885010,0.305176,-0.305176,0.000000
9589517833,0.00598145,0.00714111,-1.00799561,0.305176,-0.305176,0.000000
9592043166,0.00598145,0.00714111,-1.00799561,0.366211,-0.122070,-0.122070
9599384541,0.00611877,0.00709534,-1.00804138,0.366211,-0.122070,-0.122070
9601914125,0.00611877,0.00709534,-1.00804138,0.305176,-0.122070,0.000000
9609524500,0.00585938,0.00679016,-1.00743103,0.305176,-0.122070,0.000000
9612056291,0.00585938,0.00679016,-1.00743103,0.366211,-0.122070,-0.122070
9619613375,0.00532532,0.00712585,-1.00819397,0.366211,-0.122070,-0.122070
9622168500,0.00532532,0.00712585,-1.00819397,0.305176,-0.061035,0.061035
9629770541,0.00564575,0.00689697,-1.00866699,0.305176,-0.061035,0.061035
9632294500,0.00564575,0.00689697,-1.00866699,0.122070,-0.183105,-0.122070
9639441875,0.00611877,0.00636292,-1.00813293,0.122070,-0.183105,-0.122070
9641789958,0.00611877,0.00636292,-1.00813293,0.305176,-0.122070,-0.061035
9649299541,0.00732422,0.00648499,-1.00898743,0.305176,-0.122070,-0.061035
9651836500,0.00732422,0.00648499,-1.00898743,0.305176,0.000000,0.000000
9659408958,0.00665283,0.00621033,-1.00950623,0.305176,0.000000,0.000000
9661934333,0.00665283,0.00621033,-1.00950623,0.244141,-0.244141,-0.122070
9669519750,0.00675964,0.00646973,-1.00796509,0.244141,-0.244141,-0.122070
9672063166,0.00675964,0.00646973,-1.00796509,0.427246,-0.183105,0.000000
9679627208,0.00709534,0.00630188,-1.00772095,0.427246,-0.183105,0.000000
9682153291,0.00709534,0.00630188,-1.00772095,0.366211,-0.183105,-0.122070
9689744708,0.00718689,0.00584412,-1.00839233,0.366211,-0.183105,-0.122070
9692286666,0.00718689,0.00584412,-1.00839233,0.488281,-0.183105,0.000000
9699840875,0.00651550,0.00617981,-1.00828552,0.488281,-0.183105,0.000000
9702378750,0.00651550,0.00617981,-1.00828552,0.366211,-0.244141,0.000000
9709575541,0.00578308,0.00656128,-1.00787354,0.366211,-0.244141,0.000000
9712112375,0.00578308,0.00656128,-1.00787354,0.244141,-0.244141,-0.122070
9719308000,0.00534058,0.00657654,-1.00831604,0.244141,-0.244141,-0.122070
9721541875,0.00534058,0.00657654,-1.00831604,0.305176,-0.244141,0.000000
9729128708,0.00634766,0.00669861,-1.00910950,0.305176,-0.244141,0.000000
9731676166,0.00634766,0.00669861,-1.00910950,0.366211,-0.244141,-0.061035
9739288083,0.00552368,0.00726318,-1.00868225,0.366211,-0.244141,-0.061035
9741839583,0.00552368,0.00726318,-1.00868225,0.427246,-0.183105,-0.061035
9749331041,0.00627136,0.00653076,-1.00775146,0.427246,-0.183105,-0.061035
9751868750,0.00627136,0.00653076,-1.00775146,0.305176,-0.122070,-0.061035
9759000875,0.00654602,0.00695801,-1.00845337,0.305176,-0.122070,-0.061035
9761528000,0.00654602,0.00695801,-1.00845337,0.244141,-0.122070,-0.122070
9769108166,0.00640869,0.00720215,-1.00860596,0.244141,-0.122070,-0.122070
9771652125,0.00640869,0.00720215,-1.00860596,0.305176,-0.183105,0.061035
9779243916,0.00656128,0.00611877,-1.00869751,0.305176,-0.183105,0.061035
9781788666,0.00656128,0.00611877,-1.00869751,0.305176,0.000000,0.122070
9789064583,0.00685120,0.00715637,-1.00875854,0.305176,0.000000,0.122070
9791627458,0.00685120,0.00715637,-1.00875854,0.366211,-0.183105,0.000000
9799225000,0.00782776,0.00672913,-1.00813293,0.366211,-0.183105,0.000000
9801763708,0.00782776,0.00672913,-1.00813293,0.305176,-0.122070,0.000000
9809383416,0.00698853,0.00611877,-1.00808716,0.305176,-0.122070,0.000000
9811939041,0.00698853,0.00611877,-1.00808716,0.305176,-0.122070,0.000000
9819500541,0.00709534,0.00631714,-1.00950623,0.305176,-0.122070,0.000000
9822025041,0.00709534,0.00631714,-1.00950623,0.427246,-0.244141,-0.122070
9829597375,0.00653076,0.00570679,-1.00827026,0.427246,-0.244141,-0.122070
9832141166,0.00653076,0.00570679,-1.00827026,0.244141,-0.122070,-0.061035
9839332458,0.00640869,0.00634766,-1.00804138,0.244141,-0.122070,-0.061035
9841872583,0.00640869,0.00634766,-1.00804138,0.427246,0.000000,-0.061035
9849207750,0.00686646,0.00587463,-1.00817871,0.427246,0.000000,-0.061035
9851754333,0.00686646,0.00587463,-1.00817871,0.305176,-0.244141,0.000000
9859360250,0.00610352,0.00627136,-1.00822449,0.305176,-0.244141,0.000000
9861903833,0.00610352,0.00627136,-1.00822449,0.305176,-0.061035,0.061035
9869467458,0.00654602,0.00599670,-1.00820923,0.305176,-0.061035,0.061035
9872008166,0.00654602,0.00599670,-1.00820923,0.366211,-0.244141,-0.061035
9879605333,0.00555420,0.00566101,-1.00842285,0.366211,-0.244141,-0.061035
9882148958,0.00555420,0.00566101,-1.00842285,0.305176,-0.122070,-0.061035
9889729833,0.00619507,0.00608826,-1.00840759,0.305176,-0.122070,-0.061035
9892292833,0.00619507,0.00608826,-1.00840759,0.366211,-0.122070,0.000000
9899882500,0.00688171,0.00675964,-1.00848389,0.366211,-0.122070,0.000000
9902431250,0.00688171,0.00675964,-1.00848389,0.366211,-0.183105,0.000000
9909457541,0.00605774,0.00672913,-1.00883484,0.366211,-0.183105,0.000000
9911997666,0.00605774,0.00672913,-1.00883484,0.427246,-0.122070,-0.122070
9919551458,0.00692749,0.00746155,-1.00769043,0.427246,-0.122070,-0.122070
9922086291,0.00692749,0.00746155,-1.00769043,0.244141,-0.366211,-0.061035
9929274666,0.00648499,0.00674438,-1.00706482,0.244141,-0.366211,-0.061035
9931802458,0.00648499,0.00674438,-1.00706482,0.244141,-0.061035,-0.061035
9939420958,0.00584412,0.00559998,-1.00820923,0.244141,-0.061035,-0.061035
9941989250,0.00584412,0.00559998,-1.00820923,0.305176,-0.244141,0.000000
9949651500,0.00634766,0.00704956,-1.00859070,0.305176,-0.244141,0.000000
9952212500,0.00634766,0.00704956,-1.00859070,0.427246,0.000000,0.061035
9959829708,0.00642395,0.00755310,-1.00767517,0.427246,0.000000,0.061035
9962388000,0.00642395,0.00755310,-1.00767517,0.244141,-0.183105,-0.061035
9970042125,0.00608826,0.00740051,-1.00737000,0.244141,-0.183105,-0.061035
9972606083,0.00608826,0.00740051,-1.00737000,0.427246,-0.122070,-0.061035
9980224958,0.00627136,0.00701904,-1.00804138,0.427246,-0.122070,-0.061035
9982781166,0.00627136,0.00701904,-1.00804138,0.305176,-0.244141,0.061035
9990385541,0.00747681,0.00671387,-1.00765991,0.305176,-0.244141,0.061035
9992955166,0.00747681,0.00671387,-1.00765991,0.610352,-0.061035,-0.061035
10000409416,0.00633240,0.00657654,-1.00762939,0.610352,-0.061035,-0.061035
10002943208,0.00633240,0.00657654,-1.00762939,0.183105,0.061035,-0.061035
10010391916,0.00668335,0.00611877,-1.00665283,0.183105,0.061035,-0.061035
10012927375,0.00668335,0.00611877,-1.00665283,0.244141,-0.183105,0.000000
10020525458,0.00740051,0.00643921,-1.01358032,0.244141,-0.183105,0.000000
10023067458,0.00740051,0.00643921,-1.01358032,0.305176,-0.183105,0.000000
10030389583,0.00688171,0.00634766,-1.00653076,0.305176,-0.183105,0.000000
10032910583,0.00688171,0.00634766,-1.00653076,0.305176,-0.183105,-0.061035
10040422708,0.00645447,0.00602722,-1.00750732,0.305176,-0.183105,-0.061035
10042983833,0.00645447,0.00602722,-1.00750732,0.488281,-0.244141,0.000000
10050576166,0.00601196,0.00538635,-1.00825500,0.488281,-0.244141,0.000000
10053114208,0.00601196,0.00538635,-1.00825500,0.244141,-0.244141,-0.061035
10060560583,0.00651550,0.00674438,-1.00798035,0.244141,-0.244141,-0.061035
10063116333,0.00651550,0.00674438,-1.00798035,0.366211,-0.122070,-0.061035
10070676750,0.00691223,0.00694275,-1.00776672,0.366211,-0.122070,-0.061035
10073227625,0.00691223,0.00694275,-1.00776672,0.244141,-0.122070,0.000000
10080804000,0.00723267,0.00645447,-1.00764465,0.244141,-0.122070,0.000000
10083339916,0.00723267,0.00645447,-1.00764465,0.305176,-0.244141,0.000000
10090953625,0.00616455,0.00743103,-1.00871277,0.305176,-0.244141,0.000000
10093534500,0.00616455,0.00743103,-1.00871277,0.244141,-0.183105,0.000000
10101151708,0.00621033,0.00741577,-1.00863647,0.244141,-0.183105,0.000000
10103683125,0.00621033,0.00741577,-1.00863647,0.366211,-0.122070,0.000000
10111300291,0.00746155,0.00599670,-1.00767517,0.366211,-0.122070,0.000000
10113855833,0.00746155,0.00599670,-1.00767517,0.305176,-0.122070,0.061035
10118916250,0.00662231,0.00604248,-1.00704956,0.305176,-0.122070,0.061035
10123985708,0.00662231,0.00604248,-1.00704956,0.427246,-0.122070,-0.122070
10129055833,0.00659180,0.00608826,-1.00933838,0.427246,-0.122070,-0.122070
10134152250,0.00659180,0.00608826,-1.00933838,0.244141,-0.122070,-0.122070
10139215916,0.00604248,0.00601196,-1.00962830,0.244141,-0.122070,-0.122070
10141759375,0.00604248,0.00601196,-1.00962830,0.244141,-0.122070,-0.122070
10149343791,0.00631714,0.00588989,-1.00700378,0.244141,-0.122070,-0.122070
10151893333,0.00631714,0.00588989,-1.00700378,0.305176,-0.183105,-0.061035
10159054375,0.00616455,0.00672913,-1.00808716,0.305176,-0.183105,-0.061035
10164104541,0.00616455,0.00672913,-1.00808716,0.305176,-0.122070,-0.183105
10169210500,0.00550842,0.00695801,-1.00837708,0.305176,-0.122070,-0.183105
10171770583,0.00550842,0.00695801,-1.00837708,0.122070,-0.122070,-0.061035
10179325916,0.00627136,0.00740051,-1.00738525,0.122070,-0.122070,-0.061035
10181855916,0.00627136,0.00740051,-1.00738525,0.244141,-0.183105,-0.122070
10189478333,0.00669861,0.00749207,-1.00689697,0.244141,-0.183105,-0.122070
10192011208,0.00669861,0.00749207,-1.00689697,0.366211,-0.183105,-0.183105
10199566791,0.00677490,0.00708008,-1.00776672,0.366211,-0.183105,-0.183105
10202098291,0.00677490,0.00708008,-1.00776672,0.427246,-0.183105,0.000000
10209677708,0.00657654,0.00675964,-1.00790405,0.427246,-0.183105,0.000000
10212206083,0.00657654,0.00675964,-1.00790405,0.366211,-0.122070,0.000000
10219767125,0.00646973,0.00650024,-1.00807190,0.366211,-0.122070,0.000000
10222303458,0.00646973,0.00650024,-1.00807190,0.427246,-0.122070,-0.061035
10229975166,0.00512695,0.00654602,-1.00828552,0.427246,-0.122070,-0.061035
10232504083,0.00512695,0.00654602,-1.00828552,0.244141,-0.244141,-0.061035
10240105666,0.00540161,0.00622559,-1.00753784,0.244141,-0.244141,-0.061035
10242651750,0.00540161,0.00622559,-1.00753784,0.305176,-0.183105,-0.122070
10250237250,0.00732422,0.00491333,-1.00827026,0.305176,-0.183105,-0.122070
10252535750,0.00732422,0.00491333,-1.00827026,0.183105,-0.061035,-0.122070
10259376291,0.00770569,0.00581360,-1.00849915,0.183105,-0.061035,-0.122070
10261899666,0.00770569,0.00581360,-1.00849915,0.244141,-0.122070,-0.061035
10269447083,0.00640869,0.00642395,-1.00782776,0.244141,-0.122070,-0.061035
10271988166,0.00640869,0.00642395,-1.00782776,0.122070,-0.061035,-0.061035
10279594041,0.00592041,0.00674438,-1.00697327,0.122070,-0.061035,-0.061035
10282138458,0.00592041,0.00674438,-1.00697327,0.305176,-0.122070,0.000000
10289746791,0.00509644,0.00718689,-1.00772095,0.305176,-0.122070,0.000000
10292095541,0.00509644,0.00718689,-1.00772095,0.366211,-0.122070,0.000000
10299696875,0.00556946,0.00662231,-1.00781250,0.366211,-0.122070,0.000000
10301992416,0.00556946,0.00662231,-1.00781250,0.244141,-0.183105,0.061035
10309619916,0.00521851,0.00753784,-1.00897217,0.244141,-0.183105,0.061035
10312171916,0.00521851,0.00753784,-1.00897217,0.305176,-0.183105,0.122070
10319803875,0.00561523,0.00668335,-1.00804138,0.305176,-0.183105,0.122070
10322348833,0.00561523,0.00668335,-1.00804138,0.305176,-0.244141,-0.061035
10329671208,0.00558472,0.00627136,-1.00735474,0.305176,-0.244141,-0.061035
10332214208,0.00558472,0.00627136,-1.00735474,0.366211,-0.061035,-0.061035
10339839250,0.00570679,0.00660706,-1.00772095,0.366211,-0.061035,-0.061035
10342407791,0.00570679,0.00660706,-1.00772095,0.305176,-0.244141,0.061035
10349970916,0.00604248,0.00642395,-1.00765991,0.305176,-0.244141,0.061035
10352504666,0.00604248,0.00642395,-1.00765991,0.488281,-0.183105,-0.061035
10360100041,0.00634766,0.00643921,-1.00845337,0.488281,-0.183105,-0.061035
10362636041,0.00634766,0.00643921,-1.00845337,0.305176,-0.183105,0.000000
10369803291,0.00769043,0.00634766,-1.00840759,0.305176,-0.183105,0.000000
10372349708,0.00769043,0.00634766,-1.00840759,0.793457,-0.122070,-0.061035
10379915333,0.00756836,0.00613403,-1.00683594,0.793457,-0.122070,-0.061035
10382442750,0.00756836,0.00613403,-1.00683594,0.000000,-0.122070,0.061035
10390009416,0.00810242,0.00590515,-1.00697327,0.000000,-0.122070,0.061035
10392565791,0.00810242,0.00590515,-1.00697327,0.244141,-0.061035,0.000000
10400149458,0.00857544,0.00650024,-1.01626587,0.244141,-0.061035,0.000000
10402690625,0.00857544,0.00650024,-1.01626587,0.122070,-0.183105,-0.061035
10410288041,0.00692749,0.00715637,-1.00450134,0.122070,-0.183105,-0.061035
10412833541,0.00692749,0.00715637,-1.00450134,0.122070,-0.122070,0.000000
10420286375,0.00563049,0.00573730,-1.00758362,0.122070,-0.122070,0.000000
10422826541,0.00563049,0.00573730,-1.00758362,0.305176,-0.061035,0.000000
10430165833,0.00489807,0.00598145,-1.00834656,0.305176,-0.061035,0.000000
10432706458,0.00489807,0.00598145,-1.00834656,0.427246,-0.122070,-0.061035
10440304125,0.00508118,0.00703430,-1.00823975,0.427246,-0.122070,-0.061035
10442773625,0.00508118,0.00703430,-1.00823975,0.366211,-0.061035,-0.061035
10450083250,0.00546265,0.00747681,-1.00830078,0.366211,-0.061035,-0.061035
10452627083,0.00546265,0.00747681,-1.00830078,0.366211,-0.183105,-0.183105
10460161166,0.00573730,0.00640869,-1.00680542,0.366211,-0.183105,-0.183105
10462690166,0.00573730,0.00640869,-1.00680542,0.366211,-0.183105,0.000000
10469881083,0.00628662,0.00634766,-1.00796509,0.366211,-0.183105,0.000000
10472429416,0.00628662,0.00634766,-1.00796509,0.244141,-0.061035,0.000000
10479895708,0.00663757,0.00692749,-1.00923157,0.244141,-0.061035,0.000000
10482440291,0.00663757,0.00692749,-1.00923157,0.183105,-0.122070,-0.061035
10489762625,0.00608826,0.00602722,-1.00799561,0.183105,-0.122070,-0.061035
10492300541,0.00608826,0.00602722,-1.00799561,0.122070,-0.244141,-0.061035
10499881916,0.00622559,0.00544739,-1.00765991,0.122070,-0.244141,-0.061035
10502417541,0.00622559,0.00544739,-1.00765991,0.183105,-0.122070,-0.122070
10509860083,0.00642395,0.00564575,-1.00814819,0.183105,-0.122070,-0.122070
10512400458,0.00642395,0.00564575,-1.00814819,0.183105,-0.122070,-0.183105
10519969916,0.00639343,0.00465393,-1.00817871,0.183105,-0.122070,-0.183105
10522518833,0.00639343,0.00465393,-1.00817871,0.061035,-0.122070,-0.061035
10529878833,0.00657654,0.00514221,-1.00640869,0.061035,-0.122070,-0.061035
10532418083,0.00657654,0.00514221,-1.00640869,0.061035,-0.244141,-0.061035
10540015583,0.00740051,0.00617981,-1.00784302,0.061035,-0.244141,-0.061035
10542125500,0.00740051,0.00617981,-1.00784302,0.061035,-0.183105,-0.122070
10549695166,0.00601196,0.00637817,-1.00877380,0.061035,-0.183105,-0.122070
10552126125,0.00601196,0.00637817,-1.00877380,0.244141,-0.183105,0.061035
10559738750,0.00518799,0.00679016,-1.00810242,0.244141,-0.183105,0.061035
10562285125,0.00518799,0.00679016,-1.00810242,0.122070,-0.122070,-0.122070
10569872083,0.00468445,0.00712585,-1.00776672,0.122070,-0.122070,-0.122070
10572420291,0.00468445,0.00712585,-1.00776672,0.305176,-0.305176,-0.061035
10579989208,0.00473022,0.00813293,-1.00823975,0.305176,-0.305176,-0.061035
10582518458,0.00473022,0.00813293,-1.00823975,0.366211,-0.183105,0.122070
10590082208,0.00450134,0.00776672,-1.00691223,0.366211,-0.183105,0.122070
10592613208,0.00450134,0.00776672,-1.00691223,0.122070,-0.122070,0.061035
10600178458,0.00671387,0.00758362,-1.00851440,0.122070,-0.122070,0.061035
10602717125,0.00671387,0.00758362,-1.00851440,0.488281,-0.305176,-0.061035
10610292958,0.00837708,0.00675964,-1.00839233,0.488281,-0.305176,-0.061035
10612825958,0.00837708,0.00675964,-1.00839233,0.427246,-0.183105,-0.122070
10620391375,0.01222229,0.00703430,-1.00764465,0.427246,-0.183105,-0.122070
10622923500,0.01222229,0.00703430,-1.00764465,0.244141,-0.183105,-0.244141
10630481958,0.01013184,0.00671387,-1.00747681,0.244141,-0.183105,-0.244141
10633011458,0.01013184,0.00671387,-1.00747681,0.427246,-0.061035,0.000000
10640413458,0.00608826,0.00463867,-1.00810242,0.427246,-0.061035,0.000000
10642792250,0.00608826,0.00463867,-1.00810242,0.305176,-0.122070,-0.122070
10650383958,0.00341797,0.00459290,-1.00775146,0.305176,-0.122070,-0.122070
10652938958,0.00341797,0.00459290,-1.00775146,0.427246,-0.122070,-0.183105
10660398291,0.00311279,0.00521851,-1.00715637,0.427246,-0.122070,-0.183105
10662948458,0.00311279,0.00521851,-1.00715637,0.366211,-0.183105,-0.061035
10670279416,0.00448608,0.00720215,-1.00854492,0.366211,-0.183105,-0.061035
10672837750,0.00448608,0.00720215,-1.00854492,0.366211,0.061035,-0.122070
10680277833,0.00497437,0.00735474,-1.00837708,0.366211,0.061035,-0.122070
10682816750,0.00497437,0.00735474,-1.00837708,0.244141,-0.183105,0.000000
10690227916,0.00671387,0.00787354,-1.00781250,0.244141,-0.183105,0.000000
10692822583,0.00671387,0.00787354,-1.00781250,0.366211,-0.122070,0.000000
10700403041,0.00596619,0.00889587,-1.00810242,0.366211,-0.122070,0.000000
10702973291,0.00596619,0.00889587,-1.00810242,0.122070,-0.244141,-0.122070
10710272833,0.00494385,0.00842285,-1.00863647,0.122070,-0.244141,-0.122070
10712716583,0.00494385,0.00842285,-1.00863647,0.244141,-0.122070,-0.061035
10720310291,0.00511169,0.00750732,-1.00839233,0.244141,-0.122070,-0.061035
10722855333,0.00511169,0.00750732,-1.00839233,0.305176,-0.427246,0.122070
10730335541,0.00614929,0.00694275,-1.00775146,0.305176,-0.427246,0.122070
10732846833,0.00614929,0.00694275,-1.00775146,0.244141,-0.183105,0.000000
10740468833,0.00689697,0.00656128,-1.00805664,0.244141,-0.183105,0.000000
10743057500,0.00689697,0.00656128,-1.00805664,0.122070,-0.122070,0.000000
10750675041,0.00801086,0.00630188,-1.00776672,0.122070,-0.122070,0.000000
10753218541,0.00801086,0.00630188,-1.00776672,0.183105,-0.122070,-0.061035
10760789250,0.00924683,0.00650024,-1.00833130,0.183105,-0.122070,-0.061035
10763317458,0.00924683,0.00650024,-1.00833130,0.000000,-0.244141,-0.183105
10770925458,0.00749207,0.00628662,-1.00770569,0.000000,-0.244141,-0.183105
10773483083,0.00749207,0.00628662,-1.00770569,0.366211,-0.244141,-0.122070
10781060875,0.00656128,0.00613403,-1.00750732,0.366211,-0.244141,-0.122070
10783602500,0.00656128,0.00613403,-1.00750732,0.427246,-0.122070,-0.183105
10790925458,0.00552368,0.00550842,-1.00808716,0.427246,-0.122070,-0.183105
10793460750,0.00552368,0.00550842,-1.00808716,0.305176,-0.244141,0.061035
10801016750,0.00601196,0.00727844,-1.00823975,0.305176,-0.244141,0.061035
10803543916,0.00601196,0.00727844,-1.00823975,0.305176,-0.183105,0.000000
10811124041,0.00575256,0.00788879,-1.00878906,0.305176,-0.183105,0.000000
10813660625,0.00575256,0.00788879,-1.00878906,0.305176,-0.183105,0.000000
10821245541,0.00627136,0.00808716,-1.00828552,0.305176,-0.183105,0.000000
10823778958,0.00627136,0.00808716,-1.00828552,0.366211,-0.183105,-0.122070
10831357500,0.00610352,0.00814819,-1.00827026,0.366211,-0.183105,-0.122070
10833575625,0.00610352,0.00814819,-1.00827026,0.366211,-0.122070,0.000000
10841216791,0.00648499,0.00732422,-1.00804138,0.366211,-0.122070,0.000000
10843549875,0.00648499,0.00732422,-1.00804138,0.549316,-0.061035,0.000000
10850900958,0.00602722,0.00733948,-1.00755310,0.549316,-0.061035,0.000000
10853480125,0.00602722,0.00733948,-1.00755310,0.305176,-0.122070,0.000000
10861091375,0.00540161,0.00715637,-1.00910950,0.305176,-0.122070,0.000000
10863644375,0.00540161,0.00715637,-1.00910950,0.427246,-0.061035,0.061035
10871241500,0.00624084,0.00685120,-1.00869751,0.427246,-0.061035,0.061035
10873797083,0.00624084,0.00685120,-1.00869751,0.244141,-0.061035,0.000000
10881377416,0.00628662,0.00721741,-1.00642395,0.244141,-0.061035,0.000000
10883913416,0.00628662,0.00721741,-1.00642395,0.305176,-0.183105,0.061035
10891510750,0.00624084,0.00691223,-1.00917053,0.305176,-0.183105,0.061035
10894054291,0.00624084,0.00691223,-1.00917053,0.366211,-0.244141,-0.122070
10901632125,0.00785828,0.00679016,-1.00773621,0.366211,-0.244141,-0.122070
10904186916,0.00785828,0.00679016,-1.00773621,0.183105,-0.244141,-0.061035
10911775750,0.00805664,0.00703430,-1.00746155,0.183105,-0.244141,-0.061035
10913866375,0.00805664,0.00703430,-1.00746155,0.366211,-0.183105,-0.061035
10921046166,0.00715637,0.00650024,-1.00862122,0.366211,-0.183105,-0.061035
10923588916,0.00715637,0.00650024,-1.00862122,0.305176,-0.244141,-0.061035
10931169583,0.00688171,0.00653076,-1.00704956,0.305176,-0.244141,-0.061035
10933705000,0.00688171,0.00653076,-1.00704956,0.305176,-0.122070,-0.122070
10941182750,0.00695801,0.00564575,-1.00839233,0.305176,-0.122070,-0.122070
10943742208,0.00695801,0.00564575,-1.00839233,0.183105,-0.183105,0.000000
10951336666,0.00585938,0.00637817,-1.00910950,0.183105,-0.183105,0.000000
10953621416,0.00585938,0.00637817,-1.00910950,0.366211,-0.122070,0.000000
10960895625,0.00598145,0.00672913,-1.00915527,0.366211,-0.122070,0.000000
10963453458,0.00598145,0.00672913,-1.00915527,0.305176,-0.061035,-0.061035
10970410333,0.00643921,0.00646973,-1.00877380,0.305176,-0.061035,-0.061035
10972981500,0.00643921,0.00646973,-1.00877380,0.427246,-0.122070,-0.061035
10980602541,0.00460815,0.00608826,-1.00828552,0.427246,-0.122070,-0.061035
10983148541,0.00460815,0.00608826,-1.00828552,0.305176,-0.061035,-0.061035
10990410458,0.00543213,0.00691223,-1.00801086,0.305176,-0.061035,-0.061035
10992964916,0.00543213,0.00691223,-1.00801086,0.366211,-0.183105,0.122070
11000081500,0.00633240,0.00758362,-1.00744629,0.366211,-0.183105,0.122070
11002627166,0.00633240,0.00758362,-1.00744629,0.366211,-0.122070,0.000000
11010280958,0.00706482,0.00700378,-1.00988770,0.366211,-0.122070,0.000000
11012839875,0.00706482,0.00700378,-1.00988770,0.183105,0.000000,0.000000
11020447541,0.00677490,0.00607300,-1.00605774,0.183105,0.000000,0.000000
11023006666,0.00677490,0.00607300,-1.00605774,0.244141,-0.183105,-0.061035
11030605625,0.00888062,0.00599670,-1.00421143,0.244141,-0.183105,-0.061035
11033157625,0.00888062,0.00599670,-1.00421143,0.366211,-0.183105,-0.122070
11040413000,0.00729370,0.00802612,-1.01393127,0.366211,-0.183105,-0.122070
11042979875,0.00729370,0.00802612,-1.01393127,0.427246,-0.183105,0.061035
11050614416,0.00735474,0.00785828,-1.00924683,0.427246,-0.183105,0.061035
11053192458,0.00735474,0.00785828,-1.00924683,0.427246,-0.183105,0.061035
11060219250,0.00762939,0.00730896,-1.00500488,0.427246,-0.183105,0.061035
11062788666,0.00762939,0.00730896,-1.00500488,0.305176,-0.061035,0.000000
11070112250,0.00598145,0.00729370,-1.00912476,0.305176,-0.061035,0.000000
11072675791,0.00598145,0.00729370,-1.00912476,0.366211,-0.122070,-0.122070
11080307791,0.00402832,0.00776672,-1.00979614,0.366211,-0.122070,-0.122070
11082863250,0.00402832,0.00776672,-1.00979614,0.305176,-0.183105,0.000000
11090245500,0.00413513,0.00798035,-1.00799561,0.305176,-0.183105,0.000000
11092816208,0.00413513,0.00798035,-1.00799561,0.427246,-0.244141,0.000000
11100424250,0.00372314,0.00755310,-1.00683594,0.427246,-0.244141,0.000000
11102989208,0.00372314,0.00755310,-1.00683594,0.305176,-0.366211,-0.122070
11110649208,0.00366211,0.00817871,-1.00881958,0.305176,-0.366211,-0.122070
11113226875,0.00366211,0.00817871,-1.00881958,0.366211,-0.122070,0.000000
11120389708,0.00543213,0.00810242,-1.00883484,0.366211,-0.122070,0.000000
11122945625,0.00543213,0.00810242,-1.00883484,0.244141,-0.122070,-0.122070
11129750250,0.00601196,0.00639343,-1.00738525,0.244141,-0.122070,-0.122070
11132299375,0.00601196,0.00639343,-1.00738525,0.244141,-0.244141,0.000000
11142052958,0.00691223,0.00595093,-1.00805664,0.244141,-0.244141,0.000000
11144617583,0.00691223,0.00595093,-1.00805664,0.305176,-0.122070,0.000000
11149719041,0.00723267,0.00595093,-1.00767517,0.305176,-0.122070,0.000000
11154533583,0.00723267,0.00595093,-1.00767517,0.244141,-0.183105,0.061035
11161798666,0.00833130,0.00569153,-1.00816345,0.244141,-0.183105,0.061035
11164345666,0.00833130,0.00569153,-1.00816345,0.305176,-0.244141,0.000000
11171763458,0.00949097,0.00494385,-1.00735474,0.305176,-0.244141,0.000000
11174341291,0.00949097,0.00494385,-1.00735474,0.427246,-0.122070,0.061035
11181946583,0.00793457,0.00541687,-1.00776672,0.427246,-0.122070,0.061035
11184495833,0.00793457,0.00541687,-1.00776672,0.427246,-0.183105,-0.061035
11192147375,0.00747681,0.00527954,-1.00929260,0.427246,-0.183105,-0.061035
11194716375,0.00747681,0.00527954,-1.00929260,0.427246,-0.183105,-0.122070
11199804958,0.00697327,0.00495911,-1.00807190,0.427246,-0.183105,-0.122070
11204812166,0.00697327,0.00495911,-1.00807190,0.305176,-0.183105,-0.122070
11211983583,0.00541687,0.00567627,-1.00822449,0.305176,-0.183105,-0.122070
11214540333,0.00541687,0.00567627,-1.00822449,0.366211,-0.183105,-0.061035
11222173916,0.00550842,0.00668335,-1.00804138,0.366211,-0.183105,-0.061035
11224722500,0.00550842,0.00668335,-1.00804138,0.183105,-0.305176,0.061035
11229807916,0.00537109,0.00718689,-1.00805664,0.183105,-0.305176,0.061035
11234905541,0.00537109,0.00718689,-1.00805664,0.183105,-0.183105,-0.061035
11240009833,0.00543213,0.00788879,-1.00790405,0.183105,-0.183105,-0.061035
11245092250,0.00543213,0.00788879,-1.00790405,0.305176,-0.183105,-0.061035
11250179000,0.00578308,0.00752258,-1.00846863,0.305176,-0.183105,-0.061035
11252723208,0.00578308,0.00752258,-1.00846863,0.366211,-0.061035,-0.061035
11260064583,0.00531006,0.00810242,-1.00872803,0.366211,-0.061035,-0.061035
11262645333,0.00531006,0.00810242,-1.00872803,0.305176,-0.244141,-0.061035
11269953125,0.00587463,0.00827026,-1.00836182,0.305176,-0.244141,-0.061035
11275054875,0.00587463,0.00827026,-1.00836182,0.366211,-0.183105,0.000000
11279857375,0.00653076,0.00773621,-1.00851440,0.366211,-0.183105,0.000000
11284931208,0.00653076,0.00773621,-1.00851440,0.366211,-0.183105,-0.061035
11290006541,0.00659180,0.00672913,-1.00819397,0.366211,-0.183105,-0.061035
11295084250,0.00659180,0.00672913,-1.00819397,0.366211,-0.061035,0.061035
11300160791,0.00700378,0.00656128,-1.00843811,0.366211,-0.061035,0.061035
11302729916,0.00700378,0.00656128,-1.00843811,0.366211,-0.244141,0.061035
11309932083,0.00697327,0.00605774,-1.00685120,0.366211,-0.244141,0.061035
11314753166,0.00697327,0.00605774,-1.00685120,0.305176,-0.122070,-0.122070
11319907541,0.00683594,0.00573730,-1.00820923,0.305176,-0.122070,-0.122070
11325025583,0.00683594,0.00573730,-1.00820923,0.366211,-0.122070,-0.122070
11330107416,0.00653076,0.00708008,-1.00761414,0.366211,-0.122070,-0.122070
11332668666,0.00653076,0.00708008,-1.00761414,0.244141,0.000000,0.061035
11340307625,0.00733948,0.00634766,-1.00808716,0.244141,0.000000,0.061035
11342864875,0.00733948,0.00634766,-1.00808716,0.244141,-0.183105,-0.061035
11350154958,0.00711060,0.00633240,-1.00773621,0.244141,-0.183105,-0.061035
11352723500,0.00711060,0.00633240,-1.00773621,0.366211,-0.244141,-0.122070
11360073791,0.00610352,0.00680542,-1.00784302,0.366211,-0.244141,-0.122070
11362657291,0.00610352,0.00680542,-1.00784302,0.183105,-0.305176,-0.061035
11372349833,0.00621033,0.00689697,-1.00877380,0.183105,-0.305176,-0.061035
11374963583,0.00621033,0.00689697,-1.00877380,0.366211,-0.183105,-0.061035
11380103708,0.00625610,0.00840759,-1.00773621,0.366211,-0.183105,-0.061035
11382692750,0.00625610,0.00840759,-1.00773621,0.427246,-0.122070,-0.061035
11390071958,0.00608826,0.00730896,-1.00761414,0.427246,-0.122070,-0.061035
11392804041,0.00608826,0.00730896,-1.00761414,0.366211,-0.122070,0.000000
11400092583,0.00541687,0.00758362,-1.00914001,0.366211,-0.122070,0.000000
11405216500,0.00541687,0.00758362,-1.00914001,0.244141,-0.183105,-0.122070
11410329291,0.00576782,0.00755310,-1.00846863,0.244141,-0.183105,-0.122070
11412896833,0.00576782,0.00755310,-1.00846863,0.366211,-0.244141,0.000000
11420318250,0.00621033,0.00706482,-1.00779724,0.366211,-0.244141,0.000000
11422867625,0.00621033,0.00706482,-1.00779724,0.305176,-0.183105,-0.061035
11430031375,0.00605774,0.00721741,-1.00752258,0.305176,-0.183105,-0.061035
11435141666,0.00605774,0.00721741,-1.00752258,0.305176,-0.244141,0.000000
11440297833,0.00596619,0.00651550,-1.00671387,0.305176,-0.244141,0.000000
11442742291,0.00596619,0.00651550,-1.00671387,0.366211,-0.122070,-0.061035
11450077291,0.00738525,0.00563049,-1.00889587,0.366211,-0.122070,-0.061035
11452671333,0.00738525,0.00563049,-1.00889587,0.305176,-0.122070,0.000000
11460220583,0.00608826,0.00587463,-1.00950623,0.305176,-0.122070,0.000000
11462756875,0.00608826,0.00587463,-1.00950623,0.366211,-0.366211,-0.061035
11470028250,0.00712585,0.00674438,-1.00790405,0.366211,-0.366211,-0.061035
11475103666,0.00712585,0.00674438,-1.00790405,0.305176,-0.061035,0.000000
11480159208,0.00782776,0.00671387,-1.00779724,0.305176,-0.061035,0.000000
11482701291,0.00782776,0.00671387,-1.00779724,0.366211,-0.183105,-0.122070
11492094083,0.00646973,0.00607300,-1.00814819,0.366211,-0.183105,-0.122070
11494627208,0.00646973,0.00607300,-1.00814819,0.305176,-0.183105,0.000000
11501964166,0.00579834,0.00584412,-1.00740051,0.305176,-0.183105,0.000000
11504536208,0.00579834,0.00584412,-1.00740051,0.305176,-0.183105,0.000000
11512139125,0.00570679,0.00752258,-1.00733948,0.305176,-0.183105,0.000000
11514686916,0.00570679,0.00752258,-1.00733948,0.366211,-0.122070,-0.061035
11522331708,0.00579834,0.00726318,-1.00891113,0.366211,-0.122070,-0.061035
11524901500,0.00579834,0.00726318,-1.00891113,0.366211,-0.244141,0.000000
11531817833,0.00653076,0.00675964,-1.00868225,0.366211,-0.244141,0.000000
11533935583,0.00653076,0.00675964,-1.00868225,0.305176,-0.061035,-0.061035
11541615041,0.00621033,0.00744629,-1.00746155,0.305176,-0.061035,-0.061035
11544205791,0.00621033,0.00744629,-1.00746155,0.305176,-0.183105,-0.061035
11551861208,0.00617981,0.00755310,-1.00767517,0.305176,-0.183105,-0.061035
11554423125,0.00617981,0.00755310,-1.00767517,0.366211,-0.244141,-0.122070
11561787541,0.00711060,0.00724792,-1.00735474,0.366211,-0.244141,-0.122070
11564319125,0.00711060,0.00724792,-1.00735474,0.366211,-0.061035,0.061035
11571901291,0.00764465,0.00692749,-1.00759888,0.366211,-0.061035,0.061035
11574455166,0.00764465,0.00692749,-1.00759888,0.244141,-0.122070,0.000000
11581750166,0.00727844,0.00610352,-1.00798035,0.244141,-0.122070,0.000000
11583919666,0.00727844,0.00610352,-1.00798035,0.122070,0.000000,-0.061035
11591082291,0.00749207,0.00576782,-1.00769043,0.122070,0.000000,-0.061035
11593641083,0.00749207,0.00576782,-1.00769043,0.305176,-0.244141,0.000000
11601237083,0.00724792,0.00619507,-1.00764465,0.305176,-0.244141,0.000000
11603792916,0.00724792,0.00619507,-1.00764465,0.427246,-0.122070,-0.122070
11611387958,0.00688171,0.00512695,-1.00680542,0.427246,-0.122070,-0.122070
11613914208,0.00688171,0.00512695,-1.00680542,0.488281,-0.122070,0.061035
11621496083,0.00631714,0.00590515,-1.00871277,0.488281,-0.122070,0.061035
11624057291,0.00631714,0.00590515,-1.00871277,0.366211,-0.183105,-0.122070
11631691625,0.00541687,0.00624084,-1.00843811,0.366211,-0.183105,-0.122070
11634194083,0.00541687,0.00624084,-1.00843811,0.366211,-0.061035,0.000000
11641836541,0.00573730,0.00692749,-1.00747681,0.366211,-0.061035,0.000000
11644380750,0.00573730,0.00692749,-1.00747681,0.244141,-0.061035,-0.061035
11651486458,0.00553894,0.00788879,-1.00833130,0.244141,-0.061035,-0.061035
11653833958,0.00553894,0.00788879,-1.00833130,0.244141,-0.183105,0.000000
11660539958,0.00582886,0.00785828,-1.00851440,0.244141,-0.183105,0.000000
11663090750,0.00582886,0.00785828,-1.00851440,0.244141,-0.183105,0.000000
11670706458,0.00541687,0.00827026,-1.00798035,0.244141,-0.183105,0.000000
11673258166,0.00541687,0.00827026,-1.00798035,0.366211,-0.122070,0.000000
11680651000,0.00555420,0.00820923,-1.00698853,0.366211,-0.122070,0.000000
11683184708,0.00555420,0.00820923,-1.00698853,0.305176,-0.244141,-0.061035
11690769625,0.00653076,0.00787354,-1.00787354,0.305176,-0.244141,-0.061035
11693342458,0.00653076,0.00787354,-1.00787354,0.427246,-0.122070,-0.061035
11700940250,0.00706482,0.00770569,-1.00904846,0.427246,-0.122070,-0.061035
11703501083,0.00706482,0.00770569,-1.00904846,0.244141,-0.122070,0.061035
11711126875,0.00671387,0.00675964,-1.00761414,0.244141,-0.122070,0.061035
11713674708,0.00671387,0.00675964,-1.00761414,0.244141,-0.183105,0.000000
11720999666,0.00683594,0.00622559,-1.00761414,0.244141,-0.183105,0.000000
11723553541,0.00683594,0.00622559,-1.00761414,0.366211,-0.122070,-0.061035
11731204708,0.00679016,0.00614929,-1.00915527,0.366211,-0.122070,-0.061035
11733413916,0.00679016,0.00614929,-1.00915527,0.366211,-0.122070,-0.061035
11740793791,0.00604248,0.00592041,-1.00802612,0.366211,-0.122070,-0.061035
11743354458,0.00604248,0.00592041,-1.00802612,0.244141,-0.244141,-0.183105
11751088916,0.00643921,0.00569153,-1.00759888,0.244141,-0.244141,-0.183105
11753902208,0.00643921,0.00569153,-1.00759888,0.366211,0.000000,0.000000
11761211958,0.00743103,0.00616455,-1.00775146,0.366211,0.000000,0.000000
11763769250,0.00743103,0.00616455,-1.00775146,0.244141,-0.305176,-0.061035
11771340833,0.00625610,0.00625610,-1.00817871,0.244141,-0.305176,-0.061035
11773904083,0.00625610,0.00625610,-1.00817871,0.305176,-0.244141,-0.061035
11781271416,0.00532532,0.00592041,-1.00883484,0.305176,-0.244141,-0.061035
11783798625,0.00532532,0.00592041,-1.00883484,0.305176,-0.183105,-0.122070
11791398666,0.00578308,0.00662231,-1.00788879,0.305176,-0.183105,-0.122070
11793947416,0.00578308,0.00662231,-1.00788879,0.366211,-0.061035,-0.061035
11801504208,0.00549316,0.00744629,-1.00746155,0.366211,-0.061035,-0.061035
11804039958,0.00549316,0.00744629,-1.00746155,0.488281,-0.061035,0.061035
11811631208,0.00604248,0.00694275,-1.00802612,0.488281,-0.061035,0.061035
11814178208,0.00604248,0.00694275,-1.00802612,0.244141,-0.122070,-0.122070
11821749833,0.00581360,0.00659180,-1.00805664,0.244141,-0.122070,-0.122070
11824291750,0.00581360,0.00659180,-1.00805664,0.427246,-0.183105,-0.061035
11831972083,0.00592041,0.00737000,-1.00881958,0.427246,-0.183105,-0.061035
11834511583,0.00592041,0.00737000,-1.00881958,0.244141,-0.244141,0.122070
11841976833,0.00616455,0.00756836,-1.00790405,0.244141,-0.244141,0.122070
11844505083,0.00616455,0.00756836,-1.00790405,0.244141,-0.183105,0.061035
11852066375,0.00610352,0.00721741,-1.00810242,0.244141,-0.183105,0.061035
11854608000,0.00610352,0.00721741,-1.00810242,0.366211,-0.122070,-0.122070
11862189375,0.00717163,0.00662231,-1.00830078,0.366211,-0.122070,-0.122070
11864719666,0.00717163,0.00662231,-1.00830078,0.305176,-0.183105,-0.061035
11872344750,0.00708008,0.00700378,-1.00750732,0.305176,-0.183105,-0.061035
11874899208,0.00708008,0.00700378,-1.00750732,0.427246,-0.366211,-0.061035
11882497583,0.00717163,0.00651550,-1.00755310,0.427246,-0.366211,-0.061035
11885034000,0.00717163,0.00651550,-1.00755310,0.244141,-0.183105,0.000000
11892650458,0.00595093,0.00723267,-1.00859070,0.244141,-0.183105,0.000000
11895225125,0.00595093,0.00723267,-1.00859070,0.305176,-0.183105,0.000000
11902835333,0.00714111,0.00697327,-1.00755310,0.244141,-0.183105,-0.061035
11912995458,0.00712585,0.00668335,-1.00759888,0.244141,-0.122070,-0.061035
11923168500,0.00593567,0.00639343,-1.00695801,0.183105,-0.122070,-0.183105
11932967375,0.00704956,0.00721741,-1.00798035,0.427246,-0.122070,0.122070
11940636958,0.00825500,0.00816345,-1.00968933,0.427246,-0.122070,0.122070
11943190083,0.00825500,0.00816345,-1.00968933,0.366211,-0.183105,-0.122070
11950818416,0.00703430,0.00708008,-1.00817871,0.366211,-0.183105,-0.122070
11953376500,0.00703430,0.00708008,-1.00817871,0.366211,-0.061035,0.000000
11960990000,0.00674438,0.00663757,-1.00732422,0.366211,-0.061035,0.000000
11963539708,0.00674438,0.00663757,-1.00732422,0.122070,-0.061035,0.000000
11971137583,0.00671387,0.00643921,-1.00695801,0.122070,-0.061035,0.000000
11973684541,0.00671387,0.00643921,-1.00695801,0.244141,-0.244141,0.000000
11981248083,0.00607300,0.00706482,-1.00825500,0.244141,-0.244141,0.000000
11983774166,0.00607300,0.00706482,-1.00825500,0.366211,-0.061035,-0.122070
11991374625,0.00695801,0.00657654,-1.00901794,0.366211,-0.061035,-0.122070
11993925291,0.00695801,0.00657654,-1.00901794,0.244141,-0.122070,0.000000
12001497458,0.00767517,0.00659180,-1.00813293,0.244141,-0.122070,0.000000
12004025166,0.00767517,0.00659180,-1.00813293,0.244141,-0.244141,0.061035
12011652375,0.00663757,0.00648499,-1.00769043,0.244141,-0.244141,0.061035
12014191791,0.00663757,0.00648499,-1.00769043,0.366211,-0.122070,-0.183105
12021772333,0.00613403,0.00598145,-1.00798035,0.366211,-0.122070,-0.183105
12024339041,0.00613403,0.00598145,-1.00798035,0.366211,-0.183105,-0.061035
12031954166,0.00514221,0.00527954,-1.00756836,0.366211,-0.183105,-0.061035
12034497625,0.00514221,0.00527954,-1.00756836,0.305176,-0.183105,-0.061035
12042077833,0.00588989,0.00698853,-1.00770569,0.305176,-0.183105,-0.061035
12044618791,0.00588989,0.00698853,-1.00770569,0.305176,-0.122070,-0.061035
12052201958,0.00695801,0.00718689,-1.00709534,0.305176,-0.122070,-0.061035
12054736000,0.00695801,0.00718689,-1.00709534,0.366211,-0.122070,-0.122070
12062311875,0.00587463,0.00706482,-1.00851440,0.366211,-0.122070,-0.122070
12064849333,0.00587463,0.00706482,-1.00851440,0.366211,-0.183105,0.000000
12072450250,0.00653076,0.00643921,-1.00788879,0.366211,-0.183105,0.000000
12075017625,0.00653076,0.00643921,-1.00788879,0.427246,0.000000,-0.061035
12082497375,0.00675964,0.00688171,-1.00756836,0.427246,0.000000,-0.061035
12085047750,0.00675964,0.00688171,-1.00756836,0.366211,-0.183105,-0.122070
12092205875,0.00553894,0.00769043,-1.00814819,0.366211,-0.183105,-0.122070
12094757833,0.00553894,0.00769043,-1.00814819,0.305176,0.000000,0.000000
12101757833,0.00614929,0.00726318,-1.00814819,0.305176,0.000000,0.000000
12104303625,0.00614929,0.00726318,-1.00814819,0.244141,-0.061035,-0.061035
12111901791,0.00640869,0.00695801,-1.00854492,0.244141,-0.061035,-0.061035
12114447791,0.00640869,0.00695801,-1.00854492,0.305176,-0.061035,-0.061035
12122002125,0.00579834,0.00769043,-1.00772095,0.305176,-0.061035,-0.061035
12124545000,0.00579834,0.00769043,-1.00772095,0.244141,-0.244141,0.000000
12132110708,0.00617981,0.00677490,-1.00759888,0.244141,-0.244141,0.000000
12134640208,0.00617981,0.00677490,-1.00759888,0.244141,-0.122070,-0.061035
12142233708,0.00683594,0.00701904,-1.00848389,0.244141,-0.122070,-0.061035
12144744250,0.00683594,0.00701904,-1.00848389,0.183105,-0.305176,-0.122070
12152330375,0.00708008,0.00663757,-1.00822449,0.183105,-0.305176,-0.122070
12154856208,0.00708008,0.00663757,-1.00822449,0.366211,-0.122070,-0.061035
12162454791,0.00708008,0.00608826,-1.00787354,0.366211,-0.122070,-0.061035
12164991291,0.00708008,0.00608826,-1.00787354,0.305176,-0.244141,0.000000
12172558916,0.00588989,0.00559998,-1.00750732,0.305176,-0.244141,0.000000
12175116166,0.00588989,0.00559998,-1.00750732,0.305176,-0.183105,0.000000
12182672500,0.00599670,0.00563049,-1.00674438,0.305176,-0.183105,0.000000
12185248583,0.00599670,0.00563049,-1.00674438,0.305176,-0.244141,-0.061035
12192628291,0.00625610,0.00634766,-1.00822449,0.305176,-0.244141,-0.061035
12195184458,0.00625610,0.00634766,-1.00822449,0.244141,-0.122070,-0.122070
12202773375,0.00605774,0.00657654,-1.00808716,0.244141,-0.122070,-0.122070
12205338916,0.00605774,0.00657654,-1.00808716,0.366211,-0.122070,0.061035
12212942000,0.00689697,0.00691223,-1.00689697,0.366211,-0.122070,0.061035
12215492375,0.00689697,0.00691223,-1.00689697,0.488281,-0.122070,0.000000
12223083166,0.00637817,0.00686646,-1.00769043,0.366211,-0.244141,-0.122070
12230739375,0.00621033,0.00741577,-1.00897217,0.366211,-0.244141,-0.122070
12233272500,0.00621033,0.00741577,-1.00897217,0.366211,-0.183105,-0.061035
12240857750,0.00636292,0.00741577,-1.00784302,0.366211,-0.183105,-0.061035
12243408083,0.00636292,0.00741577,-1.00784302,0.488281,0.000000,-0.122070
12250998375,0.00610352,0.00689697,-1.00822449,0.488281,0.000000,-0.122070
12253538000,0.00610352,0.00689697,-1.00822449,0.366211,-0.122070,-0.122070
12261146333,0.00688171,0.00733948,-1.00750732,0.366211,-0.122070,-0.122070
12263720291,0.00688171,0.00733948,-1.00750732,0.183105,-0.183105,-0.122070
12270892625,0.00646973,0.00692749,-1.00903320,0.183105,-0.183105,-0.122070
12273450541,0.00646973,0.00692749,-1.00903320,0.244141,-0.244141,-0.061035
12281029875,0.00633240,0.00588989,-1.00883484,0.244141,-0.244141,-0.061035
12283577250,0.00633240,0.00588989,-1.00883484,0.427246,-0.122070,0.061035
12291151625,0.00596619,0.00605774,-1.00811768,0.427246,-0.122070,0.061035
12293692208,0.00596619,0.00605774,-1.00811768,0.183105,-0.122070,-0.183105
12301266583,0.00567627,0.00682068,-1.00775146,0.183105,-0.122070,-0.183105
12303803833,0.00567627,0.00682068,-1.00775146,0.305176,-0.244141,0.000000
12311201083,0.00614929,0.00701904,-1.00772095,0.305176,-0.244141,0.000000
12313749208,0.00614929,0.00701904,-1.00772095,0.244141,-0.183105,-0.122070
12321317916,0.00723267,0.00721741,-1.00843811,0.244141,-0.183105,-0.122070
12323862875,0.00723267,0.00721741,-1.00843811,0.488281,-0.183105,-0.061035
12331143833,0.00729370,0.00688171,-1.00791931,0.488281,-0.183105,-0.061035
12333680625,0.00729370,0.00688171,-1.00791931,0.366211,-0.122070,-0.061035
12340785125,0.00698853,0.00643921,-1.00779724,0.366211,-0.122070,-0.061035
12343193750,0.00698853,0.00643921,-1.00779724,0.366211,-0.061035,-0.061035
12352943416,0.00704956,0.00627136,-1.00729370,0.366211,-0.061035,-0.061035
12355495458,0.00704956,0.00627136,-1.00729370,0.366211,-0.183105,0.061035
12363131875,0.00637817,0.00610352,-1.00747681,0.366211,-0.122070,0.000000
12372800125,0.00569153,0.00682068,-1.00845337,0.366211,-0.122070,0.000000
12375358541,0.00569153,0.00682068,-1.00845337,0.427246,0.000000,0.122070
12382964708,0.00660706,0.00711060,-1.00820923,0.427246,0.000000,0.122070
12385512083,0.00660706,0.00711060,-1.00820923,0.488281,-0.122070,-0.122070
12393143125,0.00646973,0.00654602,-1.00759888,0.183105,-0.244141,-0.061035
12400758291,0.00695801,0.00721741,-1.00683594,0.183105,-0.244141,-0.061035
12403305333,0.00695801,0.00721741,-1.00683594,0.427246,-0.183105,0.000000
12410907250,0.00535583,0.00772095,-1.00897217,0.427246,-0.183105,0.000000
12413450833,0.00535583,0.00772095,-1.00897217,0.366211,-0.122070,0.000000
12421033125,0.00482178,0.00765991,-1.00843811,0.366211,-0.122070,0.000000
12423575958,0.00482178,0.00765991,-1.00843811,0.244141,-0.244141,0.000000
12431178625,0.00555420,0.00796509,-1.00698853,0.244141,-0.244141,0.000000
12433422750,0.00555420,0.00796509,-1.00698853,0.366211,-0.122070,0.061035
12440952791,0.00590515,0.00726318,-1.00715637,0.366211,-0.122070,0.061035
12443523625,0.00590515,0.00726318,-1.00715637,0.244141,-0.183105,-0.122070
12451132958,0.00659180,0.00709534,-1.00837708,0.244141,-0.183105,-0.122070
12453590166,0.00659180,0.00709534,-1.00837708,0.244141,-0.183105,0.000000
12463074375,0.00700378,0.00668335,-1.00695801,0.244141,-0.183105,0.000000
12465515000,0.00700378,0.00668335,-1.00695801,0.427246,-0.061035,0.061035
12472832958,0.00785828,0.00714111,-1.00694275,0.427246,-0.061035,0.061035
12475390208,0.00785828,0.00714111,-1.00694275,0.427246,-0.122070,-0.061035
12482984375,0.00656128,0.00599670,-1.00871277,0.427246,-0.122070,-0.061035
12485525041,0.00656128,0.00599670,-1.00871277,0.366211,-0.183105,0.061035
12493123375,0.00657654,0.00514221,-1.00762939,0.366211,-0.183105,0.061035
12495687125,0.00657654,0.00514221,-1.00762939,0.488281,-0.183105,-0.061035
12500766208,0.00694275,0.00523376,-1.00764465,0.488281,-0.183105,-0.061035
12505759625,0.00694275,0.00523376,-1.00764465,0.244141,-0.244141,-0.061035
12510847916,0.00723267,0.00527954,-1.00816345,0.244141,-0.244141,-0.061035
12515921291,0.00723267,0.00527954,-1.00816345,0.305176,-0.183105,-0.061035
12523058750,0.00659180,0.00631714,-1.00958252,0.305176,-0.183105,-0.061035
12525168958,0.00659180,0.00631714,-1.00958252,0.305176,-0.244141,-0.061035
12532763250,0.00598145,0.00695801,-1.00712585,0.305176,-0.244141,-0.061035
12535334458,0.00598145,0.00695801,-1.00712585,0.122070,-0.122070,-0.122070
12542972166,0.00527954,0.00778198,-1.00675964,0.122070,-0.122070,-0.122070
12545523708,0.00527954,0.00778198,-1.00675964,0.244141,-0.244141,-0.122070
12552608583,0.00500488,0.00759888,-1.00871277,0.244141,-0.244141,-0.122070
12555151958,0.00500488,0.00759888,-1.00871277,0.427246,-0.122070,0.000000
12562754916,0.00534058,0.00688171,-1.00953674,0.427246,-0.122070,0.000000
12565308333,0.00534058,0.00688171,-1.00953674,0.305176,-0.183105,-0.122070
12572944000,0.00564575,0.00749207,-1.00778198,0.305176,-0.183105,-0.122070
12575516958,0.00564575,0.00749207,-1.00778198,0.366211,0.061035,0.061035
12582932375,0.00575256,0.00775146,-1.00787354,0.366211,0.061035,0.061035
12585480625,0.00575256,0.00775146,-1.00787354,0.183105,-0.183105,-0.061035
12592934041,0.00646973,0.00769043,-1.00885010,0.183105,-0.183105,-0.061035
12595482541,0.00646973,0.00769043,-1.00885010,0.305176,-0.183105,-0.061035
12602656833,0.00637817,0.00743103,-1.00881958,0.305176,-0.183105,-0.061035
12605208500,0.00637817,0.00743103,-1.00881958,1.159668,-0.244141,-0.122070
12612418541,0.00695801,0.00706482,-1.00628662,1.159668,-0.244141,-0.122070
12614966000,0.00695801,0.00706482,-1.00628662,0.183105,-0.183105,-0.061035
12622559375,0.00743103,0.00659180,-1.00860596,0.183105,-0.183105,-0.061035
12625099708,0.00743103,0.00659180,-1.00860596,0.488281,-0.183105,-0.061035
12632684833,0.00715637,0.00630188,-1.01109314,0.488281,-0.183105,-0.061035
12635237708,0.00715637,0.00630188,-1.01109314,0.061035,-0.183105,0.000000
12642850416,0.00679016,0.00552368,-1.00489807,0.061035,-0.183105,0.000000
12645399333,0.00679016,0.00552368,-1.00489807,0.366211,-0.122070,-0.061035
12652608791,0.00814819,0.00617981,-1.00862122,0.366211,-0.122070,-0.061035
12655155333,0.00814819,0.00617981,-1.00862122,0.305176,-0.061035,-0.061035
12662787666,0.00596619,0.00624084,-1.00866699,0.305176,-0.061035,-0.061035
12665370916,0.00596619,0.00624084,-1.00866699,0.183105,-0.061035,0.000000
12672790958,0.00639343,0.00570679,-1.00782776,0.183105,-0.061035,0.000000
12675075833,0.00639343,0.00570679,-1.00782776,0.366211,-0.061035,-0.122070
12682691291,0.00692749,0.00738525,-1.00738525,0.366211,-0.061035,-0.122070
12685239708,0.00692749,0.00738525,-1.00738525,0.366211,-0.244141,-0.183105
12692848500,0.00550842,0.00755310,-1.00732422,0.366211,-0.244141,-0.183105
12695397416,0.00550842,0.00755310,-1.00732422,0.305176,-0.183105,0.000000
12702987375,0.00613403,0.00773621,-1.00950623,0.305176,-0.183105,0.000000
12705565875,0.00613403,0.00773621,-1.00950623,0.305176,0.000000,-0.061035
12713151750,0.00569153,0.00703430,-1.00852966,0.305176,0.000000,-0.061035
12715679500,0.00569153,0.00703430,-1.00852966,0.366211,-0.183105,0.000000
12723295833,0.00622559,0.00650024,-1.00791931,0.366211,-0.183105,0.000000
12725870208,0.00622559,0.00650024,-1.00791931,0.244141,-0.183105,0.061035
12730923583,0.00668335,0.00659180,-1.00759888,0.244141,-0.183105,0.061035
12735981625,0.00668335,0.00659180,-1.00759888,0.244141,-0.244141,-0.061035
12741039291,0.00651550,0.00662231,-1.00819397,0.244141,-0.244141,-0.061035
12746280541,0.00651550,0.00662231,-1.00819397,0.366211,-0.122070,0.000000
12751341500,0.00639343,0.00595093,-1.00741577,0.366211,-0.122070,0.000000
12753877500,0.00639343,0.00595093,-1.00741577,0.244141,-0.183105,0.061035
12761432333,0.00854492,0.00662231,-1.00674438,0.244141,-0.183105,0.061035
12763967333,0.00854492,0.00662231,-1.00674438,0.366211,-0.061035,0.061035
12771540625,0.00770569,0.00646973,-1.00854492,0.366211,-0.061035,0.061035
12774074041,0.00770569,0.00646973,-1.00854492,0.183105,-0.183105,0.000000
12781632958,0.00808716,0.00703430,-1.00779724,0.183105,-0.183105,0.000000
12784204875,0.00808716,0.00703430,-1.00779724,0.366211,-0.183105,-0.122070
12791955083,0.00691223,0.00640869,-1.00790405,0.366211,-0.183105,-0.122070
12794494166,0.00691223,0.00640869,-1.00790405,0.366211,-0.183105,-0.183105
12802080583,0.00576782,0.00700378,-1.00682068,0.366211,-0.183105,-0.183105
12804626291,0.00576782,0.00700378,-1.00682068,0.305176,-0.122070,-0.122070
12812230291,0.00497437,0.00659180,-1.00827026,0.305176,-0.122070,-0.122070
12814764500,0.00497437,0.00659180,-1.00827026,0.305176,-0.061035,-0.183105
12822379250,0.00498962,0.00665283,-1.00802612,0.305176,-0.061035,-0.183105
12824908875,0.00498962,0.00665283,-1.00802612,0.366211,0.000000,-0.061035
12832473458,0.00494385,0.00688171,-1.00793457,0.366211,0.000000,-0.061035
12835012750,0.00494385,0.00688171,-1.00793457,0.366211,-0.122070,0.000000
12842622541,0.00537109,0.00770569,-1.00863647,0.366211,-0.122070,0.000000
12845173375,0.00537109,0.00770569,-1.00863647,0.305176,-0.061035,0.000000
12852610458,0.00614929,0.00674438,-1.00839233,0.305176,-0.061035,0.000000
12855161625,0.00614929,0.00674438,-1.00839233,0.244141,-0.122070,0.000000
12862668750,0.00648499,0.00599670,-1.00814819,0.244141,-0.122070,0.000000
12865199750,0.00648499,0.00599670,-1.00814819,0.305176,-0.061035,0.000000
12872784708,0.00663757,0.00646973,-1.00794983,0.305176,-0.061035,0.000000
12875331083,0.00663757,0.00646973,-1.00794983,0.366211,-0.183105,-0.061035
12882524125,0.00735474,0.00598145,-1.00846863,0.366211,-0.183105,-0.061035
12885067083,0.00735474,0.00598145,-1.00846863,0.305176,-0.122070,0.000000
12892691083,0.00683594,0.00622559,-1.00837708,0.305176,-0.122070,0.000000
12895223416,0.00683594,0.00622559,-1.00837708,0.366211,-0.122070,0.122070
12902803750,0.00738525,0.00619507,-1.00755310,0.366211,-0.122070,0.122070
12905348583,0.00738525,0.00619507,-1.00755310,0.305176,-0.183105,0.000000
12912936125,0.00717163,0.00666809,-1.00741577,0.305176,-0.183105,0.000000
12915381750,0.00717163,0.00666809,-1.00741577,0.305176,-0.061035,0.061035
12922779750,0.00680542,0.00593567,-1.00711060,0.305176,-0.061035,0.061035
12925330375,0.00680542,0.00593567,-1.00711060,0.305176,-0.244141,-0.061035
12932606541,0.00624084,0.00617981,-1.00904846,0.305176,-0.244141,-0.061035
12935156875,0.00624084,0.00617981,-1.00904846,0.183105,-0.061035,0.000000
12942764000,0.00569153,0.00697327,-1.00823975,0.183105,-0.061035,0.000000
12945307250,0.00569153,0.00697327,-1.00823975,0.305176,-0.244141,0.061035
12952710416,0.00622559,0.00637817,-1.00740051,0.305176,-0.244141,0.061035
12955246000,0.00622559,0.00637817,-1.00740051,0.366211,-0.061035,0.061035
12962559708,0.00585938,0.00656128,-1.00715637,0.366211,-0.061035,0.061035
12965099750,0.00585938,0.00656128,-1.00715637,0.244141,-0.244141,-0.061035
12972540125,0.00547791,0.00735474,-1.00593567,0.244141,-0.244141,-0.061035
12975099333,0.00547791,0.00735474,-1.00593567,0.366211,-0.244141,0.000000
12982680541,0.00605774,0.00773621,-1.00796509,0.366211,-0.244141,0.000000
12985222875,0.00605774,0.00773621,-1.00796509,0.366211,-0.183105,0.061035
12992758458,0.00584412,0.00737000,-1.00938416,0.366211,-0.183105,0.061035
12995297541,0.00584412,0.00737000,-1.00938416,0.366211,-0.183105,0.000000
13002623666,0.00694275,0.00717163,-1.00871277,0.366211,-0.183105,0.000000
13005189000,0.00694275,0.00717163,-1.00871277,0.183105,-0.244141,0.061035
13012781041,0.00569153,0.00582886,-1.00839233,0.183105,-0.244141,0.061035
13015323125,0.00569153,0.00582886,-1.00839233,0.366211,-0.183105,-0.061035
13022904625,0.00625610,0.00650024,-1.00941467,0.366211,-0.183105,-0.061035
13025299000,0.00625610,0.00650024,-1.00941467,0.305176,-0.061035,-0.061035
13032863708,0.00567627,0.00634766,-1.00787354,0.305176,-0.061035,-0.061035
13035195541,0.00567627,0.00634766,-1.00787354,0.427246,-0.244141,0.000000
13042791458,0.00631714,0.00637817,-1.00801086,0.427246,-0.244141,0.000000
13045327291,0.00631714,0.00637817,-1.00801086,0.305176,-0.183105,0.000000
13052579708,0.00770569,0.00654602,-1.00791931,0.305176,-0.183105,0.000000
13055119708,0.00770569,0.00654602,-1.00791931,0.366211,-0.244141,0.000000
13062591958,0.00729370,0.00682068,-1.00811768,0.366211,-0.244141,0.000000
13065124750,0.00729370,0.00682068,-1.00811768,0.305176,-0.183105,-0.122070
13072720958,0.00637817,0.00663757,-1.00732422,0.305176,-0.183105,-0.122070
13075278208,0.00637817,0.00663757,-1.00732422,0.305176,-0.244141,-0.122070
13082854500,0.00645447,0.00680542,-1.00828552,0.305176,-0.244141,-0.122070
13085392291,0.00645447,0.00680542,-1.00828552,0.244141,-0.122070,-0.122070
13092401958,0.00691223,0.00714111,-1.00799561,0.244141,-0.122070,-0.122070
13094951583,0.00691223,0.00714111,-1.00799561,0.183105,-0.061035,0.061035
13102565666,0.00636292,0.00625610,-1.00810242,0.183105,-0.061035,0.061035
13104725125,0.00636292,0.00625610,-1.00810242,0.305176,-0.244141,-0.061035
13111956208,0.00541687,0.00604248,-1.00860596,0.305176,-0.244141,-0.061035
13114497083,0.00541687,0.00604248,-1.00860596,0.183105,-0.244141,-0.122070
13122096541,0.00592041,0.00733948,-1.00875854,0.183105,-0.244141,-0.122070
13124344666,0.00592041,0.00733948,-1.00875854,0.488281,-0.061035,0.061035
13131918916,0.00578308,0.00570679,-1.00791931,0.488281,-0.061035,0.061035
13134223041,0.00578308,0.00570679,-1.00791931,0.244141,-0.183105,-0.122070
13141836083,0.00616455,0.00642395,-1.00746155,0.244141,-0.183105,-0.122070
13144377083,0.00616455,0.00642395,-1.00746155,0.366211,-0.183105,0.061035
13151952541,0.00581360,0.00695801,-1.00703430,0.366211,-0.183105,0.061035
13154512500,0.00581360,0.00695801,-1.00703430,0.305176,-0.122070,-0.061035
13162103125,0.00593567,0.00712585,-1.00733948,0.305176,-0.122070,-0.061035
13164640791,0.00593567,0.00712585,-1.00733948,0.305176,-0.122070,0.000000
13172239958,0.00677490,0.00683594,-1.00775146,0.305176,-0.122070,0.000000
13174785000,0.00677490,0.00683594,-1.00775146,0.427246,-0.122070,-0.061035
13182047500,0.00636292,0.00718689,-1.00778198,0.427246,-0.122070,-0.061035
13184584416,0.00636292,0.00718689,-1.00778198,0.427246,-0.122070,0.000000
13191980250,0.00630188,0.00813293,-1.00842285,0.427246,-0.122070,0.000000
13194514083,0.00630188,0.00813293,-1.00842285,0.366211,-0.183105,0.000000
13201853458,0.00627136,0.00764465,-1.00854492,0.366211,-0.183105,0.000000
13204400541,0.00627136,0.00764465,-1.00854492,0.305176,-0.183105,-0.122070
13211978750,0.00555420,0.00732422,-1.00738525,0.305176,-0.183105,-0.122070
13214512083,0.00555420,0.00732422,-1.00738525,0.305176,-0.122070,0.000000
13222106541,0.00491333,0.00633240,-1.00807190,0.305176,-0.122070,0.000000
13224653458,0.00491333,0.00633240,-1.00807190,0.366211,-0.183105,-0.061035
13232231500,0.00599670,0.00650024,-1.00802612,0.366211,-0.183105,-0.061035
13234784083,0.00599670,0.00650024,-1.00802612,0.183105,-0.366211,-0.122070
13242446333,0.00740051,0.00579834,-1.00665283,0.183105,-0.366211,-0.122070
13245025291,0.00740051,0.00579834,-1.00665283,0.488281,-0.183105,-0.183105
13252640875,0.00758362,0.00564575,-1.00807190,0.488281,-0.183105,-0.183105
13255204625,0.00758362,0.00564575,-1.00807190,0.305176,-0.183105,0.000000
13262788041,0.00714111,0.00585938,-1.00811768,0.305176,-0.183105,0.000000
13265353583,0.00714111,0.00585938,-1.00811768,0.244141,-0.061035,0.061035
13272666583,0.00723267,0.00599670,-1.00865173,0.244141,-0.061035,0.061035
13275224708,0.00723267,0.00599670,-1.00865173,0.488281,0.000000,0.061035
13282827583,0.00801086,0.00683594,-1.00914001,0.488281,0.000000,0.061035
13285388916,0.00801086,0.00683594,-1.00914001,0.366211,-0.183105,-0.061035
13292859250,0.00717163,0.00704956,-1.00825500,0.366211,-0.183105,-0.061035
13295408916,0.00717163,0.00704956,-1.00825500,0.366211,0.000000,0.000000
13303008666,0.00680542,0.00642395,-1.00759888,0.366211,0.000000,0.000000
13305588958,0.00680542,0.00642395,-1.00759888,0.366211,-0.122070,0.000000
13312942000,0.00637817,0.00695801,-1.00796509,0.366211,-0.122070,0.000000
13315459750,0.00637817,0.00695801,-1.00796509,0.305176,-0.244141,-0.122070
13323074791,0.00552368,0.00630188,-1.00862122,0.305176,-0.244141,-0.122070
13325632500,0.00552368,0.00630188,-1.00862122,0.244141,-0.183105,-0.061035
13333011541,0.00596619,0.00732422,-1.00810242,0.244141,-0.183105,-0.061035
13335213958,0.00596619,0.00732422,-1.00810242,0.366211,-0.122070,0.000000
13342896000,0.00698853,0.00724792,-1.00836182,0.366211,-0.122070,0.000000
13345467708,0.00698853,0.00724792,-1.00836182,0.183105,-0.183105,-0.061035
13353091750,0.00633240,0.00622559,-1.00692749,0.183105,-0.183105,-0.061035
13355648958,0.00633240,0.00622559,-1.00692749,0.305176,-0.244141,-0.061035
13363245458,0.00692749,0.00651550,-1.00878906,0.305176,-0.244141,-0.061035
13365780916,0.00692749,0.00651550,-1.00878906,0.366211,-0.183105,0.061035
13373413416,0.00781250,0.00646973,-1.00846863,0.366211,-0.183105,0.061035
13375961083,0.00781250,0.00646973,-1.00846863,0.244141,-0.183105,-0.061035
13383550083,0.00701904,0.00700378,-1.00741577,0.244141,-0.183105,-0.061035
13386097666,0.00701904,0.00700378,-1.00741577,0.366211,-0.183105,-0.122070
13393726958,0.00779724,0.00735474,-1.00801086,0.366211,-0.183105,-0.122070
13396288791,0.00779724,0.00735474,-1.00801086,0.305176,0.000000,0.000000
13404015000,0.00657654,0.00759888,-1.00799561,0.366211,-0.122070,-0.061035
13414010166,0.00595093,0.00740051,-1.00787354,0.244141,-0.183105,0.061035
13424150250,0.00637817,0.00828552,-1.00894165,0.366211,-0.305176,0.061035
13431759375,0.00743103,0.00798035,-1.00776672,0.366211,-0.305176,0.061035
13434310000,0.00743103,0.00798035,-1.00776672,0.244141,-0.183105,-0.061035
13441892625,0.00633240,0.00648499,-1.00857544,0.244141,-0.183105,-0.061035
13444447333,0.00633240,0.00648499,-1.00857544,0.244141,-0.122070,0.061035
13452058416,0.00556946,0.00636292,-1.00820923,0.244141,-0.122070,0.061035
13454627583,0.00556946,0.00636292,-1.00820923,0.244141,-0.061035,-0.183105
13462238500,0.00625610,0.00685120,-1.00836182,0.244141,-0.061035,-0.183105
13464784666,0.00625610,0.00685120,-1.00836182,0.366211,-0.122070,0.000000
13472418208,0.00628662,0.00662231,-1.00787354,0.366211,-0.122070,0.000000
13474991500,0.00628662,0.00662231,-1.00787354,0.366211,-0.244141,0.000000
13482591500,0.00665283,0.00697327,-1.00865173,0.366211,-0.244141,0.000000
13485134958,0.00665283,0.00697327,-1.00865173,0.183105,-0.244141,-0.061035
13492493958,0.00782776,0.00651550,-1.00932312,0.183105,-0.244141,-0.061035
13495054333,0.00782776,0.00651550,-1.00932312,0.244141,-0.183105,0.000000
13502691583,0.00695801,0.00605774,-1.00775146,0.244141,-0.183105,0.000000
13505278500,0.00695801,0.00605774,-1.00775146,0.366211,-0.244141,-0.122070
13512840791,0.00671387,0.00743103,-1.00810242,0.366211,-0.244141,-0.122070
13515394583,0.00671387,0.00743103,-1.00810242,0.244141,-0.122070,-0.122070
13522745416,0.00578308,0.00753784,-1.00842285,0.244141,-0.122070,-0.122070
13525102333,0.00578308,0.00753784,-1.00842285,0.305176,-0.183105,0.061035
13532538000,0.00555420,0.00674438,-1.00781250,0.305176,-0.183105,0.061035
13535093625,0.00555420,0.00674438,-1.00781250,0.305176,-0.366211,-0.061035
13542604583,0.00596619,0.00581360,-1.00813293,0.305176,-0.366211,-0.061035
13545158916,0.00596619,0.00581360,-1.00813293,0.244141,-0.183105,-0.061035
13552593541,0.00567627,0.00634766,-1.00675964,0.244141,-0.183105,-0.061035
13555146458,0.00567627,0.00634766,-1.00675964,0.366211,-0.183105,-0.183105
13562597125,0.00703430,0.00708008,-1.00772095,0.366211,-0.183105,-0.183105
13565145458,0.00703430,0.00708008,-1.00772095,0.244141,-0.244141,0.061035
13572338041,0.00683594,0.00611877,-1.00842285,0.244141,-0.244141,0.061035
13574898583,0.00683594,0.00611877,-1.00842285,0.305176,-0.244141,-0.061035
13582500583,0.00698853,0.00753784,-1.00801086,0.305176,-0.244141,-0.061035
13585058083,0.00698853,0.00753784,-1.00801086,0.366211,-0.183105,-0.061035
13592682000,0.00682068,0.00685120,-1.00668335,0.366211,-0.183105,-0.061035
13595247458,0.00682068,0.00685120,-1.00668335,0.244141,-0.183105,-0.122070
13602593500,0.00596619,0.00759888,-1.00914001,0.244141,-0.183105,-0.122070
13605161000,0.00596619,0.00759888,-1.00914001,0.244141,-0.061035,-0.061035
13612547708,0.00582886,0.00663757,-1.00897217,0.244141,-0.061035,-0.061035
13615092583,0.00582886,0.00663757,-1.00897217,0.244141,-0.244141,-0.122070
13622334833,0.00546265,0.00569153,-1.00759888,0.244141,-0.244141,-0.122070
13624890708,0.00546265,0.00569153,-1.00759888,0.427246,-0.244141,-0.061035
13632497666,0.00602722,0.00642395,-1.00773621,0.427246,-0.244141,-0.061035
13635055916,0.00602722,0.00642395,-1.00773621,0.244141,-0.305176,-0.061035
13642465500,0.00646973,0.00634766,-1.00915527,0.244141,-0.305176,-0.061035
13645022916,0.00646973,0.00634766,-1.00915527,0.305176,-0.122070,0.000000
13652615875,0.00691223,0.00653076,-1.00872803,0.305176,-0.122070,0.000000
13655160375,0.00691223,0.00653076,-1.00872803,0.427246,-0.122070,-0.061035
13662750625,0.00596619,0.00671387,-1.00756836,0.427246,-0.122070,-0.061035
13665302125,0.00596619,0.00671387,-1.00756836,0.366211,-0.122070,0.000000
13672939541,0.00596619,0.00654602,-1.00825500,0.366211,-0.122070,0.000000
13675490750,0.00596619,0.00654602,-1.00825500,0.244141,-0.305176,0.061035
13683077416,0.00773621,0.00709534,-1.00807190,0.244141,-0.305176,0.061035
13685659833,0.00773621,0.00709534,-1.00807190,0.549316,0.061035,-0.122070
13693299458,0.00799561,0.00703430,-1.00781250,0.549316,0.061035,-0.122070
13695852250,0.00799561,0.00703430,-1.00781250,0.305176,-0.183105,-0.061035
13703458583,0.00735474,0.00630188,-1.00802612,0.305176,-0.183105,-0.061035
13706029500,0.00735474,0.00630188,-1.00802612,0.366211,-0.305176,-0.061035
13713640208,0.00704956,0.00604248,-1.00895691,0.366211,-0.305176,-0.061035
13716181958,0.00704956,0.00604248,-1.00895691,0.305176,-0.061035,0.000000
13723798333,0.00582886,0.00686646,-1.00854492,0.305176,-0.061035,0.000000
13726380291,0.00582886,0.00686646,-1.00854492,0.366211,-0.061035,-0.061035
13733302791,0.00601196,0.00637817,-1.00808716,0.366211,-0.061035,-0.061035
13735870500,0.00601196,0.00637817,-1.00808716,0.122070,-0.305176,-0.061035
13743503625,0.00640869,0.00637817,-1.00901794,0.122070,-0.305176,-0.061035
13746062375,0.00640869,0.00637817,-1.00901794,0.366211,-0.122070,-0.061035
13753711083,0.00619507,0.00660706,-1.00819397,0.366211,-0.122070,-0.061035
13756288000,0.00619507,0.00660706,-1.00819397,0.244141,-0.183105,0.000000
13763420041,0.00636292,0.00621033,-1.00746155,0.244141,-0.183105,0.000000
13765971083,0.00636292,0.00621033,-1.00746155,0.488281,-0.122070,0.061035
13773636208,0.00627136,0.00686646,-1.00744629,0.488281,-0.122070,0.061035
13776198666,0.00627136,0.00686646,-1.00744629,0.305176,-0.061035,0.000000
13783832833,0.00578308,0.00706482,-1.00758362,0.305176,-0.061035,0.000000
13786405000,0.00578308,0.00706482,-1.00758362,0.366211,-0.122070,0.122070
13794037250,0.00672913,0.00657654,-1.00854492,0.366211,-0.122070,0.122070
13796596458,0.00672913,0.00657654,-1.00854492,0.366211,-0.244141,-0.183105
13801755375,0.00711060,0.00654602,-1.00833130,0.366211,-0.244141,-0.183105
13806904958,0.00711060,0.00654602,-1.00833130,0.183105,-0.183105,-0.122070
13811996083,0.00743103,0.00653076,-1.00805664,0.183105,-0.183105,-0.122070
13816752875,0.00743103,0.00653076,-1.00805664,0.244141,-0.122070,0.000000
13821878375,0.00697327,0.00656128,-1.00796509,0.244141,-0.122070,0.000000
13826968083,0.00697327,0.00656128,-1.00796509,0.366211,-0.183105,0.000000
13832060208,0.00614929,0.00581360,-1.00862122,0.366211,-0.183105,0.000000
13837190666,0.00614929,0.00581360,-1.00862122,0.305176,-0.244141,0.000000
13842316958,0.00590515,0.00627136,-1.00822449,0.305176,-0.244141,0.000000
13844893833,0.00590515,0.00627136,-1.00822449,0.427246,-0.183105,0.000000
13851933833,0.00622559,0.00637817,-1.00770569,0.427246,-0.183105,0.000000
13857052541,0.00622559,0.00637817,-1.00770569,0.427246,-0.122070,-0.122070
13862146250,0.00668335,0.00662231,-1.00756836,0.427246,-0.122070,-0.122070
13864697541,0.00668335,0.00662231,-1.00756836,0.366211,-0.061035,-0.061035
13872310333,0.00552368,0.00640869,-1.00804138,0.366211,-0.061035,-0.061035
13874860250,0.00552368,0.00640869,-1.00804138,0.366211,-0.122070,-0.122070
13882482833,0.00685120,0.00665283,-1.00762939,0.366211,-0.122070,-0.122070
13885038375,0.00685120,0.00665283,-1.00762939,0.183105,0.000000,0.122070
13892667416,0.00628662,0.00616455,-1.00726318,0.183105,0.000000,0.122070
13894815666,0.00628662,0.00616455,-1.00726318,0.366211,-0.061035,0.000000
13902453958,0.00581360,0.00682068,-1.00807190,0.366211,-0.061035,0.000000
13905032250,0.00581360,0.00682068,-1.00807190,0.122070,-0.183105,0.061035
13912686166,0.00605774,0.00646973,-1.00791931,0.122070,-0.183105,0.061035
13915241750,0.00605774,0.00646973,-1.00791931,0.305176,0.000000,-0.061035
13922857166,0.00671387,0.00578308,-1.00756836,0.305176,0.000000,-0.061035
13925091791,0.00671387,0.00578308,-1.00756836,0.305176,-0.061035,-0.183105
13932550458,0.00657654,0.00753784,-1.00730896,0.305176,-0.061035,-0.183105
13935113625,0.00657654,0.00753784,-1.00730896,0.183105,-0.122070,-0.183105
13942750000,0.00682068,0.00810242,-1.00746155,0.183105,-0.122070,-0.183105
13945313708,0.00682068,0.00810242,-1.00746155,0.244141,-0.244141,0.061035
13952595416,0.00698853,0.00712585,-1.00741577,0.244141,-0.244141,0.061035
13955150583,0.00698853,0.00712585,-1.00741577,0.244141,-0.305176,-0.061035
13962473541,0.00695801,0.00688171,-1.00723267,0.244141,-0.305176,-0.061035
13966728000,0.00695801,0.00688171,-1.00723267,0.244141,-0.183105,0.061035
13971909708,0.00659180,0.00654602,-1.00794983,0.244141,-0.183105,0.061035
13976994583,0.00659180,0.00654602,-1.00794983,0.305176,-0.183105,0.000000
13982076458,0.00622559,0.00683594,-1.00784302,0.305176,-0.183105,0.000000
13986952291,0.00622559,0.00683594,-1.00784302,0.305176,-0.122070,0.061035
13992026208,0.00650024,0.00706482,-1.00863647,0.305176,-0.122070,0.061035
13997086041,0.00650024,0.00706482,-1.00863647,0.610352,-0.244141,-0.122070
14002181291,0.00643921,0.00602722,-1.00816345,0.610352,-0.244141,-0.122070
14004743583,0.00643921,0.00602722,-1.00816345,0.305176,-0.183105,0.061035
14012022958,0.00682068,0.00697327,-1.00837708,0.305176,-0.183105,0.061035
14017104041,0.00682068,0.00697327,-1.00837708,0.183105,-0.122070,-0.061035
14022178958,0.00576782,0.00628662,-1.00836182,0.183105,-0.122070,-0.061035
14027169208,0.00576782,0.00628662,-1.00836182,0.366211,-0.183105,-0.122070
14032295000,0.00660706,0.00575256,-1.00723267,0.366211,-0.183105,-0.122070
14034846708,0.00660706,0.00575256,-1.00723267,0.366211,0.000000,0.000000
14042481458,0.00659180,0.00737000,-1.00657654,0.366211,0.000000,0.000000
14044952083,0.00659180,0.00737000,-1.00657654,0.366211,-0.183105,0.061035
14052541833,0.00688171,0.00756836,-1.00785828,0.366211,-0.183105,0.061035
14055112750,0.00688171,0.00756836,-1.00785828,0.305176,-0.122070,-0.061035
14062535250,0.00630188,0.00613403,-1.00823975,0.305176,-0.122070,-0.061035
14065074708,0.00630188,0.00613403,-1.00823975,0.305176,-0.122070,0.000000
14072330541,0.00640869,0.00724792,-1.00898743,0.305176,-0.122070,0.000000
14074886833,0.00640869,0.00724792,-1.00898743,0.305176,-0.305176,-0.122070
14082106750,0.00611877,0.00639343,-1.00863647,0.305176,-0.305176,-0.122070
14084640458,0.00611877,0.00639343,-1.00863647,0.366211,-0.061035,-0.122070
14092252916,0.00671387,0.00645447,-1.00750732,0.366211,-0.061035,-0.122070
14094811291,0.00671387,0.00645447,-1.00750732,0.305176,-0.061035,0.000000
14104542541,0.00680542,0.00648499,-1.00750732,0.305176,-0.061035,0.000000
14107109375,0.00680542,0.00648499,-1.00750732,0.427246,-0.244141,-0.061035
14112062583,0.00708008,0.00654602,-1.00741577,0.427246,-0.244141,-0.061035
14117145875,0.00708008,0.00654602,-1.00741577,0.244141,-0.183105,-0.122070
14122235791,0.00630188,0.00712585,-1.00827026,0.244141,-0.183105,-0.122070
14124810166,0.00630188,0.00712585,-1.00827026,0.244141,-0.061035,-0.122070
14132418750,0.00685120,0.00721741,-1.00817871,0.244141,-0.061035,-0.122070
14134952125,0.00685120,0.00721741,-1.00817871,0.366211,-0.122070,-0.122070
14142185958,0.00646973,0.00640869,-1.00764465,0.366211,-0.122070,-0.122070
14144760291,0.00646973,0.00640869,-1.00764465,0.244141,-0.183105,0.061035
14152375916,0.00579834,0.00683594,-1.00677490,0.244141,-0.183105,0.061035
14157058958,0.00579834,0.00683594,-1.00677490,0.244141,-0.122070,-0.061035
14162126250,0.00596619,0.00679016,-1.00790405,0.244141,-0.122070,-0.061035
14164685916,0.00596619,0.00679016,-1.00790405,0.183105,-0.122070,0.000000
14172344666,0.00566101,0.00737000,-1.00782776,0.183105,-0.122070,0.000000
14177075833,0.00566101,0.00737000,-1.00782776,0.244141,-0.122070,0.000000
14182204375,0.00665283,0.00755310,-1.00732422,0.244141,-0.122070,0.000000
14184750291,0.00665283,0.00755310,-1.00732422,0.366211,-0.122070,-0.183105
14194320458,0.00727844,0.00686646,-1.00839233,0.366211,-0.122070,-0.183105
14196870125,0.00727844,0.00686646,-1.00839233,0.305176,-0.183105,-0.061035
14204221500,0.00762939,0.00732422,-1.00779724,0.305176,-0.183105,-0.061035
14206795291,0.00762939,0.00732422,-1.00779724,0.305176,-0.061035,-0.122070
14214430333,0.00732422,0.00679016,-1.00810242,0.305176,-0.061035,-0.122070
14216730291,0.00732422,0.00679016,-1.00810242,0.244141,-0.305176,-0.061035
14224366250,0.00726318,0.00566101,-1.00759888,0.244141,-0.305176,-0.061035
14226919416,0.00726318,0.00566101,-1.00759888,0.427246,-0.061035,-0.061035
14234223583,0.00671387,0.00619507,-1.00798035,0.427246,-0.061035,-0.061035
14236780333,0.00671387,0.00619507,-1.00798035,0.427246,-0.122070,0.000000
14244428208,0.00718689,0.00593567,-1.00740051,0.427246,-0.122070,0.000000
14246977291,0.00718689,0.00593567,-1.00740051,0.244141,-0.183105,-0.122070
14254607125,0.00674438,0.00672913,-1.00747681,0.244141,-0.183105,-0.122070
14257161708,0.00674438,0.00672913,-1.00747681,0.305176,-0.244141,0.000000
14264510666,0.00627136,0.00697327,-1.00842285,0.305176,-0.244141,0.000000
14267099708,0.00627136,0.00697327,-1.00842285,0.305176,-0.183105,0.000000
14272217500,0.00631714,0.00712585,-1.00755310,0.305176,-0.183105,0.000000
14274770250,0.00631714,0.00712585,-1.00755310,0.305176,-0.061035,0.061035
14282386291,0.00590515,0.00694275,-1.00830078,0.305176,-0.061035,0.061035
14284956500,0.00590515,0.00694275,-1.00830078,0.427246,-0.183105,-0.061035
14292610166,0.00624084,0.00703430,-1.00822449,0.427246,-0.183105,-0.061035
14295175125,0.00624084,0.00703430,-1.00822449,0.427246,-0.183105,-0.122070
14302843000,0.00682068,0.00686646,-1.00700378,0.427246,-0.183105,-0.122070
14305431458,0.00682068,0.00686646,-1.00700378,0.366211,-0.122070,0.000000
14312704625,0.00573730,0.00756836,-1.00727844,0.366211,-0.122070,0.000000
14315270958,0.00573730,0.00756836,-1.00727844,0.549316,-0.122070,0.122070
14323001500,0.00645447,0.00621033,-1.00680542,0.549316,-0.122070,0.122070
14325571791,0.00645447,0.00621033,-1.00680542,0.183105,-0.061035,0.061035
14332945708,0.00714111,0.00614929,-1.00794983,0.183105,-0.061035,0.061035
14335508500,0.00714111,0.00614929,-1.00794983,0.305176,-0.366211,0.000000
14342860625,0.00753784,0.00622559,-1.01091003,0.305176,-0.366211,0.000000
14345453708,0.00753784,0.00622559,-1.01091003,0.122070,-0.183105,-0.061035
14353127083,0.00790405,0.00543213,-1.00746155,0.122070,-0.183105,-0.061035
14355711333,0.00790405,0.00543213,-1.00746155,0.305176,-0.183105,0.000000
14363362708,0.00675964,0.00588989,-1.00898743,0.305176,-0.183105,0.000000
14365913000,0.00675964,0.00588989,-1.00898743,0.305176,-0.061035,-0.061035
14373545000,0.00550842,0.00624084,-1.00862122,0.305176,-0.061035,-0.061035
14376109250,0.00550842,0.00624084,-1.00862122,0.305176,-0.244141,0.000000
14383394458,0.00598145,0.00642395,-1.00660706,0.305176,-0.244141,0.000000
14385970833,0.00598145,0.00642395,-1.00660706,0.366211,-0.244141,0.000000
14393666500,0.00611877,0.00704956,-1.00794983,0.366211,-0.244141,0.000000
14396231875,0.00611877,0.00704956,-1.00794983,0.305176,-0.183105,0.000000
14403599166,0.00704956,0.00689697,-1.00819397,0.305176,-0.183105,0.000000
14406174916,0.00704956,0.00689697,-1.00819397,0.244141,-0.244141,-0.122070
14413822875,0.00735474,0.00727844,-1.00869751,0.244141,-0.244141,-0.122070
14416384375,0.00735474,0.00727844,-1.00869751,0.305176,-0.122070,0.000000
14423533125,0.00656128,0.00712585,-1.00668335,0.305176,-0.122070,0.000000
14426089041,0.00656128,0.00712585,-1.00668335,0.488281,-0.122070,0.000000
14433693916,0.00640869,0.00697327,-1.00715637,0.488281,-0.122070,0.000000
14436261291,0.00640869,0.00697327,-1.00715637,0.488281,-0.244141,-0.122070
14443890500,0.00564575,0.00665283,-1.00865173,0.488281,-0.244141,-0.122070
14446196958,0.00564575,0.00665283,-1.00865173,0.305176,-0.244141,-0.122070
14453132083,0.00643921,0.00686646,-1.00910950,0.305176,-0.244141,-0.122070
14455677708,0.00643921,0.00686646,-1.00910950,0.183105,-0.122070,-0.122070
14463240041,0.00665283,0.00640869,-1.00784302,0.183105,-0.122070,-0.122070
14465765375,0.00665283,0.00640869,-1.00784302,0.305176,-0.122070,-0.122070
14473381333,0.00685120,0.00619507,-1.00784302,0.305176,-0.122070,-0.122070
14475911416,0.00685120,0.00619507,-1.00784302,0.366211,-0.122070,-0.061035
14483481833,0.00653076,0.00595093,-1.00857544,0.366211,-0.122070,-0.061035
14486020791,0.00653076,0.00595093,-1.00857544,0.488281,-0.183105,0.000000
14493602875,0.00573730,0.00625610,-1.00785828,0.488281,-0.183105,0.000000
14496142958,0.00573730,0.00625610,-1.00785828,0.305176,-0.183105,-0.122070
14503723708,0.00700378,0.00672913,-1.00761414,0.305176,-0.183105,-0.122070
14506254250,0.00700378,0.00672913,-1.00761414,0.122070,-0.244141,-0.122070
14513893458,0.00688171,0.00798035,-1.00740051,0.122070,-0.244141,-0.122070
14516342333,0.00688171,0.00798035,-1.00740051,0.244141,-0.305176,-0.061035
14523910458,0.00546265,0.00765991,-1.00776672,0.244141,-0.305176,-0.061035
14526435750,0.00546265,0.00765991,-1.00776672,0.427246,-0.183105,-0.061035
14534007250,0.00610352,0.00750732,-1.00787354,0.427246,-0.183105,-0.061035
14536542666,0.00610352,0.00750732,-1.00787354,0.244141,0.000000,0.122070
14544157666,0.00662231,0.00698853,-1.00820923,0.244141,0.000000,0.122070
14546694375,0.00662231,0.00698853,-1.00820923,0.244141,-0.122070,0.000000
14554274250,0.00682068,0.00759888,-1.00830078,0.244141,-0.122070,0.000000
14556804125,0.00682068,0.00759888,-1.00830078,0.366211,-0.122070,-0.061035
14564441041,0.00558472,0.00654602,-1.00772095,0.366211,-0.122070,-0.061035
14566978208,0.00558472,0.00654602,-1.00772095,0.305176,-0.122070,0.000000
14574536541,0.00595093,0.00640869,-1.00730896,0.305176,-0.122070,0.000000
14577068125,0.00595093,0.00640869,-1.00730896,0.305176,-0.183105,-0.061035
14584647166,0.00630188,0.00700378,-1.00845337,0.305176,-0.183105,-0.061035
14586908208,0.00630188,0.00700378,-1.00845337,0.183105,-0.122070,-0.061035
14594510458,0.00588989,0.00724792,-1.00749207,0.183105,-0.122070,-0.061035
14597051250,0.00588989,0.00724792,-1.00749207,0.305176,-0.061035,-0.183105
14604623541,0.00703430,0.00642395,-1.00788879,0.305176,-0.061035,-0.183105
14607152166,0.00703430,0.00642395,-1.00788879,0.305176,-0.244141,-0.061035
14614822958,0.00724792,0.00633240,-1.00865173,0.366211,-0.061035,-0.061035
14624787625,0.00616455,0.00674438,-1.00881958,0.366211,-0.061035,-0.061035
14627351291,0.00616455,0.00674438,-1.00881958,0.061035,-0.122070,0.061035
14634926000,0.00621033,0.00619507,-1.00830078,0.366211,-0.183105,-0.061035
14645012000,0.00596619,0.00521851,-1.00784302,0.305176,-0.183105,-0.061035
14655063125,0.00662231,0.00657654,-1.00868225,0.305176,-0.244141,-0.061035
14665138208,0.00648499,0.00642395,-1.00761414,0.427246,-0.122070,0.061035
14672702625,0.00646973,0.00630188,-1.00814819,0.427246,-0.122070,0.061035
14675067291,0.00646973,0.00630188,-1.00814819,0.183105,-0.122070,0.061035
14685195125,0.00639343,0.00674438,-1.00758362,0.244141,-0.122070,-0.061035
14695172583,0.00660706,0.00727844,-1.00686646,0.244141,-0.122070,-0.061035
14702779125,0.00651550,0.00656128,-1.00801086,0.244141,-0.122070,-0.061035
14705348750,0.00651550,0.00656128,-1.00801086,0.366211,-0.183105,0.000000
14712912916,0.00637817,0.00695801,-1.00765991,0.366211,-0.183105,0.000000
14715441416,0.00637817,0.00695801,-1.00765991,0.244141,-0.183105,-0.061035
14723047083,0.00585938,0.00674438,-1.00709534,0.244141,-0.183105,-0.061035
14725579875,0.00585938,0.00674438,-1.00709534,0.366211,-0.122070,0.000000
14733169958,0.00666809,0.00639343,-1.00737000,0.366211,-0.122070,0.000000
14735734333,0.00666809,0.00639343,-1.00737000,0.305176,-0.183105,0.000000
14743230875,0.00581360,0.00622559,-1.00726318,0.305176,-0.183105,0.000000
14745788375,0.00581360,0.00622559,-1.00726318,0.366211,-0.244141,-0.061035
14752931708,0.00619507,0.00595093,-1.00854492,0.366211,-0.244141,-0.061035
14755486125,0.00619507,0.00595093,-1.00854492,0.366211,-0.183105,-0.183105
14763074583,0.00642395,0.00706482,-1.00842285,0.366211,-0.183105,-0.183105
14765618875,0.00642395,0.00706482,-1.00842285,0.427246,0.000000,0.000000
14772781333,0.00617981,0.00672913,-1.00880432,0.427246,0.000000,0.000000
14775328708,0.00617981,0.00672913,-1.00880432,0.244141,-0.061035,-0.061035
14782877833,0.00679016,0.00633240,-1.00894165,0.244141,-0.061035,-0.061035
14785418583,0.00679016,0.00633240,-1.00894165,0.305176,-0.183105,0.000000
14792740000,0.00645447,0.00685120,-1.00807190,0.305176,-0.183105,0.000000
14795272916,0.00645447,0.00685120,-1.00807190,0.244141,-0.183105,-0.244141
14802851750,0.00738525,0.00672913,-1.00765991,0.244141,-0.183105,-0.244141
14805398041,0.00738525,0.00672913,-1.00765991,0.366211,-0.305176,-0.122070
14812962958,0.00640869,0.00645447,-1.00744629,0.366211,-0.305176,-0.122070
14815487166,0.00640869,0.00645447,-1.00744629,0.244141,-0.183105,0.000000
14823093000,0.00611877,0.00675964,-1.00753784,0.244141,-0.183105,0.000000
14825623708,0.00611877,0.00675964,-1.00753784,0.244141,-0.183105,0.000000
14833169833,0.00582886,0.00671387,-1.00836182,0.244141,-0.183105,0.000000
14835716750,0.00582886,0.00671387,-1.00836182,0.244141,-0.122070,0.000000
14843301750,0.00657654,0.00711060,-1.00857544,0.244141,-0.122070,0.000000
14845830791,0.00657654,0.00711060,-1.00857544,0.305176,-0.122070,-0.061035
14853394958,0.00538635,0.00738525,-1.00659180,0.305176,-0.122070,-0.061035
14855923333,0.00538635,0.00738525,-1.00659180,0.305176,-0.183105,0.122070
14863478875,0.00477600,0.00753784,-1.00737000,0.305176,-0.183105,0.122070
14866004875,0.00477600,0.00753784,-1.00737000,0.244141,-0.122070,-0.061035
14873585666,0.00572205,0.00715637,-1.00845337,0.244141,-0.122070,-0.061035
14876113125,0.00572205,0.00715637,-1.00845337,0.366211,-0.122070,-0.061035
14883662541,0.00590515,0.00765991,-1.00793457,0.366211,-0.122070,-0.061035
14886203833,0.00590515,0.00765991,-1.00793457,0.183105,-0.122070,0.000000
14893833041,0.00709534,0.00685120,-1.00762939,0.183105,-0.122070,0.000000
14896376916,0.00709534,0.00685120,-1.00762939,0.244141,-0.122070,0.000000
14903598541,0.00613403,0.00578308,-1.00856018,0.244141,-0.122070,0.000000
14906158625,0.00613403,0.00578308,-1.00856018,0.366211,-0.061035,-0.122070
14913720583,0.00585938,0.00646973,-1.00813293,0.366211,-0.061035,-0.122070
14916246291,0.00585938,0.00646973,-1.00813293,0.427246,-0.244141,-0.122070
14923856500,0.00659180,0.00657654,-1.00804138,0.427246,-0.244141,-0.122070
14926393291,0.00659180,0.00657654,-1.00804138,0.366211,-0.244141,-0.061035
14933954500,0.00729370,0.00627136,-1.00846863,0.366211,-0.244141,-0.061035
14936495000,0.00729370,0.00627136,-1.00846863,0.427246,-0.122070,0.000000
14944081041,0.00674438,0.00520325,-1.00871277,0.427246,-0.122070,0.000000
14946623708,0.00674438,0.00520325,-1.00871277,0.244141,-0.305176,0.061035
14954208250,0.00646973,0.00608826,-1.00860596,0.244141,-0.305176,0.061035
14956534458,0.00646973,0.00608826,-1.00860596,0.366211,0.000000,-0.061035
14964091583,0.00556946,0.00672913,-1.00709534,0.366211,0.000000,-0.061035
14966621583,0.00556946,0.00672913,-1.00709534,0.427246,-0.122070,-0.061035
14974227750,0.00585938,0.00549316,-1.00814819,0.427246,-0.122070,-0.061035
14976773250,0.00585938,0.00549316,-1.00814819,0.427246,-0.122070,0.000000
14984340416,0.00663757,0.00611877,-1.00805664,0.427246,-0.122070,0.000000
14986878000,0.00663757,0.00611877,-1.00805664,0.305176,-0.183105,-0.061035
14994467666,0.00679016,0.00726318,-1.00709534,0.305176,-0.183105,-0.061035
14997001250,0.00679016,0.00726318,-1.00709534,0.305176,-0.122070,0.000000
15003857750,0.00630188,0.00654602,-1.00799561,0.305176,-0.122070,0.000000
15006424041,0.00630188,0.00654602,-1.00799561,0.305176,-0.061035,-0.061035
15014016333,0.00524902,0.00637817,-1.00811768,0.305176,-0.061035,-0.061035
15016549750,0.00524902,0.00637817,-1.00811768,0.366211,-0.061035,-0.122070
15024169750,0.00537109,0.00726318,-1.00616455,0.366211,-0.061035,-0.122070
15026715958,0.00537109,0.00726318,-1.00616455,0.427246,-0.061035,0.061035
15034288750,0.00628662,0.00642395,-1.00698853,0.427246,-0.061035,0.061035
15036832791,0.00628662,0.00642395,-1.00698853,0.366211,-0.122070,0.000000
15044429916,0.00640869,0.00527954,-1.00817871,0.366211,-0.122070,0.000000
15046970291,0.00640869,0.00527954,-1.00817871,0.244141,-0.183105,0.061035
15054324041,0.00639343,0.00569153,-1.00854492,0.244141,-0.183105,0.061035
15056865625,0.00639343,0.00569153,-1.00854492,0.366211,-0.183105,-0.061035
15064191916,0.00546265,0.00601196,-1.00770569,0.366211,-0.183105,-0.061035
15066728208,0.00546265,0.00601196,-1.00770569,0.488281,-0.122070,0.000000
15074356458,0.00578308,0.00567627,-1.00854492,0.488281,-0.122070,0.000000
15076909250,0.00578308,0.00567627,-1.00854492,0.305176,0.000000,0.122070
15084075125,0.00666809,0.00610352,-1.00891113,0.305176,0.000000,0.122070
15086627083,0.00666809,0.00610352,-1.00891113,0.366211,-0.122070,-0.183105
15094225125,0.00697327,0.00744629,-1.00831604,0.366211,-0.122070,-0.183105
15096747791,0.00697327,0.00744629,-1.00831604,0.427246,-0.183105,-0.061035
15104269000,0.00646973,0.00675964,-1.00720215,0.427246,-0.183105,-0.061035
15106834000,0.00646973,0.00675964,-1.00720215,0.305176,-0.122070,-0.061035
15114425625,0.00596619,0.00701904,-1.00840759,0.305176,-0.122070,-0.061035
15116977416,0.00596619,0.00701904,-1.00840759,0.427246,-0.061035,-0.122070
15124353541,0.00601196,0.00642395,-1.00856018,0.427246,-0.061035,-0.122070
15126899041,0.00601196,0.00642395,-1.00856018,0.183105,-0.122070,-0.061035
15134482125,0.00688171,0.00688171,-1.00859070,0.183105,-0.122070,-0.061035
15137048083,0.00688171,0.00688171,-1.00859070,0.305176,-0.122070,-0.122070
15144646458,0.00614929,0.00743103,-1.00842285,0.305176,-0.122070,-0.122070
15147128125,0.00614929,0.00743103,-1.00842285,0.244141,0.000000,-0.122070
15154530000,0.00625610,0.00686646,-1.00819397,0.244141,0.000000,-0.122070
15157092541,0.00625610,0.00686646,-1.00819397,0.305176,-0.122070,-0.122070
15164260500,0.00602722,0.00711060,-1.00820923,0.305176,-0.122070,-0.122070
15166793666,0.00602722,0.00711060,-1.00820923,0.549316,-0.122070,0.061035
15174155458,0.00772095,0.00659180,-1.00775146,0.549316,-0.122070,0.061035
15176696625,0.00772095,0.00659180,-1.00775146,0.244141,-0.244141,0.000000
15184265500,0.00675964,0.00608826,-1.00733948,0.244141,-0.244141,0.000000
15186798541,0.00675964,0.00608826,-1.00733948,0.305176,-0.244141,-0.061035
15194363041,0.00552368,0.00679016,-1.00880432,0.305176,-0.244141,-0.061035
15196895708,0.00552368,0.00679016,-1.00880432,0.244141,-0.183105,0.000000
15204483125,0.00711060,0.00765991,-1.00784302,0.244141,-0.183105,0.000000
15207022833,0.00711060,0.00765991,-1.00784302,0.305176,-0.183105,-0.122070
15214612916,0.00685120,0.00653076,-1.00801086,0.305176,-0.183105,-0.122070
15217158833,0.00685120,0.00653076,-1.00801086,0.305176,-0.122070,-0.061035
15224338541,0.00708008,0.00579834,-1.00798035,0.305176,-0.122070,-0.061035
15226889750,0.00708008,0.00579834,-1.00798035,0.244141,-0.305176,0.000000
15234480333,0.00721741,0.00624084,-1.00735474,0.244141,-0.305176,0.000000
15237039458,0.00721741,0.00624084,-1.00735474,0.183105,-0.366211,-0.061035
15244628708,0.00642395,0.00683594,-1.00860596,0.183105,-0.366211,-0.061035
15247178500,0.00642395,0.00683594,-1.00860596,0.488281,-0.122070,-0.061035
15254794791,0.00592041,0.00648499,-1.00814819,0.488281,-0.122070,-0.061035
15257365791,0.00592041,0.00648499,-1.00814819,0.244141,-0.122070,-0.061035
15264951916,0.00588989,0.00708008,-1.00822449,0.244141,-0.122070,-0.061035
15267492500,0.00588989,0.00708008,-1.00822449,0.244141,-0.244141,-0.061035
15275123166,0.00521851,0.00688171,-1.00831604,0.244141,-0.244141,-0.061035
15277683666,0.00521851,0.00688171,-1.00831604,0.366211,-0.061035,-0.061035
15285236041,0.00598145,0.00753784,-1.00781250,0.366211,-0.061035,-0.061035
15287792458,0.00598145,0.00753784,-1.00781250,0.305176,-0.244141,-0.061035
15295392625,0.00654602,0.00657654,-1.00776672,0.305176,-0.244141,-0.061035
15297934375,0.00654602,0.00657654,-1.00776672,0.305176,-0.122070,-0.061035
15303002291,0.00573730,0.00689697,-1.00814819,0.305176,-0.122070,-0.061035
15307770625,0.00573730,0.00689697,-1.00814819,0.244141,-0.183105,-0.183105
15315401958,0.00599670,0.00762939,-1.00793457,0.244141,-0.183105,-0.183105
15317955375,0.00599670,0.00762939,-1.00793457,0.366211,-0.183105,0.061035
15323057125,0.00677490,0.00802612,-1.00688171,0.366211,-0.183105,0.061035
15328126916,0.00677490,0.00802612,-1.00688171,0.305176,-0.244141,-0.122070
15333240875,0.00756836,0.00619507,-1.00834656,0.305176,-0.244141,-0.122070
15335787416,0.00756836,0.00619507,-1.00834656,0.366211,-0.061035,-0.122070
15343138291,0.00666809,0.00625610,-1.00849915,0.366211,-0.061035,-0.122070
15348220166,0.00666809,0.00625610,-1.00849915,0.305176,-0.122070,-0.061035
15353291750,0.00721741,0.00651550,-1.00814819,0.305176,-0.122070,-0.061035
15355840583,0.00721741,0.00651550,-1.00814819,0.305176,-0.244141,0.000000
15363449041,0.00718689,0.00645447,-1.00827026,0.305176,-0.244141,0.000000
15365988583,0.00718689,0.00645447,-1.00827026,0.366211,-0.122070,-0.061035
15373584250,0.00671387,0.00584412,-1.00868225,0.366211,-0.122070,-0.061035
15376072041,0.00671387,0.00584412,-1.00868225,0.305176,-0.183105,-0.061035
15383192875,0.00645447,0.00547791,-1.00779724,0.305176,-0.183105,-0.061035
15385749125,0.00645447,0.00547791,-1.00779724,0.427246,-0.244141,-0.061035
15393351916,0.00650024,0.00624084,-1.00762939,0.427246,-0.244141,-0.061035
15395889250,0.00650024,0.00624084,-1.00762939,0.244141,-0.122070,0.000000
15403468208,0.00672913,0.00627136,-1.00839233,0.244141,-0.122070,0.000000
15405760958,0.00672913,0.00627136,-1.00839233,0.244141,-0.061035,-0.061035
15415441916,0.00653076,0.00726318,-1.00706482,0.244141,-0.061035,-0.061035
15417988916,0.00653076,0.00726318,-1.00706482,0.305176,-0.244141,-0.061035
15423056333,0.00665283,0.00741577,-1.00648499,0.305176,-0.244141,-0.061035
15427732291,0.00665283,0.00741577,-1.00648499,0.305176,-0.061035,0.000000
15435306875,0.00610352,0.00735474,-1.00900269,0.305176,-0.061035,0.000000
15437685708,0.00610352,0.00735474,-1.00900269,0.305176,-0.183105,-0.061035
15445275333,0.00616455,0.00703430,-1.00907898,0.305176,-0.183105,-0.061035
15447828541,0.00616455,0.00703430,-1.00907898,0.305176,-0.122070,-0.061035
15455092375,0.00605774,0.00741577,-1.00755310,0.305176,-0.122070,-0.061035
15457624416,0.00605774,0.00741577,-1.00755310,0.244141,-0.183105,-0.061035
15465212666,0.00593567,0.00750732,-1.00773621,0.244141,-0.183105,-0.061035
15467754625,0.00593567,0.00750732,-1.00773621,0.366211,-0.183105,0.000000
15475101000,0.00654602,0.00663757,-1.00801086,0.366211,-0.183105,0.000000
15477658958,0.00654602,0.00663757,-1.00801086,0.305176,-0.061035,0.000000
15485274458,0.00712585,0.00610352,-1.00801086,0.305176,-0.061035,0.000000
15487834750,0.00712585,0.00610352,-1.00801086,0.305176,-0.183105,-0.061035
15495456041,0.00689697,0.00613403,-1.00733948,0.305176,-0.183105,-0.061035
15498001666,0.00689697,0.00613403,-1.00733948,0.427246,-0.122070,0.061035
15503929583,0.00813293,0.00701904,-1.00668335,0.427246,-0.122070,0.061035
15506499666,0.00813293,0.00701904,-1.00668335,0.366211,-0.244141,0.000000
15514104500,0.00778198,0.00608826,-1.00804138,0.366211,-0.244141,0.000000
15516648958,0.00778198,0.00608826,-1.00804138,0.427246,-0.061035,-0.061035
15524264000,0.00662231,0.00575256,-1.00746155,0.427246,-0.061035,-0.061035
15526833416,0.00662231,0.00575256,-1.00746155,0.305176,-0.183105,-0.122070
15534423291,0.00617981,0.00585938,-1.00776672,0.305176,-0.183105,-0.122070
15536979708,0.00617981,0.00585938,-1.00776672,0.305176,-0.183105,-0.122070
15543987708,0.00677490,0.00587463,-1.00817871,0.305176,-0.183105,-0.122070
15546531666,0.00677490,0.00587463,-1.00817871,0.305176,-0.122070,-0.061035
15554147500,0.00692749,0.00651550,-1.00807190,0.305176,-0.122070,-0.061035
15556690875,0.00692749,0.00651550,-1.00807190,0.427246,-0.061035,0.000000
15564277500,0.00697327,0.00711060,-1.00825500,0.427246,-0.061035,0.000000
15566827916,0.00697327,0.00711060,-1.00825500,0.122070,-0.122070,-0.061035
15574423458,0.00564575,0.00723267,-1.00737000,0.122070,-0.122070,-0.061035
15576964750,0.00564575,0.00723267,-1.00737000,0.366211,0.000000,-0.061035
15584533625,0.00559998,0.00671387,-1.00852966,0.366211,0.000000,-0.061035
15587081083,0.00559998,0.00671387,-1.00852966,0.366211,-0.122070,0.122070
15594697583,0.00674438,0.00718689,-1.00907898,0.366211,-0.122070,0.122070
15597240541,0.00674438,0.00718689,-1.00907898,0.305176,-0.122070,-0.061035
15604867083,0.00566101,0.00761414,-1.00737000,0.305176,-0.122070,-0.061035
15607213750,0.00566101,0.00761414,-1.00737000,0.305176,-0.122070,-0.061035
15614845375,0.00610352,0.00769043,-1.00737000,0.305176,-0.122070,-0.061035
15617392000,0.00610352,0.00769043,-1.00737000,0.488281,-0.305176,0.000000
15624641541,0.00712585,0.00744629,-1.00866699,0.488281,-0.305176,0.000000
15627190416,0.00712585,0.00744629,-1.00866699,0.305176,-0.061035,-0.061035
15634787041,0.00651550,0.00679016,-1.00843811,0.305176,-0.061035,-0.061035
15637337208,0.00651550,0.00679016,-1.00843811,0.427246,-0.244141,-0.122070
15644938125,0.00715637,0.00727844,-1.00811768,0.427246,-0.244141,-0.122070
15647486291,0.00715637,0.00727844,-1.00811768,0.366211,-0.183105,0.000000
15655093791,0.00717163,0.00651550,-1.00891113,0.366211,-0.183105,0.000000
15657501208,0.00717163,0.00651550,-1.00891113,0.244141,-0.122070,0.061035
15664998166,0.00726318,0.00552368,-1.00904846,0.244141,-0.122070,0.061035
15667251375,0.00726318,0.00552368,-1.00904846,0.305176,-0.183105,-0.061035
15675069750,0.00698853,0.00590515,-1.00833130,0.305176,-0.183105,-0.061035
15677615625,0.00698853,0.00590515,-1.00833130,0.305176,-0.183105,-0.061035
15685203250,0.00706482,0.00631714,-1.00749207,0.305176,-0.183105,-0.061035
15687760916,0.00706482,0.00631714,-1.00749207,0.427246,-0.061035,0.061035
15695081083,0.00689697,0.00709534,-1.00875854,0.427246,-0.061035,0.061035
15697630666,0.00689697,0.00709534,-1.00875854,0.305176,-0.061035,0.061035
15705278791,0.00671387,0.00730896,-1.00811768,0.305176,-0.061035,0.061035
15707840000,0.00671387,0.00730896,-1.00811768,0.244141,-0.122070,-0.061035
15715474500,0.00631714,0.00714111,-1.00804138,0.244141,-0.122070,-0.061035
15718025541,0.00631714,0.00714111,-1.00804138,0.427246,-0.122070,0.122070
15725203500,0.00561523,0.00737000,-1.00865173,0.427246,-0.122070,0.122070
15727758666,0.00561523,0.00737000,-1.00865173,0.244141,-0.061035,0.000000
15735381166,0.00592041,0.00660706,-1.00912476,0.244141,-0.061035,0.000000
15737936708,0.00592041,0.00660706,-1.00912476,0.183105,-0.122070,-0.061035
15745485916,0.00689697,0.00692749,-1.00804138,0.183105,-0.122070,-0.061035
15748040500,0.00689697,0.00692749,-1.00804138,0.305176,-0.061035,0.122070
15755761708,0.00700378,0.00630188,-1.00785828,0.244141,-0.183105,-0.122070
15765461083,0.00692749,0.00689697,-1.00807190,0.244141,-0.183105,-0.122070
15768024458,0.00692749,0.00689697,-1.00807190,0.427246,-0.183105,0.000000
15775662750,0.00694275,0.00654602,-1.00700378,0.427246,-0.183105,0.000000
15777735125,0.00694275,0.00654602,-1.00700378,0.183105,-0.122070,-0.122070
15785364333,0.00759888,0.00616455,-1.00779724,0.183105,-0.122070,-0.122070
15787935875,0.00759888,0.00616455,-1.00779724,0.366211,-0.244141,0.000000
15795247375,0.00715637,0.00698853,-1.00796509,0.366211,-0.244141,0.000000
15797386166,0.00715637,0.00698853,-1.00796509,0.427246,-0.122070,0.061035
15805022291,0.00704956,0.00592041,-1.00865173,0.427246,-0.122070,0.061035
15807596416,0.00704956,0.00592041,-1.00865173,0.305176,-0.122070,0.000000
15815215333,0.00625610,0.00637817,-1.00784302,0.305176,-0.122070,0.000000
15817768625,0.00625610,0.00637817,-1.00784302,0.244141,-0.061035,0.000000
15825326375,0.00578308,0.00669861,-1.00770569,0.244141,-0.061035,0.000000
15827882458,0.00578308,0.00669861,-1.00770569,0.244141,-0.183105,-0.061035
15835232791,0.00616455,0.00607300,-1.00877380,0.244141,-0.183105,-0.061035
15837353750,0.00616455,0.00607300,-1.00877380,0.305176,-0.183105,-0.061035
15844982291,0.00637817,0.00709534,-1.00817871,0.305176,-0.183105,-0.061035
15847536583,0.00637817,0.00709534,-1.00817871,0.366211,-0.122070,-0.183105
15855117666,0.00634766,0.00680542,-1.00711060,0.366211,-0.122070,-0.183105
15857665666,0.00634766,0.00680542,-1.00711060,0.305176,-0.122070,0.000000
15865292458,0.00671387,0.00642395,-1.00772095,0.305176,-0.122070,0.000000
15867853333,0.00671387,0.00642395,-1.00772095,0.244141,-0.061035,0.000000
15875083541,0.00610352,0.00662231,-1.00785828,0.244141,-0.061035,0.000000
15877639166,0.00610352,0.00662231,-1.00785828,0.244141,-0.122070,-0.061035
15885092041,0.00584412,0.00648499,-1.00860596,0.244141,-0.122070,-0.061035
15887654458,0.00584412,0.00648499,-1.00860596,0.305176,-0.183105,0.061035
15895248041,0.00639343,0.00650024,-1.00810242,0.305176,-0.183105,0.061035
15897668208,0.00639343,0.00650024,-1.00810242,0.244141,-0.061035,-0.061035
15905147791,0.00572205,0.00686646,-1.00837708,0.244141,-0.061035,-0.061035
15907535458,0.00572205,0.00686646,-1.00837708,0.305176,-0.122070,-0.061035
15915162208,0.00677490,0.00680542,-1.00801086,0.305176,-0.122070,-0.061035
15917727916,0.00677490,0.00680542,-1.00801086,0.305176,-0.183105,-0.122070
15925382791,0.00663757,0.00646973,-1.00781250,0.305176,-0.183105,-0.122070
15927950166,0.00663757,0.00646973,-1.00781250,0.305176,-0.122070,0.000000
15935470708,0.00686646,0.00588989,-1.00782776,0.305176,-0.122070,0.000000
15937908500,0.00686646,0.00588989,-1.00782776,0.366211,-0.122070,0.000000
15945534875,0.00573730,0.00541687,-1.00823975,0.366211,-0.122070,0.000000
15948092291,0.00573730,0.00541687,-1.00823975,0.244141,-0.061035,0.000000
15955729333,0.00636292,0.00668335,-1.00770569,0.244141,-0.061035,0.000000
15958300708,0.00636292,0.00668335,-1.00770569,0.366211,-0.183105,-0.061035
15965925791,0.00627136,0.00685120,-1.00712585,0.305176,-0.366211,0.061035
15975946000,0.00628662,0.00671387,-1.00794983,0.427246,-0.122070,0.000000
15985966625,0.00634766,0.00627136,-1.00738525,0.305176,-0.244141,-0.061035
15995900666,0.00640869,0.00674438,-1.00788879,0.305176,-0.244141,-0.061035
15998455833,0.00640869,0.00674438,-1.00788879,0.427246,-0.183105,0.061035
16005660166,0.00726318,0.00607300,-1.00936890,0.427246,-0.183105,0.061035
16008144333,0.00726318,0.00607300,-1.00936890,0.244141,-0.122070,-0.244141
16015745916,0.00692749,0.00674438,-1.00808716,0.244141,-0.122070,-0.244141
16017925750,0.00692749,0.00674438,-1.00808716,0.366211,-0.244141,0.000000
16025080416,0.00558472,0.00718689,-1.00764465,0.366211,-0.244141,0.000000
16027661458,0.00558472,0.00718689,-1.00764465,0.305176,-0.183105,-0.122070
16035313666,0.00616455,0.00720215,-1.00735474,0.305176,-0.183105,-0.122070
16037524583,0.00616455,0.00720215,-1.00735474,0.366211,-0.183105,-0.122070
16045145125,0.00622559,0.00666809,-1.00743103,0.366211,-0.183105,-0.122070
16047695291,0.00622559,0.00666809,-1.00743103,0.366211,-0.183105,0.000000
16055223791,0.00657654,0.00677490,-1.00785828,0.366211,-0.183105,0.000000
16057787208,0.00657654,0.00677490,-1.00785828,0.183105,-0.183105,-0.061035
16065300166,0.00570679,0.00630188,-1.00798035,0.183105,-0.183105,-0.061035
16067529083,0.00570679,0.00630188,-1.00798035,0.244141,-0.122070,0.000000
16075184916,0.00704956,0.00717163,-1.00750732,0.244141,-0.122070,0.000000
16077774708,0.00704956,0.00717163,-1.00750732,0.366211,-0.244141,0.000000
16085388708,0.00656128,0.00770569,-1.00758362,0.366211,-0.244141,0.000000
16087940958,0.00656128,0.00770569,-1.00758362,0.305176,-0.061035,-0.061035
16095556500,0.00605774,0.00656128,-1.00730896,0.305176,-0.061035,-0.061035
16098120666,0.00605774,0.00656128,-1.00730896,0.244141,-0.183105,-0.061035
16105754166,0.00717163,0.00633240,-1.00675964,0.244141,-0.183105,-0.061035
16108312041,0.00717163,0.00633240,-1.00675964,0.366211,-0.061035,0.000000
16115906041,0.00679016,0.00709534,-1.00743103,0.366211,-0.061035,0.000000
16118452208,0.00679016,0.00709534,-1.00743103,0.244141,-0.122070,0.000000
16126074541,0.00720215,0.00646973,-1.00779724,0.366211,-0.061035,-0.183105
16133728250,0.00692749,0.00718689,-1.00706482,0.366211,-0.061035,-0.183105
16136296833,0.00692749,0.00718689,-1.00706482,0.244141,-0.244141,-0.061035
16143936791,0.00590515,0.00686646,-1.00752258,0.244141,-0.244141,-0.061035
16146490375,0.00590515,0.00686646,-1.00752258,0.244141,-0.122070,-0.122070
16154107833,0.00656128,0.00653076,-1.00921631,0.244141,-0.122070,-0.122070
16156669125,0.00656128,0.00653076,-1.00921631,0.305176,-0.183105,0.122070
16164294166,0.00584412,0.00688171,-1.00827026,0.305176,-0.183105,0.122070
16166843458,0.00584412,0.00688171,-1.00827026,0.305176,-0.183105,-0.061035
16174455041,0.00552368,0.00682068,-1.00765991,0.305176,-0.183105,-0.061035
16177012916,0.00552368,0.00682068,-1.00765991,0.305176,-0.122070,-0.061035
16184622375,0.00628662,0.00675964,-1.00750732,0.305176,-0.122070,-0.061035
16187191041,0.00628662,0.00675964,-1.00750732,0.366211,-0.183105,0.061035
16194530083,0.00651550,0.00608826,-1.00767517,0.366211,-0.183105,0.061035
16197070166,0.00651550,0.00608826,-1.00767517,0.366211,-0.183105,-0.061035
16204708083,0.00662231,0.00662231,-1.00869751,0.366211,-0.183105,-0.061035
16207292375,0.00662231,0.00662231,-1.00869751,0.427246,-0.122070,-0.183105
16214935750,0.00775146,0.00588989,-1.00901794,0.427246,-0.122070,-0.183105
16217485708,0.00775146,0.00588989,-1.00901794,0.366211,-0.122070,-0.061035
16225089666,0.00682068,0.00613403,-1.00849915,0.366211,-0.122070,-0.061035
16227640875,0.00682068,0.00613403,-1.00849915,0.427246,-0.183105,0.000000
16235256041,0.00689697,0.00604248,-1.00804138,0.427246,-0.183105,0.000000
16237807083,0.00689697,0.00604248,-1.00804138,0.244141,-0.122070,-0.122070
16245295583,0.00584412,0.00650024,-1.00799561,0.244141,-0.122070,-0.122070
16247857791,0.00584412,0.00650024,-1.00799561,0.305176,-0.183105,-0.122070
16255459250,0.00549316,0.00666809,-1.00764465,0.305176,-0.183105,-0.122070
16258005250,0.00549316,0.00666809,-1.00764465,0.244141,-0.305176,-0.061035
16265590541,0.00598145,0.00636292,-1.00888062,0.244141,-0.305176,-0.061035
16268129791,0.00598145,0.00636292,-1.00888062,0.366211,-0.183105,-0.244141
16275087375,0.00698853,0.00642395,-1.00897217,0.366211,-0.183105,-0.244141
16277646541,0.00698853,0.00642395,-1.00897217,0.305176,-0.183105,0.000000
16285282583,0.00750732,0.00628662,-1.00741577,0.305176,-0.183105,0.000000
16287850500,0.00750732,0.00628662,-1.00741577,0.244141,-0.183105,-0.122070
16295467666,0.00720215,0.00602722,-1.00761414,0.244141,-0.183105,-0.122070
16298016291,0.00720215,0.00602722,-1.00761414,0.305176,-0.061035,0.000000
16305491625,0.00656128,0.00703430,-1.00848389,0.305176,-0.061035,0.000000
16308046375,0.00656128,0.00703430,-1.00848389,0.305176,-0.122070,0.000000
16315228666,0.00720215,0.00767517,-1.00859070,0.305176,-0.122070,0.000000
16317778791,0.00720215,0.00767517,-1.00859070,0.244141,-0.183105,-0.061035
16325084083,0.00712585,0.00675964,-1.00770569,0.244141,-0.183105,-0.061035
16327641708,0.00712585,0.00675964,-1.00770569,0.244141,-0.305176,-0.183105
16335255583,0.00624084,0.00672913,-1.00717163,0.244141,-0.305176,-0.183105
16337824708,0.00624084,0.00672913,-1.00717163,0.305176,-0.122070,0.122070
16345435666,0.00553894,0.00733948,-1.00807190,0.305176,-0.122070,0.122070
16347984833,0.00553894,0.00733948,-1.00807190,0.183105,-0.061035,-0.122070
16355602458,0.00561523,0.00711060,-1.00816345,0.183105,-0.061035,-0.122070
16358159333,0.00561523,0.00711060,-1.00816345,0.366211,-0.122070,0.000000
16365768083,0.00553894,0.00613403,-1.00741577,0.366211,-0.122070,0.000000
16368331875,0.00553894,0.00613403,-1.00741577,0.244141,-0.122070,0.061035
16376003083,0.00636292,0.00717163,-1.00869751,0.244141,-0.122070,0.061035
16378563875,0.00636292,0.00717163,-1.00869751,0.427246,-0.305176,0.000000
16385923125,0.00726318,0.00701904,-1.00756836,0.427246,-0.305176,0.000000
16388477541,0.00726318,0.00701904,-1.00756836,0.427246,-0.244141,-0.061035
16396074583,0.00662231,0.00587463,-1.00810242,0.427246,-0.244141,-0.061035
16398624916,0.00662231,0.00587463,-1.00810242,0.122070,-0.122070,-0.061035
16406105166,0.00578308,0.00708008,-1.00880432,0.122070,-0.122070,-0.061035
16408686916,0.00578308,0.00708008,-1.00880432,0.366211,-0.122070,0.061035
16413777583,0.00686646,0.00653076,-1.00767517,0.366211,-0.122070,0.061035
16418897916,0.00686646,0.00653076,-1.00767517,0.305176,-0.122070,-0.061035
16426235083,0.00651550,0.00566101,-1.00840759,0.305176,-0.122070,-0.061035
16428794791,0.00651550,0.00566101,-1.00840759,0.305176,-0.244141,-0.061035
16436094250,0.00639343,0.00695801,-1.00817871,0.305176,-0.244141,-0.061035
16438657958,0.00639343,0.00695801,-1.00817871,0.244141,-0.122070,0.000000
16445988333,0.00596619,0.00677490,-1.00834656,0.244141,-0.122070,0.000000
16448545125,0.00596619,0.00677490,-1.00834656,0.244141,-0.183105,-0.061035
16455873583,0.00624084,0.00686646,-1.00854492,0.244141,-0.183105,-0.061035
16458410000,0.00624084,0.00686646,-1.00854492,0.366211,-0.122070,-0.122070
16466010416,0.00680542,0.00691223,-1.00706482,0.366211,-0.122070,-0.122070
16468566791,0.00680542,0.00691223,-1.00706482,0.183105,-0.244141,-0.061035
16475741958,0.00610352,0.00617981,-1.00843811,0.183105,-0.244141,-0.061035
16478320000,0.00610352,0.00617981,-1.00843811,0.305176,-0.183105,-0.061035
16485931458,0.00625610,0.00761414,-1.00830078,0.305176,-0.183105,-0.061035
16488483375,0.00625610,0.00761414,-1.00830078,0.366211,-0.183105,-0.061035
16496086041,0.00541687,0.00640869,-1.00788879,0.366211,-0.183105,-0.061035
16498628000,0.00541687,0.00640869,-1.00788879,0.305176,-0.244141,-0.061035
16506277166,0.00592041,0.00636292,-1.00759888,0.305176,-0.244141,-0.061035
16508845083,0.00592041,0.00636292,-1.00759888,0.488281,-0.061035,-0.061035
16513929583,0.00587463,0.00689697,-1.00744629,0.488281,-0.061035,-0.061035
16519017375,0.00587463,0.00689697,-1.00744629,0.244141,-0.183105,-0.061035
16524120666,0.00593567,0.00637817,-1.00732422,0.244141,-0.183105,-0.061035
16526687625,0.00593567,0.00637817,-1.00732422,0.366211,-0.061035,0.000000
16534319458,0.00614929,0.00665283,-1.00744629,0.366211,-0.061035,0.000000
16536875875,0.00614929,0.00665283,-1.00744629,0.366211,0.000000,-0.122070
16544319250,0.00715637,0.00694275,-1.00721741,0.366211,0.000000,-0.122070
16549290541,0.00715637,0.00694275,-1.00721741,0.244141,-0.122070,-0.061035
16554378500,0.00677490,0.00634766,-1.00747681,0.244141,-0.122070,-0.061035
16556936416,0.00677490,0.00634766,-1.00747681,0.427246,-0.061035,-0.122070
16564228916,0.00590515,0.00587463,-1.00764465,0.427246,-0.061035,-0.122070
16566769833,0.00590515,0.00587463,-1.00764465,0.305176,-0.183105,-0.122070
16574364583,0.00607300,0.00651550,-1.00769043,0.305176,-0.183105,-0.122070
16576845000,0.00607300,0.00651550,-1.00769043,0.183105,-0.183105,-0.183105
16584426333,0.00650024,0.00634766,-1.00747681,0.183105,-0.183105,-0.183105
16586722041,0.00650024,0.00634766,-1.00747681,0.244141,-0.183105,0.000000
16594338291,0.00559998,0.00627136,-1.00737000,0.244141,-0.183105,0.000000
16596881416,0.00559998,0.00627136,-1.00737000,0.427246,-0.122070,-0.061035
16604484541,0.00543213,0.00749207,-1.00765991,0.427246,-0.122070,-0.061035
16607032125,0.00543213,0.00749207,-1.00765991,0.305176,-0.183105,-0.061035
16614624375,0.00675964,0.00624084,-1.00787354,0.305176,-0.183105,-0.061035
16617162750,0.00675964,0.00624084,-1.00787354,0.305176,-0.122070,-0.061035
16624784416,0.00614929,0.00662231,-1.00851440,0.305176,-0.122070,-0.061035
16627321541,0.00614929,0.00662231,-1.00851440,0.427246,-0.061035,0.061035
16634908916,0.00614929,0.00694275,-1.00740051,0.427246,-0.061035,0.061035
16637483333,0.00614929,0.00694275,-1.00740051,0.366211,-0.183105,0.122070
16644391208,0.00714111,0.00755310,-1.00866699,0.366211,-0.183105,0.122070
16646926541,0.00714111,0.00755310,-1.00866699,0.305176,-0.122070,-0.061035
16654248958,0.00708008,0.00752258,-1.00947571,0.305176,-0.122070,-0.061035
16656801500,0.00708008,0.00752258,-1.00947571,0.244141,-0.183105,0.061035
16664379541,0.00611877,0.00680542,-1.00796509,0.244141,-0.183105,0.061035
16666920958,0.00611877,0.00680542,-1.00796509,0.488281,-0.183105,-0.061035
16674169416,0.00595093,0.00628662,-1.00738525,0.488281,-0.183105,-0.061035
16676718625,0.00595093,0.00628662,-1.00738525,0.305176,-0.183105,0.000000
16686437875,0.00718689,0.00646973,-1.00759888,0.305176,-0.183105,0.000000
16689002791,0.00718689,0.00646973,-1.00759888,0.244141,-0.061035,-0.061035
16694060250,0.00631714,0.00532532,-1.00758362,0.244141,-0.061035,-0.061035
16699120083,0.00631714,0.00532532,-1.00758362,0.427246,-0.244141,-0.061035
16704219166,0.00549316,0.00553894,-1.00823975,0.427246,-0.244141,-0.061035
16706790125,0.00549316,0.00553894,-1.00823975,0.305176,-0.122070,-0.122070
16714390916,0.00604248,0.00689697,-1.00706482,0.305176,-0.122070,-0.122070
16719081458,0.00604248,0.00689697,-1.00706482,0.305176,-0.305176,0.000000
16724184000,0.00563049,0.00726318,-1.00816345,0.305176,-0.305176,0.000000
16728806375,0.00563049,0.00726318,-1.00816345,0.122070,-0.183105,0.000000
16736172583,0.00576782,0.00666809,-1.00860596,0.122070,-0.183105,0.000000
16738248791,0.00576782,0.00666809,-1.00860596,0.488281,-0.061035,0.000000
16745590875,0.00735474,0.00781250,-1.00755310,0.488281,-0.061035,0.000000
16748143125,0.00735474,0.00781250,-1.00755310,0.305176,-0.244141,-0.122070
16755665333,0.00622559,0.00752258,-1.00836182,0.305176,-0.244141,-0.122070
16757886666,0.00622559,0.00752258,-1.00836182,0.366211,-0.122070,-0.061035
16765454916,0.00639343,0.00714111,-1.00779724,0.366211,-0.122070,-0.061035
16767999541,0.00639343,0.00714111,-1.00779724,0.244141,-0.183105,0.000000
16775594541,0.00663757,0.00662231,-1.00802612,0.244141,-0.183105,0.000000
16778131916,0.00663757,0.00662231,-1.00802612,0.305176,0.000000,-0.061035
16785593958,0.00683594,0.00700378,-1.00727844,0.305176,0.000000,-0.061035
16788139833,0.00683594,0.00700378,-1.00727844,0.366211,-0.122070,-0.061035
16795713958,0.00682068,0.00686646,-1.00770569,0.366211,-0.122070,-0.061035
16798246416,0.00682068,0.00686646,-1.00770569,0.366211,-0.061035,0.061035
16805700625,0.00656128,0.00660706,-1.00854492,0.366211,-0.061035,0.061035
16808244708,0.00656128,0.00660706,-1.00854492,0.305176,-0.061035,0.122070
16815529625,0.00665283,0.00685120,-1.00799561,0.305176,-0.061035,0.122070
16818084958,0.00665283,0.00685120,-1.00799561,0.366211,-0.061035,0.000000
16825093291,0.00642395,0.00665283,-1.00775146,0.366211,-0.061035,0.000000
16827638750,0.00642395,0.00665283,-1.00775146,0.183105,-0.122070,-0.061035
16835238875,0.00662231,0.00556946,-1.00712585,0.183105,-0.122070,-0.061035
16837828041,0.00662231,0.00556946,-1.00712585,0.427246,-0.244141,-0.183105
16845482166,0.00743103,0.00704956,-1.00842285,0.427246,-0.244141,-0.183105
16848036833,0.00743103,0.00704956,-1.00842285,0.183105,-0.183105,-0.061035
16855679583,0.00714111,0.00724792,-1.00779724,0.183105,-0.183105,-0.061035
16858249666,0.00714111,0.00724792,-1.00779724,0.244141,-0.122070,-0.122070
16865888833,0.00566101,0.00643921,-1.00737000,0.244141,-0.122070,-0.122070
16868463250,0.00566101,0.00643921,-1.00737000,0.244141,-0.122070,0.061035
16876080791,0.00541687,0.00694275,-1.00735474,0.244141,-0.122070,0.061035
16878686208,0.00541687,0.00694275,-1.00735474,0.305176,-0.183105,0.000000
16886287208,0.00610352,0.00773621,-1.00790405,0.305176,-0.183105,0.000000
16888851666,0.00610352,0.00773621,-1.00790405,0.427246,-0.244141,0.000000
16896416916,0.00526428,0.00703430,-1.00816345,0.427246,-0.244141,0.000000
16898948000,0.00526428,0.00703430,-1.00816345,0.366211,-0.122070,-0.122070
16906111041,0.00598145,0.00744629,-1.00770569,0.366211,-0.122070,-0.122070
16908713083,0.00598145,0.00744629,-1.00770569,0.305176,-0.061035,-0.061035
16916303666,0.00582886,0.00625610,-1.00654602,0.305176,-0.061035,-0.061035
16918441833,0.00582886,0.00625610,-1.00654602,0.305176,-0.183105,-0.061035
16925686500,0.00634766,0.00662231,-1.00720215,0.305176,-0.183105,-0.061035
16928238958,0.00634766,0.00662231,-1.00720215,0.366211,-0.244141,-0.244141
16935856416,0.00720215,0.00727844,-1.00758362,0.366211,-0.244141,-0.244141
16938433250,0.00720215,0.00727844,-1.00758362,0.244141,-0.244141,0.000000
16946026375,0.00695801,0.00650024,-1.00773621,0.244141,-0.244141,0.000000
16948560708,0.00695801,0.00650024,-1.00773621,0.305176,-0.122070,0.000000
16956166041,0.00665283,0.00675964,-1.00846863,0.305176,-0.122070,0.000000
16958468083,0.00665283,0.00675964,-1.00846863,0.427246,-0.122070,0.061035
16966052916,0.00627136,0.00679016,-1.00782776,0.427246,-0.122070,0.061035
16968603333,0.00627136,0.00679016,-1.00782776,0.244141,-0.122070,-0.061035
16976232750,0.00663757,0.00634766,-1.00857544,0.244141,-0.122070,-0.061035
16978778416,0.00663757,0.00634766,-1.00857544,0.244141,-0.122070,-0.122070
16986344333,0.00720215,0.00631714,-1.00892639,0.244141,-0.122070,-0.122070
16988885750,0.00720215,0.00631714,-1.00892639,0.488281,-0.061035,0.061035
16996460833,0.00608826,0.00669861,-1.00849915,0.488281,-0.061035,0.061035
16998991916,0.00608826,0.00669861,-1.00849915,0.183105,-0.244141,0.000000
17006620750,0.00595093,0.00665283,-1.00828552,0.183105,-0.244141,0.000000
17009211791,0.00595093,0.00665283,-1.00828552,0.366211,-0.183105,-0.122070
17016823416,0.00675964,0.00573730,-1.00828552,0.549316,-0.122070,0.061035
17026878625,0.00642395,0.00677490,-1.00798035,0.244141,-0.183105,0.061035
17036908458,0.00665283,0.00627136,-1.00692749,0.183105,-0.122070,-0.061035
17047021916,0.00653076,0.00636292,-1.00758362,0.305176,-0.244141,-0.061035
17057131583,0.00712585,0.00729370,-1.00807190,0.366211,-0.061035,-0.122070
17064729458,0.00674438,0.00746155,-1.00811768,0.366211,-0.061035,-0.122070
17067233875,0.00674438,0.00746155,-1.00811768,0.305176,0.000000,0.000000
17074850208,0.00616455,0.00720215,-1.00817871,0.305176,0.000000,0.000000
17077389666,0.00616455,0.00720215,-1.00817871,0.305176,-0.061035,0.000000
17084751750,0.00703430,0.00669861,-1.00796509,0.305176,-0.061035,0.000000
17087310916,0.00703430,0.00669861,-1.00796509,0.305176,-0.183105,0.061035
17094843666,0.00639343,0.00662231,-1.00903320,0.305176,-0.183105,0.061035
17097383083,0.00639343,0.00662231,-1.00903320,0.366211,0.000000,0.000000
17104974666,0.00714111,0.00694275,-1.00720215,0.366211,0.000000,0.000000
17107516291,0.00714111,0.00694275,-1.00720215,0.366211,-0.061035,0.000000
17114908541,0.00671387,0.00526428,-1.00779724,0.366211,-0.061035,0.000000
17117230041,0.00671387,0.00526428,-1.00779724,0.244141,-0.183105,-0.122070
17126980041,0.00630188,0.00563049,-1.00801086,0.183105,-0.244141,-0.183105
17137117791,0.00581360,0.00648499,-1.00727844,0.305176,-0.183105,-0.061035
17146548291,0.00729370,0.00715637,-1.00765991,0.305176,-0.183105,-0.061035
17149096000,0.00729370,0.00715637,-1.00765991,0.366211,-0.183105,-0.122070
17156687208,0.00782776,0.00723267,-1.00700378,0.366211,-0.183105,-0.122070
17159222625,0.00782776,0.00723267,-1.00700378,0.305176,-0.244141,-0.061035
17166835083,0.00677490,0.00675964,-1.00839233,0.183105,-0.122070,-0.061035
17176998416,0.00685120,0.00738525,-1.00816345,0.366211,-0.122070,-0.061035
17186886291,0.00711060,0.00677490,-1.00723267,0.244141,-0.122070,0.122070
17197005125,0.00650024,0.00656128,-1.00801086,0.366211,-0.122070,0.061035
17206869333,0.00671387,0.00704956,-1.00820923,0.183105,-0.183105,-0.061035
17216887000,0.00686646,0.00559998,-1.00778198,0.183105,-0.061035,-0.061035
17227034041,0.00584412,0.00566101,-1.00819397,0.244141,-0.244141,-0.122070
17237180166,0.00653076,0.00634766,-1.00825500,0.427246,-0.183105,-0.061035
17244795166,0.00747681,0.00677490,-1.00886536,0.427246,-0.183105,-0.061035
17247333791,0.00747681,0.00677490,-1.00886536,0.366211,-0.122070,0.000000
17254947250,0.00718689,0.00630188,-1.00854492,0.366211,-0.122070,0.000000
17257495875,0.00718689,0.00630188,-1.00854492,0.366211,-0.122070,-0.061035
17265066750,0.00672913,0.00695801,-1.00796509,0.366211,-0.122070,-0.061035
17267598000,0.00672913,0.00695801,-1.00796509,0.305176,-0.183105,-0.122070
17275224875,0.00617981,0.00679016,-1.00746155,0.305176,-0.183105,-0.122070
17277432375,0.00617981,0.00679016,-1.00746155,0.244141,-0.183105,0.000000
17285032375,0.00636292,0.00624084,-1.00782776,0.244141,-0.183105,0.000000
17287584958,0.00636292,0.00624084,-1.00782776,0.244141,-0.244141,-0.122070
17295213458,0.00665283,0.00642395,-1.00825500,0.244141,-0.244141,-0.122070
17297757125,0.00665283,0.00642395,-1.00825500,0.183105,-0.183105,-0.122070
17305374666,0.00601196,0.00750732,-1.00726318,0.183105,-0.183105,-0.122070
17307930708,0.00601196,0.00750732,-1.00726318,0.305176,-0.122070,-0.122070
17315138125,0.00595093,0.00755310,-1.00756836,0.305176,-0.122070,-0.122070
17317662250,0.00595093,0.00755310,-1.00756836,0.427246,-0.061035,-0.122070
17325077833,0.00611877,0.00701904,-1.00831604,0.427246,-0.061035,-0.122070
17327621875,0.00611877,0.00701904,-1.00831604,0.244141,-0.183105,-0.061035
17335211541,0.00611877,0.00740051,-1.00737000,0.244141,-0.183105,-0.061035
17337785541,0.00611877,0.00740051,-1.00737000,0.305176,-0.183105,-0.122070
17345257916,0.00538635,0.00694275,-1.00790405,0.305176,-0.183105,-0.122070
17347582333,0.00538635,0.00694275,-1.00790405,0.427246,-0.183105,0.061035
17356541125,0.00611877,0.00602722,-1.00895691,0.427246,-0.183105,0.061035
17359085916,0.00611877,0.00602722,-1.00895691,0.366211,0.000000,0.000000
17366556125,0.00624084,0.00646973,-1.00817871,0.366211,0.000000,0.000000
17369116666,0.00624084,0.00646973,-1.00817871,0.427246,-0.061035,0.000000
17376772291,0.00643921,0.00630188,-1.00793457,0.427246,-0.061035,0.000000
17379329458,0.00643921,0.00630188,-1.00793457,0.488281,-0.061035,-0.061035
17386914041,0.00720215,0.00648499,-1.00779724,0.488281,-0.061035,-0.061035
17389462375,0.00720215,0.00648499,-1.00779724,0.366211,-0.183105,0.000000
17396711625,0.00680542,0.00614929,-1.00737000,0.366211,-0.183105,0.000000
17399244666,0.00680542,0.00614929,-1.00737000,0.366211,-0.061035,-0.061035
17406855250,0.00651550,0.00592041,-1.00778198,0.366211,-0.061035,-0.061035
17409401000,0.00651550,0.00592041,-1.00778198,0.427246,-0.183105,0.061035
17416692875,0.00599670,0.00723267,-1.00776672,0.427246,-0.183105,0.061035
17419243458,0.00599670,0.00723267,-1.00776672,0.305176,0.000000,0.000000
17426857291,0.00663757,0.00662231,-1.00765991,0.305176,0.000000,0.000000
17429002916,0.00663757,0.00662231,-1.00765991,0.183105,-0.183105,0.000000
17436581791,0.00633240,0.00657654,-1.00791931,0.183105,-0.183105,0.000000
17438899458,0.00633240,0.00657654,-1.00791931,0.427246,-0.244141,-0.061035
17446478666,0.00617981,0.00672913,-1.00851440,0.427246,-0.244141,-0.061035
17449019458,0.00617981,0.00672913,-1.00851440,0.122070,-0.183105,0.000000
17456621583,0.00685120,0.00651550,-1.00936890,0.122070,-0.183105,0.000000
17459156958,0.00685120,0.00651550,-1.00936890,0.183105,-0.122070,-0.122070
17466726583,0.00628662,0.00634766,-1.00894165,0.183105,-0.122070,-0.122070
17469266291,0.00628662,0.00634766,-1.00894165,0.305176,-0.061035,0.061035
17476067458,0.00669861,0.00683594,-1.00785828,0.305176,-0.061035,0.061035
17478633291,0.00669861,0.00683594,-1.00785828,0.244141,-0.183105,-0.061035
17486225625,0.00592041,0.00747681,-1.00802612,0.244141,-0.183105,-0.061035
17488771166,0.00592041,0.00747681,-1.00802612,0.366211,0.000000,0.000000
17496354375,0.00563049,0.00750732,-1.00817871,0.366211,0.000000,0.000000
17498903666,0.00563049,0.00750732,-1.00817871,0.427246,-0.061035,-0.122070
17506135083,0.00717163,0.00616455,-1.00773621,0.427246,-0.061035,-0.122070
17508674541,0.00717163,0.00616455,-1.00773621,0.366211,-0.183105,0.122070
17516249458,0.00663757,0.00588989,-1.00733948,0.366211,-0.183105,0.122070
17518789750,0.00663757,0.00588989,-1.00733948,0.427246,-0.122070,-0.122070
17526386458,0.00627136,0.00608826,-1.00747681,0.427246,-0.122070,-0.122070
17528930041,0.00627136,0.00608826,-1.00747681,0.305176,0.000000,0.000000
17536529166,0.00602722,0.00607300,-1.00669861,0.305176,0.000000,0.000000
17539093458,0.00602722,0.00607300,-1.00669861,0.366211,-0.183105,0.000000
17546684708,0.00538635,0.00596619,-1.00813293,0.366211,-0.183105,0.000000
17549201583,0.00538635,0.00596619,-1.00813293,0.366211,-0.122070,-0.061035
17556802708,0.00648499,0.00646973,-1.00804138,0.366211,-0.122070,-0.061035
17559202041,0.00648499,0.00646973,-1.00804138,0.366211,-0.244141,-0.122070
17566773500,0.00619507,0.00602722,-1.00836182,0.366211,-0.244141,-0.122070
17569324083,0.00619507,0.00602722,-1.00836182,0.305176,-0.122070,-0.061035
17576996500,0.00602722,0.00682068,-1.00831604,0.305176,-0.122070,-0.061035
17579398416,0.00602722,0.00682068,-1.00831604,0.427246,-0.122070,0.000000
17587044000,0.00700378,0.00646973,-1.00799561,0.427246,-0.122070,0.000000
17589739916,0.00700378,0.00646973,-1.00799561,0.305176,-0.244141,-0.122070
17597412291,0.00555420,0.00628662,-1.00743103,0.427246,-0.122070,-0.061035
17605181875,0.00596619,0.00625610,-1.00706482,0.427246,-0.122070,-0.061035
17607753916,0.00596619,0.00625610,-1.00706482,0.366211,-0.183105,-0.122070
17615489250,0.00631714,0.00628662,-1.00740051,0.366211,-0.183105,-0.122070
17618041208,0.00631714,0.00628662,-1.00740051,0.305176,-0.183105,-0.122070
17625656583,0.00666809,0.00700378,-1.00834656,0.305176,-0.183105,-0.122070
17628229833,0.00666809,0.00700378,-1.00834656,0.305176,-0.122070,0.000000
17635851875,0.00630188,0.00596619,-1.00790405,0.305176,-0.122070,0.000000
17638113500,0.00630188,0.00596619,-1.00790405,0.427246,-0.183105,-0.061035
17645688833,0.00662231,0.00674438,-1.00819397,0.427246,-0.183105,-0.061035
17648212250,0.00662231,0.00674438,-1.00819397,0.488281,-0.183105,-0.122070
17655784208,0.00737000,0.00712585,-1.00761414,0.488281,-0.183105,-0.122070
17658331708,0.00737000,0.00712585,-1.00761414,0.305176,0.000000,0.000000
17665920333,0.00630188,0.00601196,-1.00749207,0.305176,0.000000,0.000000
17668450833,0.00630188,0.00601196,-1.00749207,0.244141,-0.122070,0.000000
17676070333,0.00613403,0.00624084,-1.00810242,0.244141,-0.122070,0.000000
17678597208,0.00613403,0.00624084,-1.00810242,0.366211,0.000000,0.061035
17685881375,0.00721741,0.00660706,-1.00822449,0.366211,0.000000,0.061035
17688416750,0.00721741,0.00660706,-1.00822449,0.244141,-0.244141,0.061035
17695720875,0.00714111,0.00628662,-1.00779724,0.244141,-0.244141,0.061035
17697861500,0.00714111,0.00628662,-1.00779724,0.305176,-0.122070,-0.183105
17705006333,0.00630188,0.00643921,-1.00726318,0.305176,-0.122070,-0.183105
17709717541,0.00630188,0.00643921,-1.00726318,0.305176,-0.183105,-0.061035
17714809875,0.00599670,0.00657654,-1.00788879,0.305176,-0.183105,-0.061035
17719879875,0.00599670,0.00657654,-1.00788879,0.366211,-0.122070,-0.061035
17724966750,0.00592041,0.00622559,-1.00854492,0.366211,-0.122070,-0.061035
17729782125,0.00592041,0.00622559,-1.00854492,0.366211,-0.122070,0.000000
17734892708,0.00582886,0.00567627,-1.00842285,0.366211,-0.122070,0.000000
17739963750,0.00582886,0.00567627,-1.00842285,0.122070,-0.183105,-0.061035
17745029291,0.00599670,0.00595093,-1.00808716,0.122070,-0.183105,-0.061035
17750112125,0.00599670,0.00595093,-1.00808716,0.366211,-0.061035,-0.061035
17755149375,0.00692749,0.00700378,-1.00827026,0.366211,-0.061035,-0.061035
17757675208,0.00692749,0.00700378,-1.00827026,0.305176,-0.122070,0.000000
17765255916,0.00656128,0.00677490,-1.00845337,0.305176,-0.122070,0.000000
17767792291,0.00656128,0.00677490,-1.00845337,0.183105,-0.244141,-0.061035
17775296250,0.00651550,0.00631714,-1.00904846,0.183105,-0.244141,-0.061035
17777832916,0.00651550,0.00631714,-1.00904846,0.244141,-0.061035,0.000000
17785208208,0.00613403,0.00732422,-1.00828552,0.244141,-0.061035,0.000000
17787760666,0.00613403,0.00732422,-1.00828552,0.366211,-0.244141,0.000000
17795353000,0.00538635,0.00675964,-1.00804138,0.366211,-0.244141,0.000000
17797894291,0.00538635,0.00675964,-1.00804138,0.244141,-0.244141,0.122070
17805454666,0.00553894,0.00744629,-1.00854492,0.244141,-0.244141,0.122070
17808019000,0.00553894,0.00744629,-1.00854492,0.244141,-0.305176,-0.061035
17815600708,0.00669861,0.00659180,-1.00668335,0.244141,-0.305176,-0.061035
17818140625,0.00669861,0.00659180,-1.00668335,0.244141,-0.305176,-0.122070
17825562166,0.00749207,0.00750732,-1.00732422,0.244141,-0.305176,-0.122070
17827714583,0.00749207,0.00750732,-1.00732422,0.183105,-0.305176,-0.122070
17835303000,0.00743103,0.00688171,-1.00868225,0.183105,-0.305176,-0.122070
17837883708,0.00743103,0.00688171,-1.00868225,0.366211,-0.183105,-0.183105
17845501666,0.00701904,0.00631714,-1.00898743,0.366211,-0.183105,-0.183105
17848034583,0.00701904,0.00631714,-1.00898743,0.244141,-0.122070,-0.061035
17855625083,0.00651550,0.00680542,-1.00718689,0.244141,-0.122070,-0.061035
17858177708,0.00651550,0.00680542,-1.00718689,0.305176,-0.183105,0.000000
17865798958,0.00715637,0.00694275,-1.00770569,0.305176,-0.183105,0.000000
17868336875,0.00715637,0.00694275,-1.00770569,0.305176,-0.183105,-0.061035
17875467416,0.00613403,0.00659180,-1.00859070,0.305176,-0.183105,-0.061035
17878014500,0.00613403,0.00659180,-1.00859070,0.366211,-0.061035,0.000000
17885578125,0.00505066,0.00607300,-1.00743103,0.366211,-0.061035,0.000000
17888118083,0.00505066,0.00607300,-1.00743103,0.427246,-0.122070,-0.122070
17895254333,0.00532532,0.00637817,-1.00810242,0.427246,-0.122070,-0.122070
17897783458,0.00532532,0.00637817,-1.00810242,0.183105,-0.061035,0.000000
17905243500,0.00581360,0.00691223,-1.00947571,0.183105,-0.061035,0.000000
17907812125,0.00581360,0.00691223,-1.00947571,0.488281,-0.244141,0.000000
17915414666,0.00588989,0.00704956,-1.00805664,0.488281,-0.244141,0.000000
17917977541,0.00588989,0.00704956,-1.00805664,0.488281,-0.061035,0.061035
17925588791,0.00627136,0.00674438,-1.00694275,0.488281,-0.061035,0.061035
17927790458,0.00627136,0.00674438,-1.00694275,0.305176,-0.244141,-0.061035
17935304500,0.00636292,0.00683594,-1.00765991,0.305176,-0.244141,-0.061035
17937847416,0.00636292,0.00683594,-1.00765991,0.244141,-0.122070,-0.061035
17945245750,0.00613403,0.00737000,-1.00744629,0.244141,-0.122070,-0.061035
17947771125,0.00613403,0.00737000,-1.00744629,0.366211,-0.122070,-0.183105
17955114541,0.00611877,0.00674438,-1.00915527,0.366211,-0.122070,-0.183105
17957703875,0.00611877,0.00674438,-1.00915527,0.305176,-0.244141,0.000000
17965333375,0.00686646,0.00683594,-1.00828552,0.305176,-0.244141,0.000000
17967873166,0.00686646,0.00683594,-1.00828552,0.427246,-0.122070,-0.061035
17975460458,0.00761414,0.00677490,-1.00813293,0.427246,-0.122070,-0.061035
17977995416,0.00761414,0.00677490,-1.00813293,0.244141,-0.122070,0.000000
17985339875,0.00608826,0.00624084,-1.00787354,0.244141,-0.122070,0.000000
17987705041,0.00608826,0.00624084,-1.00787354,0.122070,-0.061035,-0.061035
17995327916,0.00585938,0.00605774,-1.00842285,0.122070,-0.061035,-0.061035
17997859541,0.00585938,0.00605774,-1.00842285,0.244141,-0.122070,0.000000
18005453125,0.00648499,0.00680542,-1.00794983,0.244141,-0.122070,0.000000
18007996791,0.00648499,0.00680542,-1.00794983,0.183105,-0.122070,0.061035
18015545625,0.00547791,0.00704956,-1.00749207,0.183105,-0.122070,0.061035
18018079875,0.00547791,0.00704956,-1.00749207,0.305176,-0.122070,-0.061035
18025177166,0.00541687,0.00672913,-1.00920105,0.305176,-0.122070,-0.061035
18027716291,0.00541687,0.00672913,-1.00920105,0.305176,-0.183105,-0.061035
18035274416,0.00643921,0.00688171,-1.00836182,0.305176,-0.183105,-0.061035
18037804833,0.00643921,0.00688171,-1.00836182,0.183105,-0.183105,-0.061035
18045364375,0.00692749,0.00749207,-1.00685120,0.183105,-0.183105,-0.061035
18050103750,0.00692749,0.00749207,-1.00685120,0.244141,-0.122070,0.000000
18055138333,0.00686646,0.00769043,-1.00813293,0.244141,-0.122070,0.000000
18059965166,0.00686646,0.00769043,-1.00813293,0.305176,-0.061035,0.000000
18067271458,0.00599670,0.00709534,-1.00813293,0.305176,-0.061035,0.000000
18069795583,0.00599670,0.00709534,-1.00813293,0.427246,-0.244141,-0.061035
18077374291,0.00630188,0.00735474,-1.00823975,0.427246,-0.244141,-0.061035
18079898041,0.00630188,0.00735474,-1.00823975,0.305176,-0.183105,0.061035
18087457500,0.00679016,0.00686646,-1.00869751,0.305176,-0.183105,0.061035
18089986000,0.00679016,0.00686646,-1.00869751,0.244141,-0.122070,-0.122070
18097570166,0.00672913,0.00660706,-1.00830078,0.244141,-0.122070,-0.122070
18099700500,0.00672913,0.00660706,-1.00830078,0.305176,-0.244141,-0.061035
18107170125,0.00617981,0.00617981,-1.00691223,0.305176,-0.244141,-0.061035
18109695250,0.00617981,0.00617981,-1.00691223,0.366211,-0.183105,0.000000
18117239166,0.00668335,0.00640869,-1.00749207,0.366211,-0.183105,0.000000
18119769500,0.00668335,0.00640869,-1.00749207,0.244141,-0.183105,-0.122070
18127046708,0.00607300,0.00637817,-1.00767517,0.244141,-0.183105,-0.122070
18129573291,0.00607300,0.00637817,-1.00767517,0.244141,-0.122070,0.000000
18137113166,0.00685120,0.00662231,-1.00813293,0.244141,-0.122070,0.000000
18139638416,0.00685120,0.00662231,-1.00813293,0.244141,-0.122070,0.000000
18147223375,0.00653076,0.00630188,-1.00688171,0.244141,-0.122070,0.000000
18149564416,0.00653076,0.00630188,-1.00688171,0.366211,-0.244141,0.000000
18156525125,0.00695801,0.00659180,-1.00764465,0.366211,-0.244141,0.000000
18159060083,0.00695801,0.00659180,-1.00764465,0.244141,-0.122070,0.000000
18166607500,0.00627136,0.00654602,-1.00755310,0.244141,-0.122070,0.000000
18169137416,0.00627136,0.00654602,-1.00755310,0.427246,-0.183105,-0.061035
18176698416,0.00636292,0.00646973,-1.00674438,0.427246,-0.183105,-0.061035
18179228208,0.00636292,0.00646973,-1.00674438,0.244141,-0.183105,-0.061035
18186766958,0.00669861,0.00663757,-1.00738525,0.244141,-0.183105,-0.061035
18189287250,0.00669861,0.00663757,-1.00738525,0.366211,-0.122070,0.000000
18196827791,0.00625610,0.00697327,-1.00833130,0.366211,-0.122070,0.000000
18199353708,0.00625610,0.00697327,-1.00833130,0.305176,-0.122070,0.000000
18206917000,0.00718689,0.00569153,-1.00761414,0.305176,-0.122070,0.000000
18209445500,0.00718689,0.00569153,-1.00761414,0.244141,-0.183105,-0.061035
18216996583,0.00671387,0.00630188,-1.00769043,0.244141,-0.183105,-0.061035
18219518666,0.00671387,0.00630188,-1.00769043,0.244141,-0.244141,-0.061035
18227057875,0.00685120,0.00675964,-1.00868225,0.244141,-0.244141,-0.061035
18229575875,0.00685120,0.00675964,-1.00868225,0.610352,-0.061035,-0.122070
18236797875,0.00701904,0.00689697,-1.00865173,0.610352,-0.061035,-0.122070
18239324208,0.00701904,0.00689697,-1.00865173,0.305176,-0.244141,-0.061035
18246660083,0.00669861,0.00654602,-1.00820923,0.305176,-0.244141,-0.061035
18249179708,0.00669861,0.00654602,-1.00820923,0.244141,-0.244141,-0.061035
18256729750,0.00659180,0.00675964,-1.00701904,0.244141,-0.244141,-0.061035
18259251875,0.00659180,0.00675964,-1.00701904,0.244141,-0.061035,-0.061035
18266378333,0.00653076,0.00723267,-1.00744629,0.244141,-0.061035,-0.061035
18268902541,0.00653076,0.00723267,-1.00744629,0.305176,-0.061035,-0.061035
18276507541,0.00596619,0.00675964,-1.00704956,0.305176,-0.061035,-0.061035
18279052083,0.00596619,0.00675964,-1.00704956,0.244141,-0.244141,0.000000
18286673750,0.00570679,0.00608826,-1.00756836,0.244141,-0.244141,0.000000
18289238916,0.00570679,0.00608826,-1.00756836,0.366211,-0.122070,0.122070
18296831875,0.00630188,0.00682068,-1.00793457,0.366211,-0.122070,0.122070
18299373000,0.00630188,0.00682068,-1.00793457,0.244141,-0.061035,-0.061035
18306984416,0.00663757,0.00691223,-1.00938416,0.244141,-0.061035,-0.061035
18309549166,0.00663757,0.00691223,-1.00938416,0.183105,-0.244141,-0.061035
18317153500,0.00657654,0.00598145,-1.00839233,0.183105,-0.244141,-0.061035
18319699875,0.00657654,0.00598145,-1.00839233,0.244141,-0.061035,-0.122070
18327324875,0.00653076,0.00610352,-1.00691223,0.244141,-0.061035,-0.122070
18329605041,0.00653076,0.00610352,-1.00691223,0.427246,-0.122070,-0.122070
18337202791,0.00720215,0.00616455,-1.00845337,0.427246,-0.122070,-0.122070
18339715041,0.00720215,0.00616455,-1.00845337,0.427246,-0.061035,-0.061035
18347082833,0.00669861,0.00637817,-1.00827026,0.427246,-0.061035,-0.061035
18349218583,0.00669861,0.00637817,-1.00827026,0.305176,-0.183105,-0.183105
18356646500,0.00637817,0.00595093,-1.00755310,0.305176,-0.183105,-0.183105
18359196416,0.00637817,0.00595093,-1.00755310,0.366211,-0.244141,-0.061035
18366763791,0.00708008,0.00662231,-1.00775146,0.366211,-0.244141,-0.061035
18369300416,0.00708008,0.00662231,-1.00775146,0.305176,-0.122070,0.061035
18376862500,0.00625610,0.00689697,-1.00694275,0.305176,-0.122070,0.061035
18379397750,0.00625610,0.00689697,-1.00694275,0.183105,-0.122070,-0.061035
18386695291,0.00648499,0.00718689,-1.00778198,0.183105,-0.122070,-0.061035
18389222916,0.00648499,0.00718689,-1.00778198,0.366211,-0.244141,0.000000
18396766000,0.00584412,0.00741577,-1.00830078,0.366211,-0.244141,0.000000
18399285541,0.00584412,0.00741577,-1.00830078,0.183105,-0.183105,0.000000
18406853875,0.00585938,0.00778198,-1.00840759,0.183105,-0.183105,0.000000
18409388833,0.00585938,0.00778198,-1.00840759,0.183105,-0.122070,-0.122070
18417038125,0.00683594,0.00711060,-1.00950623,0.183105,-0.122070,-0.122070
18419591583,0.00683594,0.00711060,-1.00950623,0.305176,-0.183105,0.000000
18427188500,0.00659180,0.00692749,-1.00820923,0.305176,-0.183105,0.000000
18429738250,0.00659180,0.00692749,-1.00820923,0.305176,-0.122070,-0.183105
18436900125,0.00621033,0.00703430,-1.00733948,0.305176,-0.122070,-0.183105
18439447208,0.00621033,0.00703430,-1.00733948,0.366211,-0.183105,-0.061035
18447044041,0.00682068,0.00701904,-1.00776672,0.366211,-0.183105,-0.061035
18449575750,0.00682068,0.00701904,-1.00776672,0.366211,-0.061035,-0.061035
18456728750,0.00726318,0.00611877,-1.00798035,0.366211,-0.061035,-0.061035
18459270625,0.00726318,0.00611877,-1.00798035,0.244141,-0.122070,0.061035
18466860333,0.00578308,0.00616455,-1.00779724,0.244141,-0.122070,0.061035
18469430375,0.00578308,0.00616455,-1.00779724,0.366211,-0.122070,-0.122070
18476534708,0.00659180,0.00756836,-1.00871277,0.366211,-0.122070,-0.122070
18479076708,0.00659180,0.00756836,-1.00871277,0.305176,-0.061035,-0.122070
18486672416,0.00625610,0.00749207,-1.00770569,0.305176,-0.061035,-0.122070
18489207750,0.00625610,0.00749207,-1.00770569,0.366211,-0.183105,0.000000
18496765750,0.00672913,0.00604248,-1.00801086,0.366211,-0.183105,0.000000
18499294083,0.00672913,0.00604248,-1.00801086,0.305176,-0.122070,0.000000
18506762208,0.00698853,0.00718689,-1.00758362,0.305176,-0.122070,0.000000
18509323916,0.00698853,0.00718689,-1.00758362,0.366211,-0.122070,0.000000
18516592583,0.00672913,0.00714111,-1.00880432,0.366211,-0.122070,0.000000
18519152583,0.00672913,0.00714111,-1.00880432,0.305176,-0.244141,-0.122070
18526734416,0.00611877,0.00585938,-1.00790405,0.305176,-0.244141,-0.122070
18529262458,0.00611877,0.00585938,-1.00790405,0.183105,-0.122070,-0.061035
18536333208,0.00584412,0.00688171,-1.00625610,0.183105,-0.122070,-0.061035
18538882791,0.00584412,0.00688171,-1.00625610,0.366211,-0.122070,0.000000
18546074833,0.00611877,0.00601196,-1.00686646,0.366211,-0.122070,0.000000
18548600791,0.00611877,0.00601196,-1.00686646,0.244141,-0.061035,0.061035
18556193333,0.00653076,0.00701904,-1.00836182,0.244141,-0.061035,0.061035
18558739958,0.00653076,0.00701904,-1.00836182,0.244141,-0.122070,-0.061035
18566316750,0.00669861,0.00671387,-1.00883484,0.244141,-0.122070,-0.061035
18568855083,0.00669861,0.00671387,-1.00883484,0.244141,-0.122070,-0.122070
18576451708,0.00697327,0.00651550,-1.00718689,0.244141,-0.122070,-0.122070
18578991583,0.00697327,0.00651550,-1.00718689,0.305176,-0.244141,-0.061035
18586400333,0.00700378,0.00657654,-1.00852966,0.305176,-0.244141,-0.061035
18588845708,0.00700378,0.00657654,-1.00852966,0.244141,-0.122070,-0.183105
18596419083,0.00677490,0.00572205,-1.00930786,0.244141,-0.122070,-0.183105
18598966000,0.00677490,0.00572205,-1.00930786,0.305176,-0.122070,-0.061035
18606074375,0.00688171,0.00555420,-1.00790405,0.305176,-0.122070,-0.061035
18608604333,0.00688171,0.00555420,-1.00790405,0.305176,-0.122070,-0.122070
18616167166,0.00648499,0.00627136,-1.00727844,0.305176,-0.122070,-0.122070
18618705541,0.00648499,0.00627136,-1.00727844,0.366211,-0.122070,0.000000
18625862083,0.00601196,0.00662231,-1.00813293,0.366211,-0.122070,0.000000
18628388583,0.00601196,0.00662231,-1.00813293,0.244141,-0.183105,0.061035
18635942500,0.00711060,0.00776672,-1.00788879,0.244141,-0.183105,0.061035
18638299250,0.00711060,0.00776672,-1.00788879,0.244141,-0.244141,0.000000
18645887750,0.00671387,0.00711060,-1.00828552,0.244141,-0.244141,0.000000
18648425708,0.00671387,0.00711060,-1.00828552,0.305176,-0.061035,0.061035
18656017333,0.00697327,0.00738525,-1.00848389,0.305176,-0.061035,0.061035
18658558166,0.00697327,0.00738525,-1.00848389,0.305176,-0.122070,-0.061035
18666179333,0.00694275,0.00674438,-1.00862122,0.305176,-0.122070,-0.061035
18668637458,0.00694275,0.00674438,-1.00862122,0.183105,-0.305176,0.061035
18676154750,0.00727844,0.00645447,-1.00773621,0.183105,-0.305176,0.061035
18678706083,0.00727844,0.00645447,-1.00773621,0.366211,-0.122070,-0.122070
18686298958,0.00640869,0.00714111,-1.00781250,0.366211,-0.122070,-0.122070
18688840041,0.00640869,0.00714111,-1.00781250,0.305176,-0.244141,0.000000
18696461833,0.00640869,0.00665283,-1.00889587,0.305176,-0.244141,0.000000
18698794083,0.00640869,0.00665283,-1.00889587,0.427246,-0.244141,0.061035
18706442000,0.00651550,0.00537109,-1.00794983,0.427246,-0.244141,0.061035
18709006666,0.00651550,0.00537109,-1.00794983,0.244141,-0.183105,-0.061035
18716602083,0.00628662,0.00558472,-1.00746155,0.244141,-0.183105,-0.061035
18719145083,0.00628662,0.00558472,-1.00746155,0.488281,0.000000,0.000000
18726741250,0.00604248,0.00608826,-1.00845337,0.488281,0.000000,0.000000
18729286500,0.00604248,0.00608826,-1.00845337,0.305176,0.000000,0.000000
18736872458,0.00633240,0.00698853,-1.00854492,0.305176,0.000000,0.000000
18739440708,0.00633240,0.00698853,-1.00854492,0.366211,-0.183105,-0.061035
18747048250,0.00640869,0.00595093,-1.00729370,0.366211,-0.183105,-0.061035
18749593291,0.00640869,0.00595093,-1.00729370,0.305176,-0.183105,0.000000
18757182916,0.00656128,0.00601196,-1.00712585,0.305176,-0.183105,0.000000
18759721791,0.00656128,0.00601196,-1.00712585,0.305176,-0.183105,0.000000
18767316875,0.00640869,0.00711060,-1.00799561,0.305176,-0.183105,0.000000
18769860791,0.00640869,0.00711060,-1.00799561,0.244141,-0.183105,-0.061035
18777472958,0.00590515,0.00735474,-1.00862122,0.244141,-0.183105,-0.061035
18780014958,0.00590515,0.00735474,-1.00862122,0.366211,-0.183105,-0.061035
18787620625,0.00646973,0.00689697,-1.00717163,0.366211,-0.183105,-0.061035
18790165916,0.00646973,0.00689697,-1.00717163,0.427246,-0.183105,0.000000
18797318500,0.00659180,0.00694275,-1.00762939,0.427246,-0.183105,0.000000
18799846791,0.00659180,0.00694275,-1.00762939,0.244141,-0.183105,0.000000
18807419083,0.00688171,0.00717163,-1.00819397,0.244141,-0.183105,0.000000
18809957958,0.00688171,0.00717163,-1.00819397,0.366211,-0.122070,0.000000
18817520000,0.00601196,0.00508118,-1.00730896,0.366211,-0.122070,0.000000
18820048500,0.00601196,0.00508118,-1.00730896,0.244141,-0.122070,-0.061035
18827597916,0.00634766,0.00532532,-1.00691223,0.244141,-0.122070,-0.061035
18830122250,0.00634766,0.00532532,-1.00691223,0.183105,-0.183105,-0.061035
18837554750,0.00628662,0.00648499,-1.00859070,0.183105,-0.183105,-0.061035
18839677625,0.00628662,0.00648499,-1.00859070,0.244141,-0.183105,-0.061035
18847228083,0.00563049,0.00665283,-1.00883484,0.244141,-0.183105,-0.061035
18849749625,0.00563049,0.00665283,-1.00883484,0.366211,-0.122070,-0.183105
18857013208,0.00570679,0.00654602,-1.00788879,0.366211,-0.122070,-0.183105
18859279208,0.00570679,0.00654602,-1.00788879,0.305176,-0.244141,-0.061035
18866882500,0.00613403,0.00726318,-1.00816345,0.305176,-0.244141,-0.061035
18869425916,0.00613403,0.00726318,-1.00816345,0.427246,0.000000,0.000000
18877024958,0.00611877,0.00765991,-1.00807190,0.427246,0.000000,0.000000
18879551625,0.00611877,0.00765991,-1.00807190,0.427246,-0.122070,0.061035
18886905083,0.00592041,0.00692749,-1.00813293,0.427246,-0.122070,0.061035
18889437833,0.00592041,0.00692749,-1.00813293,0.305176,-0.183105,-0.061035
18896806583,0.00598145,0.00585938,-1.00823975,0.305176,-0.183105,-0.061035
18899373875,0.00598145,0.00585938,-1.00823975,0.366211,-0.244141,-0.061035
18907011125,0.00639343,0.00668335,-1.00791931,0.366211,-0.244141,-0.061035
18909411875,0.00639343,0.00668335,-1.00791931,0.427246,-0.061035,0.000000
18917041166,0.00694275,0.00616455,-1.00747681,0.427246,-0.061035,0.000000
18919608833,0.00694275,0.00616455,-1.00747681,0.183105,-0.244141,0.000000
18927070833,0.00718689,0.00547791,-1.00828552,0.183105,-0.244141,0.000000
18929631541,0.00718689,0.00547791,-1.00828552,0.427246,-0.183105,-0.061035
18936982625,0.00625610,0.00654602,-1.00804138,0.427246,-0.183105,-0.061035
18939546541,0.00625610,0.00654602,-1.00804138,0.366211,-0.122070,0.000000
18947195958,0.00581360,0.00708008,-1.00845337,0.366211,-0.122070,0.000000
18949758125,0.00581360,0.00708008,-1.00845337,0.305176,-0.122070,-0.061035
18957415625,0.00617981,0.00674438,-1.00857544,0.305176,-0.122070,-0.061035
18959973125,0.00617981,0.00674438,-1.00857544,0.305176,-0.183105,-0.061035
18967227833,0.00640869,0.00648499,-1.00715637,0.305176,-0.183105,-0.061035
18969805541,0.00640869,0.00648499,-1.00715637,0.305176,-0.061035,-0.122070
18977456208,0.00689697,0.00701904,-1.00833130,0.305176,-0.061035,-0.122070
18979695791,0.00689697,0.00701904,-1.00833130,0.366211,-0.122070,0.061035
18987332375,0.00691223,0.00711060,-1.00917053,0.366211,-0.122070,0.061035
18989865958,0.00691223,0.00711060,-1.00917053,0.366211,-0.183105,-0.061035
18997406166,0.00679016,0.00622559,-1.00791931,0.366211,-0.183105,-0.061035
18999930625,0.00679016,0.00622559,-1.00791931,0.366211,-0.244141,-0.061035
19007503208,0.00679016,0.00550842,-1.00845337,0.366211,-0.244141,-0.061035
19009864541,0.00679016,0.00550842,-1.00845337,0.305176,-0.183105,-0.061035
19017426791,0.00764465,0.00535583,-1.00791931,0.305176,-0.183105,-0.061035
19019993708,0.00764465,0.00535583,-1.00791931,0.305176,-0.122070,-0.122070
19027582125,0.00643921,0.00599670,-1.00849915,0.305176,-0.122070,-0.122070
19030137916,0.00643921,0.00599670,-1.00849915,0.305176,-0.061035,-0.122070
19037728250,0.00764465,0.00650024,-1.00785828,0.305176,-0.061035,-0.122070
19040274875,0.00764465,0.00650024,-1.00785828,0.366211,-0.122070,0.000000
19047859958,0.00756836,0.00709534,-1.00782776,0.366211,-0.122070,0.000000
19050389375,0.00756836,0.00709534,-1.00782776,0.366211,-0.183105,-0.061035
19057985750,0.00683594,0.00737000,-1.00791931,0.366211,-0.183105,-0.061035
19060556625,0.00683594,0.00737000,-1.00791931,0.366211,-0.183105,0.000000
19068203708,0.00585938,0.00753784,-1.00852966,0.366211,-0.183105,0.000000
19070792625,0.00585938,0.00753784,-1.00852966,0.305176,-0.244141,-0.061035
19075883625,0.00505066,0.00695801,-1.00805664,0.305176,-0.244141,-0.061035
19080960833,0.00505066,0.00695801,-1.00805664,0.305176,-0.183105,-0.244141
19086054250,0.00569153,0.00672913,-1.00842285,0.305176,-0.183105,-0.244141
19088633750,0.00569153,0.00672913,-1.00842285,0.183105,-0.122070,0.000000
19096232541,0.00546265,0.00735474,-1.00796509,0.183105,-0.122070,0.000000
19098773000,0.00546265,0.00735474,-1.00796509,0.366211,-0.061035,-0.061035
19106099458,0.00584412,0.00654602,-1.00785828,0.366211,-0.061035,-0.061035
19108661083,0.00584412,0.00654602,-1.00785828,0.305176,-0.061035,-0.122070
19116128166,0.00680542,0.00627136,-1.00915527,0.305176,-0.061035,-0.122070
19118683250,0.00680542,0.00627136,-1.00915527,0.244141,-0.061035,-0.061035
19128371708,0.00645447,0.00669861,-1.00907898,0.244141,-0.061035,-0.061035
19130911500,0.00645447,0.00669861,-1.00907898,0.366211,-0.244141,-0.061035
19138194791,0.00582886,0.00712585,-1.00765991,0.366211,-0.244141,-0.061035
19140748625,0.00582886,0.00712585,-1.00765991,0.366211,-0.183105,-0.061035
19148360791,0.00654602,0.00709534,-1.00698853,0.366211,-0.183105,-0.061035
19150912625,0.00654602,0.00709534,-1.00698853,0.305176,-0.183105,0.000000
19155987708,0.00698853,0.00721741,-1.00656128,0.305176,-0.183105,0.000000
19161046041,0.00698853,0.00721741,-1.00656128,0.183105,-0.305176,0.000000
19166090083,0.00637817,0.00639343,-1.00881958,0.183105,-0.305176,0.000000
19168670916,0.00637817,0.00639343,-1.00881958,0.427246,-0.122070,-0.122070
19176286333,0.00712585,0.00656128,-1.00796509,0.427246,-0.122070,-0.122070
19178830625,0.00712585,0.00656128,-1.00796509,0.427246,-0.183105,0.000000
19186271708,0.00624084,0.00686646,-1.00776672,0.427246,-0.183105,0.000000
19188816583,0.00624084,0.00686646,-1.00776672,0.366211,-0.122070,-0.183105
19196418750,0.00703430,0.00642395,-1.00904846,0.366211,-0.122070,-0.183105
19199044291,0.00703430,0.00642395,-1.00904846,0.183105,-0.061035,0.061035
19206643250,0.00639343,0.00595093,-1.00956726,0.183105,-0.061035,0.061035
19209189291,0.00639343,0.00595093,-1.00956726,0.305176,-0.122070,-0.122070
19216682708,0.00637817,0.00529480,-1.00860596,0.305176,-0.122070,-0.122070
19219226083,0.00637817,0.00529480,-1.00860596,0.427246,-0.061035,0.061035
19226808416,0.00688171,0.00709534,-1.00781250,0.427246,-0.061035,0.061035
19229336041,0.00688171,0.00709534,-1.00781250,0.366211,-0.122070,0.000000
19236733125,0.00625610,0.00733948,-1.00851440,0.366211,-0.122070,0.000000
19239295958,0.00625610,0.00733948,-1.00851440,0.366211,-0.061035,-0.061035
19246901166,0.00642395,0.00682068,-1.00752258,0.366211,-0.061035,-0.061035
19249447750,0.00642395,0.00682068,-1.00752258,0.244141,-0.244141,-0.061035
19257050375,0.00718689,0.00674438,-1.00669861,0.244141,-0.244141,-0.061035
19259597291,0.00718689,0.00674438,-1.00669861,0.427246,-0.061035,0.000000
19267220375,0.00662231,0.00714111,-1.00775146,0.427246,-0.061035,0.000000
19269762166,0.00662231,0.00714111,-1.00775146,0.305176,-0.244141,-0.122070
19277364375,0.00552368,0.00717163,-1.00894165,0.305176,-0.244141,-0.122070
19279896958,0.00552368,0.00717163,-1.00894165,0.244141,-0.122070,-0.183105
19287220125,0.00634766,0.00698853,-1.00798035,0.244141,-0.122070,-0.183105
19289782583,0.00634766,0.00698853,-1.00798035,0.427246,-0.183105,-0.061035
19297414625,0.00666809,0.00662231,-1.00834656,0.427246,-0.183105,-0.061035
19299983666,0.00666809,0.00662231,-1.00834656,0.244141,-0.183105,0.000000
19307264208,0.00665283,0.00654602,-1.00891113,0.244141,-0.183105,0.000000
19309808208,0.00665283,0.00654602,-1.00891113,0.244141,-0.183105,-0.061035
19317433875,0.00645447,0.00686646,-1.00872803,0.244141,-0.183105,-0.061035
19319984416,0.00645447,0.00686646,-1.00872803,0.366211,-0.244141,-0.061035
19327579541,0.00657654,0.00682068,-1.00656128,0.366211,-0.244141,-0.061035
19330132416,0.00657654,0.00682068,-1.00656128,0.305176,-0.122070,-0.183105
19337669083,0.00697327,0.00630188,-1.00669861,0.305176,-0.122070,-0.183105
19340371833,0.00697327,0.00630188,-1.00669861,0.305176,-0.122070,0.122070
19348018333,0.00546265,0.00547791,-1.00784302,0.305176,-0.122070,0.122070
19350653625,0.00546265,0.00547791,-1.00784302,0.305176,-0.366211,-0.122070
19358299291,0.00605774,0.00642395,-1.00744629,0.305176,-0.366211,-0.122070
19360867416,0.00605774,0.00642395,-1.00744629,0.183105,-0.244141,0.000000
19368370083,0.00642395,0.00662231,-1.00669861,0.183105,-0.244141,0.000000
19370927666,0.00642395,0.00662231,-1.00669861,0.305176,-0.183105,0.061035
19378532375,0.00704956,0.00698853,-1.00799561,0.305176,-0.183105,0.061035
19381066916,0.00704956,0.00698853,-1.00799561,0.244141,-0.122070,0.061035
19388413166,0.00659180,0.00715637,-1.00881958,0.244141,-0.122070,0.061035
19390946375,0.00659180,0.00715637,-1.00881958,0.305176,-0.244141,-0.061035
19398531791,0.00698853,0.00769043,-1.00747681,0.305176,-0.244141,-0.061035
19401074791,0.00698853,0.00769043,-1.00747681,0.305176,-0.183105,-0.183105
19406240125,0.00648499,0.00706482,-1.00773621,0.305176,-0.183105,-0.183105
19408797833,0.00648499,0.00706482,-1.00773621,0.305176,-0.122070,0.122070
19416353708,0.00646973,0.00636292,-1.00808716,0.305176,-0.122070,0.122070
19418883875,0.00646973,0.00636292,-1.00808716,0.549316,-0.183105,-0.122070
19426452666,0.00582886,0.00708008,-1.00729370,0.549316,-0.183105,-0.122070
19428982083,0.00582886,0.00708008,-1.00729370,0.305176,-0.244141,0.000000
19436556791,0.00529480,0.00762939,-1.00762939,0.305176,-0.244141,0.000000
19439104250,0.00529480,0.00762939,-1.00762939,0.244141,-0.244141,-0.122070
19446702291,0.00654602,0.00700378,-1.00823975,0.244141,-0.244141,-0.122070
19449246291,0.00654602,0.00700378,-1.00823975,0.305176,-0.183105,0.000000
19456613291,0.00692749,0.00648499,-1.00906372,0.305176,-0.183105,0.000000
19459160458,0.00692749,0.00648499,-1.00906372,0.427246,-0.183105,0.122070
19466276125,0.00642395,0.00672913,-1.00775146,0.427246,-0.183105,0.122070
19468826541,0.00642395,0.00672913,-1.00775146,0.244141,-0.122070,-0.122070
19476430583,0.00714111,0.00650024,-1.00799561,0.244141,-0.122070,-0.122070
19478969333,0.00714111,0.00650024,-1.00799561,0.244141,-0.244141,-0.061035
19486582250,0.00621033,0.00654602,-1.00871277,0.244141,-0.244141,-0.061035
19489177125,0.00621033,0.00654602,-1.00871277,0.427246,-0.122070,0.061035
19496875041,0.00650024,0.00653076,-1.00801086,0.427246,-0.122070,0.061035
19499433250,0.00650024,0.00653076,-1.00801086,0.000000,0.000000,-0.122070
19507084958,0.00770569,0.00665283,-1.00424194,0.000000,0.000000,-0.122070
19509646541,0.00770569,0.00665283,-1.00424194,0.366211,-0.183105,-0.122070
19516979708,0.00730896,0.00715637,-1.01580811,0.366211,-0.183105,-0.122070
19519546250,0.00730896,0.00715637,-1.01580811,0.366211,-0.183105,-0.122070
