timestamp_ns,key,event_type,participant_id,session_id
14466716416,enter,release,p01,p01_free_type_part3_20260314_213101
16917547125,v,press,p01,p01_free_type_part3_20260314_213101
16981771083,v,release,p01,p01_free_type_part3_20260314_213101
17494367958,e,press,p01,p01_free_type_part3_20260314_213101
17570813375,e,release,p01,p01_free_type_part3_20260314_213101
18092291166,r,press,p01,p01_free_type_part3_20260314_213101
18160691541,r,release,p01,p01_free_type_part3_20260314_213101
18895493833,s,press,p01,p01_free_type_part3_20260314_213101
18971577125,s,release,p01,p01_free_type_part3_20260314_213101
19463704916,i,press,p01,p01_free_type_part3_20260314_213101
19539657416,i,release,p01,p01_free_type_part3_20260314_213101
19952555000,o,press,p01,p01_free_type_part3_20260314_213101
20036607125,o,release,p01,p01_free_type_part3_20260314_213101
20339205708,n,press,p01,p01_free_type_part3_20260314_213101
20435492500,n,release,p01,p01_free_type_part3_20260314_213101
20729312666,space,press,p01,p01_free_type_part3_20260314_213101
20817493083,space,release,p01,p01_free_type_part3_20260314_213101
21500608375,2,press,p01,p01_free_type_part3_20260314_213101
21576431500,2,release,p01,p01_free_type_part3_20260314_213101
22136015041,space,press,p01,p01_free_type_part3_20260314_213101
22176417291,space,release,p01,p01_free_type_part3_20260314_213101
22806017333,p,press,p01,p01_free_type_part3_20260314_213101
22854612750,p,release,p01,p01_free_type_part3_20260314_213101
23654400166,o,press,p01,p01_free_type_part3_20260314_213101
23706457041,o,release,p01,p01_free_type_part3_20260314_213101
24734606625,i,press,p01,p01_free_type_part3_20260314_213101
24798074875,i,release,p01,p01_free_type_part3_20260314_213101
25721168000,n,press,p01,p01_free_type_part3_20260314_213101
25793342416,n,release,p01,p01_free_type_part3_20260314_213101
26518256208,t,press,p01,p01_free_type_part3_20260314_213101
26582425625,t,release,p01,p01_free_type_part3_20260314_213101
27071092916,space,press,p01,p01_free_type_part3_20260314_213101
27163436083,space,release,p01,p01_free_type_part3_20260314_213101
27764069083,0,press,p01,p01_free_type_part3_20260314_213101
27840358000,0,release,p01,p01_free_type_part3_20260314_213101
28306078000,space,press,p01,p01_free_type_part3_20260314_213101
28394445166,space,release,p01,p01_free_type_part3_20260314_213101
29038048458,w,press,p01,p01_free_type_part3_20260314_213101
29110429083,w,release,p01,p01_free_type_part3_20260314_213101
29590237791,a,press,p01,p01_free_type_part3_20260314_213101
29674328166,a,release,p01,p01_free_type_part3_20260314_213101
29892063166,s,press,p01,p01_free_type_part3_20260314_213101
29975300541,s,release,p01,p01_free_type_part3_20260314_213101
30407870416,space,press,p01,p01_free_type_part3_20260314_213101
30472200583,space,release,p01,p01_free_type_part3_20260314_213101
31501992291,r,press,p01,p01_free_type_part3_20260314_213101
31570293375,r,release,p01,p01_free_type_part3_20260314_213101
32046065708,e,press,p01,p01_free_type_part3_20260314_213101
32118484500,e,release,p01,p01_free_type_part3_20260314_213101
32618203583,l,press,p01,p01_free_type_part3_20260314_213101
32666876208,l,release,p01,p01_free_type_part3_20260314_213101
33143006166,e,press,p01,p01_free_type_part3_20260314_213101
33220300458,e,release,p01,p01_free_type_part3_20260314_213101
33526225750,a,press,p01,p01_free_type_part3_20260314_213101
33610531041,a,release,p01,p01_free_type_part3_20260314_213101
34257018166,s,press,p01,p01_free_type_part3_20260314_213101
34321399083,s,release,p01,p01_free_type_part3_20260314_213101
34988067958,e,press,p01,p01_free_type_part3_20260314_213101
35060190250,e,release,p01,p01_free_type_part3_20260314_213101
35360130625,d,press,p01,p01_free_type_part3_20260314_213101
35440225000,d,release,p01,p01_free_type_part3_20260314_213101
36003808791,space,press,p01,p01_free_type_part3_20260314_213101
36092899166,space,release,p01,p01_free_type_part3_20260314_213101
37166851125,o,press,p01,p01_free_type_part3_20260314_213101
37227222583,o,release,p01,p01_free_type_part3_20260314_213101
37599735250,n,press,p01,p01_free_type_part3_20260314_213101
37691315166,n,release,p01,p01_free_type_part3_20260314_213101
37974757625,space,press,p01,p01_free_type_part3_20260314_213101
38067391875,space,release,p01,p01_free_type_part3_20260314_213101
38756834750,o,press,p01,p01_free_type_part3_20260314_213101
38833557583,o,release,p01,p01_free_type_part3_20260314_213101
39295080708,c,press,p01,p01_free_type_part3_20260314_213101
39391372541,c,release,p01,p01_free_type_part3_20260314_213101
40082854750,t,press,p01,p01_free_type_part3_20260314_213101
40147109125,t,release,p01,p01_free_type_part3_20260314_213101
40632787500,o,press,p01,p01_free_type_part3_20260314_213101
40685350041,o,release,p01,p01_free_type_part3_20260314_213101
41202781000,b,press,p01,p01_free_type_part3_20260314_213101
41271732041,b,release,p01,p01_free_type_part3_20260314_213101
42097948583,e,press,p01,p01_free_type_part3_20260314_213101
42158139708,e,release,p01,p01_free_type_part3_20260314_213101
42919842416,r,press,p01,p01_free_type_part3_20260314_213101
42991387541,r,release,p01,p01_free_type_part3_20260314_213101
43363665250,space,press,p01,p01_free_type_part3_20260314_213101
43443952750,space,release,p01,p01_free_type_part3_20260314_213101
44101756541,1,press,p01,p01_free_type_part3_20260314_213101
44194121166,1,release,p01,p01_free_type_part3_20260314_213101
44794938291,5,press,p01,p01_free_type_part3_20260314_213101
44851242083,5,release,p01,p01_free_type_part3_20260314_213101
45411801041,enter,press,p01,p01_free_type_part3_20260314_213101
45476040541,enter,release,p01,p01_free_type_part3_20260314_213101
47495948000,t,press,p01,p01_free_type_part3_20260314_213101
47584084125,t,release,p01,p01_free_type_part3_20260314_213101
48111680250,h,press,p01,p01_free_type_part3_20260314_213101
48196155875,h,release,p01,p01_free_type_part3_20260314_213101
48758792708,e,press,p01,p01_free_type_part3_20260314_213101
48851047958,e,release,p01,p01_free_type_part3_20260314_213101
49348728833,r,press,p01,p01_free_type_part3_20260314_213101
49433056708,r,release,p01,p01_free_type_part3_20260314_213101
49767425250,e,press,p01,p01_free_type_part3_20260314_213101
49850997083,e,release,p01,p01_free_type_part3_20260314_213101
50292489333,space,press,p01,p01_free_type_part3_20260314_213101
50364925166,space,release,p01,p01_free_type_part3_20260314_213101
51114949000,a,press,p01,p01_free_type_part3_20260314_213101
51190829625,a,release,p01,p01_free_type_part3_20260314_213101
51749599083,r,press,p01,p01_free_type_part3_20260314_213101
51833944000,r,release,p01,p01_free_type_part3_20260314_213101
52075892416,e,press,p01,p01_free_type_part3_20260314_213101
52172105541,e,release,p01,p01_free_type_part3_20260314_213101
52508620208,space,press,p01,p01_free_type_part3_20260314_213101
52568916541,space,release,p01,p01_free_type_part3_20260314_213101
53120556500,e,press,p01,p01_free_type_part3_20260314_213101
53200955291,e,release,p01,p01_free_type_part3_20260314_213101
53859690000,x,press,p01,p01_free_type_part3_20260314_213101
53936164333,x,release,p01,p01_free_type_part3_20260314_213101
54793489208,a,press,p01,p01_free_type_part3_20260314_213101
54865936000,a,release,p01,p01_free_type_part3_20260314_213101
55250953041,c,press,p01,p01_free_type_part3_20260314_213101
55286932708,c,release,p01,p01_free_type_part3_20260314_213101
56077622625,t,press,p01,p01_free_type_part3_20260314_213101
56145868291,t,release,p01,p01_free_type_part3_20260314_213101
56776486958,l,press,p01,p01_free_type_part3_20260314_213101
56840842708,l,release,p01,p01_free_type_part3_20260314_213101
57801532208,y,press,p01,p01_free_type_part3_20260314_213101
57869870375,y,release,p01,p01_free_type_part3_20260314_213101
58266398375,space,press,p01,p01_free_type_part3_20260314_213101
58350709791,space,release,p01,p01_free_type_part3_20260314_213101
59436512750,3,press,p01,p01_free_type_part3_20260314_213101
59492886458,3,release,p01,p01_free_type_part3_20260314_213101
60350611875,6,press,p01,p01_free_type_part3_20260314_213101
60410745041,6,release,p01,p01_free_type_part3_20260314_213101
60739569875,5,press,p01,p01_free_type_part3_20260314_213101
60811854750,5,release,p01,p01_free_type_part3_20260314_213101
61178287916,space,press,p01,p01_free_type_part3_20260314_213101
61242641375,space,release,p01,p01_free_type_part3_20260314_213101
61817522708,d,press,p01,p01_free_type_part3_20260314_213101
61885947625,d,release,p01,p01_free_type_part3_20260314_213101
62320543000,a,press,p01,p01_free_type_part3_20260314_213101
62396735458,a,release,p01,p01_free_type_part3_20260314_213101
62861549083,y,press,p01,p01_free_type_part3_20260314_213101
62933713083,y,release,p01,p01_free_type_part3_20260314_213101
63368395833,s,press,p01,p01_free_type_part3_20260314_213101
63448748791,s,release,p01,p01_free_type_part3_20260314_213101
63756447208,space,press,p01,p01_free_type_part3_20260314_213101
63824624166,space,release,p01,p01_free_type_part3_20260314_213101
64378726791,i,press,p01,p01_free_type_part3_20260314_213101
64430751791,i,release,p01,p01_free_type_part3_20260314_213101
64779881875,n,press,p01,p01_free_type_part3_20260314_213101
64867624750,n,release,p01,p01_free_type_part3_20260314_213101
65378358666,space,press,p01,p01_free_type_part3_20260314_213101
65450603416,space,release,p01,p01_free_type_part3_20260314_213101
65725219375,a,press,p01,p01_free_type_part3_20260314_213101
65801733833,a,release,p01,p01_free_type_part3_20260314_213101
66383561041,space,press,p01,p01_free_type_part3_20260314_213101
66431724833,space,release,p01,p01_free_type_part3_20260314_213101
67126793375,r,press,p01,p01_free_type_part3_20260314_213101
67200188291,r,release,p01,p01_free_type_part3_20260314_213101
67752351541,e,press,p01,p01_free_type_part3_20260314_213101
67816807625,e,release,p01,p01_free_type_part3_20260314_213101
68437248208,g,press,p01,p01_free_type_part3_20260314_213101
68505716541,g,release,p01,p01_free_type_part3_20260314_213101
69188662250,u,press,p01,p01_free_type_part3_20260314_213101
69256628958,u,release,p01,p01_free_type_part3_20260314_213101
71028145875,l,press,p01,p01_free_type_part3_20260314_213101
71100576333,l,release,p01,p01_free_type_part3_20260314_213101
72101504833,a,press,p01,p01_free_type_part3_20260314_213101
72154282916,a,release,p01,p01_free_type_part3_20260314_213101
72739230125,r,press,p01,p01_free_type_part3_20260314_213101
72807404958,r,release,p01,p01_free_type_part3_20260314_213101
73424399625,space,press,p01,p01_free_type_part3_20260314_213101
73469209500,space,release,p01,p01_free_type_part3_20260314_213101
74453232000,y,press,p01,p01_free_type_part3_20260314_213101
74525751791,y,release,p01,p01_free_type_part3_20260314_213101
75073181541,e,press,p01,p01_free_type_part3_20260314_213101
75149510666,e,release,p01,p01_free_type_part3_20260314_213101
75388389250,a,press,p01,p01_free_type_part3_20260314_213101
75476535666,a,release,p01,p01_free_type_part3_20260314_213101
76183163875,r,press,p01,p01_free_type_part3_20260314_213101
76247011375,r,release,p01,p01_free_type_part3_20260314_213101
76826140041,enter,press,p01,p01_free_type_part3_20260314_213101
76882530041,enter,release,p01,p01_free_type_part3_20260314_213101
79331220500,t,press,p01,p01_free_type_part3_20260314_213101
79407426250,t,release,p01,p01_free_type_part3_20260314_213101
79839256916,h,press,p01,p01_free_type_part3_20260314_213101
79919618875,h,release,p01,p01_free_type_part3_20260314_213101
80361137708,e,press,p01,p01_free_type_part3_20260314_213101
80429436500,e,release,p01,p01_free_type_part3_20260314_213101
80783018125,space,press,p01,p01_free_type_part3_20260314_213101
80879517166,space,release,p01,p01_free_type_part3_20260314_213101
82156104500,l,press,p01,p01_free_type_part3_20260314_213101
82232395416,l,release,p01,p01_free_type_part3_20260314_213101
83021574583,i,press,p01,p01_free_type_part3_20260314_213101
83069312541,i,release,p01,p01_free_type_part3_20260314_213101
83591870750,b,press,p01,p01_free_type_part3_20260314_213101
83652235125,b,release,p01,p01_free_type_part3_20260314_213101
84424803041,r,press,p01,p01_free_type_part3_20260314_213101
84501434708,r,release,p01,p01_free_type_part3_20260314_213101
85022068916,a,press,p01,p01_free_type_part3_20260314_213101
85126453500,a,release,p01,p01_free_type_part3_20260314_213101
85958929208,r,press,p01,p01_free_type_part3_20260314_213101
86019455916,r,release,p01,p01_free_type_part3_20260314_213101
87158274583,y,press,p01,p01_free_type_part3_20260314_213101
87214200791,y,release,p01,p01_free_type_part3_20260314_213101
87698967083,space,press,p01,p01_free_type_part3_20260314_213101
87776092125,space,release,p01,p01_free_type_part3_20260314_213101
89691086375,o,press,p01,p01_free_type_part3_20260314_213101
89751303291,o,release,p01,p01_free_type_part3_20260314_213101
90276891666,p,press,p01,p01_free_type_part3_20260314_213101
90337292125,p,release,p01,p01_free_type_part3_20260314_213101
91061008291,e,press,p01,p01_free_type_part3_20260314_213101
91129668583,e,release,p01,p01_free_type_part3_20260314_213101
92058019000,n,press,p01,p01_free_type_part3_20260314_213101
92106158791,n,release,p01,p01_free_type_part3_20260314_213101
92636819333,s,press,p01,p01_free_type_part3_20260314_213101
92709893250,s,release,p01,p01_free_type_part3_20260314_213101
93240694458,space,press,p01,p01_free_type_part3_20260314_213101
93304979666,space,release,p01,p01_free_type_part3_20260314_213101
93939914125,a,press,p01,p01_free_type_part3_20260314_213101
94016269166,a,release,p01,p01_free_type_part3_20260314_213101
94741652916,t,press,p01,p01_free_type_part3_20260314_213101
94818219750,t,release,p01,p01_free_type_part3_20260314_213101
95116759583,space,press,p01,p01_free_type_part3_20260314_213101
95180900083,space,release,p01,p01_free_type_part3_20260314_213101
95955768375,9,press,p01,p01_free_type_part3_20260314_213101
96032761708,9,release,p01,p01_free_type_part3_20260314_213101
96437701416,space,press,p01,p01_free_type_part3_20260314_213101
96506160125,space,release,p01,p01_free_type_part3_20260314_213101
96996892416,a,press,p01,p01_free_type_part3_20260314_213101
97089192541,a,release,p01,p01_free_type_part3_20260314_213101
97629452208,m,press,p01,p01_free_type_part3_20260314_213101
97717127500,m,release,p01,p01_free_type_part3_20260314_213101
98148376916,space,press,p01,p01_free_type_part3_20260314_213101
98236012083,space,release,p01,p01_free_type_part3_20260314_213101
99000697375,a,press,p01,p01_free_type_part3_20260314_213101
99089051250,a,release,p01,p01_free_type_part3_20260314_213101
99671876500,n,press,p01,p01_free_type_part3_20260314_213101
99752116125,n,release,p01,p01_free_type_part3_20260314_213101
100427855625,d,press,p01,p01_free_type_part3_20260314_213101
100488168791,d,release,p01,p01_free_type_part3_20260314_213101
101820673833,space,press,p01,p01_free_type_part3_20260314_213101
101912864625,space,release,p01,p01_free_type_part3_20260314_213101
103838672375,c,press,p01,p01_free_type_part3_20260314_213101
103915100666,c,release,p01,p01_free_type_part3_20260314_213101
105213730666,l,press,p01,p01_free_type_part3_20260314_213101
105290090625,l,release,p01,p01_free_type_part3_20260314_213101
105939577083,o,press,p01,p01_free_type_part3_20260314_213101
105996221541,o,release,p01,p01_free_type_part3_20260314_213101
106556744750,s,press,p01,p01_free_type_part3_20260314_213101
106620852875,s,release,p01,p01_free_type_part3_20260314_213101
107213490208,e,press,p01,p01_free_type_part3_20260314_213101
107281755208,e,release,p01,p01_free_type_part3_20260314_213101
107767641125,s,press,p01,p01_free_type_part3_20260314_213101
107843789125,s,release,p01,p01_free_type_part3_20260314_213101
108383658166,space,press,p01,p01_free_type_part3_20260314_213101
108443672208,space,release,p01,p01_free_type_part3_20260314_213101
108921506125,a,press,p01,p01_free_type_part3_20260314_213101
109002276416,a,release,p01,p01_free_type_part3_20260314_213101
109991685083,t,press,p01,p01_free_type_part3_20260314_213101
110060003416,t,release,p01,p01_free_type_part3_20260314_213101
110564477583,space,press,p01,p01_free_type_part3_20260314_213101
110624840750,space,release,p01,p01_free_type_part3_20260314_213101
111361560833,8,press,p01,p01_free_type_part3_20260314_213101
111425825041,8,release,p01,p01_free_type_part3_20260314_213101
111802336291,space,press,p01,p01_free_type_part3_20260314_213101
111866700416,space,release,p01,p01_free_type_part3_20260314_213101
113525734333,p,press,p01,p01_free_type_part3_20260314_213101
113577677500,p,release,p01,p01_free_type_part3_20260314_213101
114298713208,m,press,p01,p01_free_type_part3_20260314_213101
114354717750,m,release,p01,p01_free_type_part3_20260314_213101
119212140583,enter,press,p01,p01_free_type_part3_20260314_213101
119258649875,enter,release,p01,p01_free_type_part3_20260314_213101
122504901250,s,press,p01,p01_free_type_part3_20260314_213101
122577173500,s,release,p01,p01_free_type_part3_20260314_213101
122995914625,h,press,p01,p01_free_type_part3_20260314_213101
123060165250,h,release,p01,p01_free_type_part3_20260314_213101
123485947250,e,press,p01,p01_free_type_part3_20260314_213101
123550347791,e,release,p01,p01_free_type_part3_20260314_213101
124115761791,space,press,p01,p01_free_type_part3_20260314_213101
124184250666,space,release,p01,p01_free_type_part3_20260314_213101
124924107958,s,press,p01,p01_free_type_part3_20260314_213101
124992220875,s,release,p01,p01_free_type_part3_20260314_213101
125518978166,c,press,p01,p01_free_type_part3_20260314_213101
125595807291,c,release,p01,p01_free_type_part3_20260314_213101
126169833208,o,press,p01,p01_free_type_part3_20260314_213101
126242136583,o,release,p01,p01_free_type_part3_20260314_213101
128771780583,r,press,p01,p01_free_type_part3_20260314_213101
128868071875,r,release,p01,p01_free_type_part3_20260314_213101
129400830750,e,press,p01,p01_free_type_part3_20260314_213101
129473506333,e,release,p01,p01_free_type_part3_20260314_213101
129835831416,d,press,p01,p01_free_type_part3_20260314_213101
129908163791,d,release,p01,p01_free_type_part3_20260314_213101
130238638041,space,press,p01,p01_free_type_part3_20260314_213101
130323176958,space,release,p01,p01_free_type_part3_20260314_213101
131298822416,9,press,p01,p01_free_type_part3_20260314_213101
131375056583,9,release,p01,p01_free_type_part3_20260314_213101
133478765125,7,press,p01,p01_free_type_part3_20260314_213101
133551256000,7,release,p01,p01_free_type_part3_20260314_213101
133999846625,space,press,p01,p01_free_type_part3_20260314_213101
134084113041,space,release,p01,p01_free_type_part3_20260314_213101
134773700208,o,press,p01,p01_free_type_part3_20260314_213101
134841968958,o,release,p01,p01_free_type_part3_20260314_213101
135995940041,u,press,p01,p01_free_type_part3_20260314_213101
136067991000,u,release,p01,p01_free_type_part3_20260314_213101
136629279666,t,press,p01,p01_free_type_part3_20260314_213101
136692947708,t,release,p01,p01_free_type_part3_20260314_213101
137230593041,space,press,p01,p01_free_type_part3_20260314_213101
137286978958,space,release,p01,p01_free_type_part3_20260314_213101
137757702541,o,press,p01,p01_free_type_part3_20260314_213101
137822011041,o,release,p01,p01_free_type_part3_20260314_213101
138356732916,f,press,p01,p01_free_type_part3_20260314_213101
138445122541,f,release,p01,p01_free_type_part3_20260314_213101
138844523333,space,press,p01,p01_free_type_part3_20260314_213101
138924970083,space,release,p01,p01_free_type_part3_20260314_213101
139851708750,1,press,p01,p01_free_type_part3_20260314_213101
139911998500,1,release,p01,p01_free_type_part3_20260314_213101
140392447541,0,press,p01,p01_free_type_part3_20260314_213101
140460809750,0,release,p01,p01_free_type_part3_20260314_213101
140613518083,0,press,p01,p01_free_type_part3_20260314_213101
140669838666,0,release,p01,p01_free_type_part3_20260314_213101
140891637250,space,press,p01,p01_free_type_part3_20260314_213101
140979843125,space,release,p01,p01_free_type_part3_20260314_213101
141507488375,o,press,p01,p01_free_type_part3_20260314_213101
141559886083,o,release,p01,p01_free_type_part3_20260314_213101
142202502375,n,press,p01,p01_free_type_part3_20260314_213101
142274811041,n,release,p01,p01_free_type_part3_20260314_213101
142651687458,space,press,p01,p01_free_type_part3_20260314_213101
142699898875,space,release,p01,p01_free_type_part3_20260314_213101
143546577333,t,press,p01,p01_free_type_part3_20260314_213101
143614848125,t,release,p01,p01_free_type_part3_20260314_213101
144087509708,h,press,p01,p01_free_type_part3_20260314_213101
144156074583,h,release,p01,p01_free_type_part3_20260314_213101
144513412041,e,press,p01,p01_free_type_part3_20260314_213101
144606479208,e,release,p01,p01_free_type_part3_20260314_213101
145221477541,space,press,p01,p01_free_type_part3_20260314_213101
145293826166,space,release,p01,p01_free_type_part3_20260314_213101
145780616750,f,press,p01,p01_free_type_part3_20260314_213101
145860890000,f,release,p01,p01_free_type_part3_20260314_213101
146528588583,i,press,p01,p01_free_type_part3_20260314_213101
146584830875,i,release,p01,p01_free_type_part3_20260314_213101
147141550583,n,press,p01,p01_free_type_part3_20260314_213101
147209811250,n,release,p01,p01_free_type_part3_20260314_213101
147568509333,a,press,p01,p01_free_type_part3_20260314_213101
147660948541,a,release,p01,p01_free_type_part3_20260314_213101
149014297625,l,press,p01,p01_free_type_part3_20260314_213101
149134649541,l,release,p01,p01_free_type_part3_20260314_213101
152074236833,space,press,p01,p01_free_type_part3_20260314_213101
152134316500,space,release,p01,p01_free_type_part3_20260314_213101
152897385041,e,press,p01,p01_free_type_part3_20260314_213101
152985718208,e,release,p01,p01_free_type_part3_20260314_213101
153765443500,x,press,p01,p01_free_type_part3_20260314_213101
153877899500,x,release,p01,p01_free_type_part3_20260314_213101
154185337958,a,press,p01,p01_free_type_part3_20260314_213101
154281544666,a,release,p01,p01_free_type_part3_20260314_213101
154875363041,m,press,p01,p01_free_type_part3_20260314_213101
154959653083,m,release,p01,p01_free_type_part3_20260314_213101
155707370083,enter,press,p01,p01_free_type_part3_20260314_213101
155759891583,enter,release,p01,p01_free_type_part3_20260314_213101
157242407916,w,press,p01,p01_free_type_part3_20260314_213101
157303417041,w,release,p01,p01_free_type_part3_20260314_213101
158189165458,o,press,p01,p01_free_type_part3_20260314_213101
158258473833,o,release,p01,p01_free_type_part3_20260314_213101
160181251333,r,press,p01,p01_free_type_part3_20260314_213101
160257511708,r,release,p01,p01_free_type_part3_20260314_213101
160728218875,k,press,p01,p01_free_type_part3_20260314_213101
160784551041,k,release,p01,p01_free_type_part3_20260314_213101
161205111375,i,press,p01,p01_free_type_part3_20260314_213101
161273517291,i,release,p01,p01_free_type_part3_20260314_213101
161617237791,n,press,p01,p01_free_type_part3_20260314_213101
161693657708,n,release,p01,p01_free_type_part3_20260314_213101
162141138708,g,press,p01,p01_free_type_part3_20260314_213101
162221493541,g,release,p01,p01_free_type_part3_20260314_213101
162568323958,space,press,p01,p01_free_type_part3_20260314_213101
162664389458,space,release,p01,p01_free_type_part3_20260314_213101
163789329583,f,press,p01,p01_free_type_part3_20260314_213101
163897557250,f,release,p01,p01_free_type_part3_20260314_213101
164821236000,r,press,p01,p01_free_type_part3_20260314_213101
164905459458,r,release,p01,p01_free_type_part3_20260314_213101
165494181375,o,press,p01,p01_free_type_part3_20260314_213101
165582380083,o,release,p01,p01_free_type_part3_20260314_213101
166101164666,m,press,p01,p01_free_type_part3_20260314_213101
166217536791,m,release,p01,p01_free_type_part3_20260314_213101
166606011250,space,press,p01,p01_free_type_part3_20260314_213101
166706290458,space,release,p01,p01_free_type_part3_20260314_213101
167580981750,h,press,p01,p01_free_type_part3_20260314_213101
167665370916,h,release,p01,p01_free_type_part3_20260314_213101
168276964458,o,press,p01,p01_free_type_part3_20260314_213101
168345408625,o,release,p01,p01_free_type_part3_20260314_213101
168940135291,m,press,p01,p01_free_type_part3_20260314_213101
169028637375,m,release,p01,p01_free_type_part3_20260314_213101
170057006041,e,press,p01,p01_free_type_part3_20260314_213101
170125533000,e,release,p01,p01_free_type_part3_20260314_213101
170538005166,space,press,p01,p01_free_type_part3_20260314_213101
170630144416,space,release,p01,p01_free_type_part3_20260314_213101
171241648375,h,press,p01,p01_free_type_part3_20260314_213101
171326433416,h,release,p01,p01_free_type_part3_20260314_213101
171875865291,a,press,p01,p01_free_type_part3_20260314_213101
171976280041,a,release,p01,p01_free_type_part3_20260314_213101
172395158041,s,press,p01,p01_free_type_part3_20260314_213101
172471250375,s,release,p01,p01_free_type_part3_20260314_213101
172939881125,space,press,p01,p01_free_type_part3_20260314_213101
173020376916,space,release,p01,p01_free_type_part3_20260314_213101
173828137666,b,press,p01,p01_free_type_part3_20260314_213101
173912599500,b,release,p01,p01_free_type_part3_20260314_213101
175006959708,e,press,p01,p01_free_type_part3_20260314_213101
175083369041,e,release,p01,p01_free_type_part3_20260314_213101
175938012000,c,press,p01,p01_free_type_part3_20260314_213101
176034091791,c,release,p01,p01_free_type_part3_20260314_213101
177143821041,o,press,p01,p01_free_type_part3_20260314_213101
177208055625,o,release,p01,p01_free_type_part3_20260314_213101
177856062958,m,press,p01,p01_free_type_part3_20260314_213101
177948329458,m,release,p01,p01_free_type_part3_20260314_213101
178620876500,e,press,p01,p01_free_type_part3_20260314_213101
178693278125,e,release,p01,p01_free_type_part3_20260314_213101
179168752000,space,press,p01,p01_free_type_part3_20260314_213101
179245090666,space,release,p01,p01_free_type_part3_20260314_213101
179741908000,m,press,p01,p01_free_type_part3_20260314_213101
179838189000,m,release,p01,p01_free_type_part3_20260314_213101
180574916333,u,press,p01,p01_free_type_part3_20260314_213101
180659229375,u,release,p01,p01_free_type_part3_20260314_213101
180937806666,c,press,p01,p01_free_type_part3_20260314_213101
181030525375,c,release,p01,p01_free_type_part3_20260314_213101
181462629208,h,press,p01,p01_free_type_part3_20260314_213101
181543042250,h,release,p01,p01_free_type_part3_20260314_213101
182157698375,space,press,p01,p01_free_type_part3_20260314_213101
182246035583,space,release,p01,p01_free_type_part3_20260314_213101
182784021541,m,press,p01,p01_free_type_part3_20260314_213101
182876219500,m,release,p01,p01_free_type_part3_20260314_213101
183522769500,o,press,p01,p01_free_type_part3_20260314_213101
183583140958,o,release,p01,p01_free_type_part3_20260314_213101
184248533750,r,press,p01,p01_free_type_part3_20260314_213101
184324009541,r,release,p01,p01_free_type_part3_20260314_213101
184813755333,e,press,p01,p01_free_type_part3_20260314_213101
184898024541,e,release,p01,p01_free_type_part3_20260314_213101
185430725000,space,press,p01,p01_free_type_part3_20260314_213101
185503426250,space,release,p01,p01_free_type_part3_20260314_213101
186130906958,c,press,p01,p01_free_type_part3_20260314_213101
186206860500,c,release,p01,p01_free_type_part3_20260314_213101
187264375000,o,press,p01,p01_free_type_part3_20260314_213101
187340663500,o,release,p01,p01_free_type_part3_20260314_213101
187759821000,m,press,p01,p01_free_type_part3_20260314_213101
187816224666,m,release,p01,p01_free_type_part3_20260314_213101
188269742375,m,press,p01,p01_free_type_part3_20260314_213101
188342130333,m,release,p01,p01_free_type_part3_20260314_213101
188907483375,o,press,p01,p01_free_type_part3_20260314_213101
188992064166,o,release,p01,p01_free_type_part3_20260314_213101
189412602250,n,press,p01,p01_free_type_part3_20260314_213101
189504825458,n,release,p01,p01_free_type_part3_20260314_213101
189895728458,space,press,p01,p01_free_type_part3_20260314_213101
189979886083,space,release,p01,p01_free_type_part3_20260314_213101
190649536583,s,press,p01,p01_free_type_part3_20260314_213101
190732902583,s,release,p01,p01_free_type_part3_20260314_213101
191365720291,i,press,p01,p01_free_type_part3_20260314_213101
191445973250,i,release,p01,p01_free_type_part3_20260314_213101
191990691583,n,press,p01,p01_free_type_part3_20260314_213101
192102782125,n,release,p01,p01_free_type_part3_20260314_213101
192356801750,c,press,p01,p01_free_type_part3_20260314_213101
192444820958,c,release,p01,p01_free_type_part3_20260314_213101
192804547750,e,press,p01,p01_free_type_part3_20260314_213101
192873456041,e,release,p01,p01_free_type_part3_20260314_213101
193184590958,space,press,p01,p01_free_type_part3_20260314_213101
193276826916,space,release,p01,p01_free_type_part3_20260314_213101
194159788041,2,press,p01,p01_free_type_part3_20260314_213101
194211829500,2,release,p01,p01_free_type_part3_20260314_213101
194605697291,0,press,p01,p01_free_type_part3_20260314_213101
194677961583,0,release,p01,p01_free_type_part3_20260314_213101
194905640833,2,press,p01,p01_free_type_part3_20260314_213101
194981878041,2,release,p01,p01_free_type_part3_20260314_213101
195245718083,0,press,p01,p01_free_type_part3_20260314_213101
195329869000,0,release,p01,p01_free_type_part3_20260314_213101
195756575166,space,press,p01,p01_free_type_part3_20260314_213101
195829081666,space,release,p01,p01_free_type_part3_20260314_213101
196523594916,a,press,p01,p01_free_type_part3_20260314_213101
196584020416,a,release,p01,p01_free_type_part3_20260314_213101
197036555333,n,press,p01,p01_free_type_part3_20260314_213101
197112831750,n,release,p01,p01_free_type_part3_20260314_213101
197708576916,d,press,p01,p01_free_type_part3_20260314_213101
197784550750,d,release,p01,p01_free_type_part3_20260314_213101
198333651708,space,press,p01,p01_free_type_part3_20260314_213101
198377653666,space,release,p01,p01_free_type_part3_20260314_213101
199592639958,m,press,p01,p01_free_type_part3_20260314_213101
199684765791,m,release,p01,p01_free_type_part3_20260314_213101
200061765583,a,press,p01,p01_free_type_part3_20260314_213101
200149899041,a,release,p01,p01_free_type_part3_20260314_213101
200516514291,n,press,p01,p01_free_type_part3_20260314_213101
200588693250,n,release,p01,p01_free_type_part3_20260314_213101
201478421208,y,press,p01,p01_free_type_part3_20260314_213101
201550673375,y,release,p01,p01_free_type_part3_20260314_213101
201907770291,space,press,p01,p01_free_type_part3_20260314_213101
201967660833,space,release,p01,p01_free_type_part3_20260314_213101
202762437458,p,press,p01,p01_free_type_part3_20260314_213101
202822760958,p,release,p01,p01_free_type_part3_20260314_213101
203850408958,e,press,p01,p01_free_type_part3_20260314_213101
203898711958,e,release,p01,p01_free_type_part3_20260314_213101
204511636875,o,press,p01,p01_free_type_part3_20260314_213101
204587774875,o,release,p01,p01_free_type_part3_20260314_213101
205256537916,p,press,p01,p01_free_type_part3_20260314_213101
205320956125,p,release,p01,p01_free_type_part3_20260314_213101
206723362750,l,press,p01,p01_free_type_part3_20260314_213101
206819800500,l,release,p01,p01_free_type_part3_20260314_213101
207290324291,e,press,p01,p01_free_type_part3_20260314_213101
207350520875,e,release,p01,p01_free_type_part3_20260314_213101
208283318750,space,press,p01,p01_free_type_part3_20260314_213101
208367559333,space,release,p01,p01_free_type_part3_20260314_213101
209362075416,p,press,p01,p01_free_type_part3_20260314_213101
209418687958,p,release,p01,p01_free_type_part3_20260314_213101
210849356625,r,press,p01,p01_free_type_part3_20260314_213101
210929461833,r,release,p01,p01_free_type_part3_20260314_213101
211282205666,e,press,p01,p01_free_type_part3_20260314_213101
211346578291,e,release,p01,p01_free_type_part3_20260314_213101
211970353791,f,press,p01,p01_free_type_part3_20260314_213101
212058534958,f,release,p01,p01_free_type_part3_20260314_213101
212427251250,e,press,p01,p01_free_type_part3_20260314_213101
212532110083,e,release,p01,p01_free_type_part3_20260314_213101
213013251791,r,press,p01,p01_free_type_part3_20260314_213101
213113401208,r,release,p01,p01_free_type_part3_20260314_213101
213733409041,space,press,p01,p01_free_type_part3_20260314_213101
213809370166,space,release,p01,p01_free_type_part3_20260314_213101
214224105625,i,press,p01,p01_free_type_part3_20260314_213101
214285369458,i,release,p01,p01_free_type_part3_20260314_213101
214727236416,t,press,p01,p01_free_type_part3_20260314_213101
214795761833,t,release,p01,p01_free_type_part3_20260314_213101
215490313291,enter,press,p01,p01_free_type_part3_20260314_213101
215542446666,enter,release,p01,p01_free_type_part3_20260314_213101
218477060958,t,press,p01,p01_free_type_part3_20260314_213101
218557628291,t,release,p01,p01_free_type_part3_20260314_213101
219070033166,h,press,p01,p01_free_type_part3_20260314_213101
219166313416,h,release,p01,p01_free_type_part3_20260314_213101
219575059750,e,press,p01,p01_free_type_part3_20260314_213101
219647285958,e,release,p01,p01_free_type_part3_20260314_213101
220461123416,space,press,p01,p01_free_type_part3_20260314_213101
220533198708,space,release,p01,p01_free_type_part3_20260314_213101
221458055166,r,press,p01,p01_free_type_part3_20260314_213101
221554326833,r,release,p01,p01_free_type_part3_20260314_213101
222406976208,e,press,p01,p01_free_type_part3_20260314_213101
222484220500,e,release,p01,p01_free_type_part3_20260314_213101
222753308541,s,press,p01,p01_free_type_part3_20260314_213101
222837377750,s,release,p01,p01_free_type_part3_20260314_213101
223904090625,t,press,p01,p01_free_type_part3_20260314_213101
223976419458,t,release,p01,p01_free_type_part3_20260314_213101
224235169333,a,press,p01,p01_free_type_part3_20260314_213101
224303408250,a,release,p01,p01_free_type_part3_20260314_213101
224809918000,u,press,p01,p01_free_type_part3_20260314_213101
224874183833,u,release,p01,p01_free_type_part3_20260314_213101
225876919833,r,press,p01,p01_free_type_part3_20260314_213101
225957266708,r,release,p01,p01_free_type_part3_20260314_213101
226329893875,a,press,p01,p01_free_type_part3_20260314_213101
226430141125,a,release,p01,p01_free_type_part3_20260314_213101
226889962291,n,press,p01,p01_free_type_part3_20260314_213101
226970255708,n,release,p01,p01_free_type_part3_20260314_213101
227444037750,t,press,p01,p01_free_type_part3_20260314_213101
227524416291,t,release,p01,p01_free_type_part3_20260314_213101
227906816291,space,press,p01,p01_free_type_part3_20260314_213101
227995407791,space,release,p01,p01_free_type_part3_20260314_213101
228465864208,o,press,p01,p01_free_type_part3_20260314_213101
228526233583,o,release,p01,p01_free_type_part3_20260314_213101
228859049291,n,press,p01,p01_free_type_part3_20260314_213101
228959444416,n,release,p01,p01_free_type_part3_20260314_213101
229268715125,space,press,p01,p01_free_type_part3_20260314_213101
229333530125,space,release,p01,p01_free_type_part3_20260314_213101
230272965875,5,press,p01,p01_free_type_part3_20260314_213101
230341813916,5,release,p01,p01_free_type_part3_20260314_213101
231744871416,t,press,p01,p01_free_type_part3_20260314_213101
231853712166,t,release,p01,p01_free_type_part3_20260314_213101
232210627333,h,press,p01,p01_free_type_part3_20260314_213101
232299894000,h,release,p01,p01_free_type_part3_20260314_213101
232608690791,space,press,p01,p01_free_type_part3_20260314_213101
232697550875,space,release,p01,p01_free_type_part3_20260314_213101
233426966708,a,press,p01,p01_free_type_part3_20260314_213101
233507119791,a,release,p01,p01_free_type_part3_20260314_213101
234423841416,v,press,p01,p01_free_type_part3_20260314_213101
234504222625,v,release,p01,p01_free_type_part3_20260314_213101
235047917041,e,press,p01,p01_free_type_part3_20260314_213101
235112717541,e,release,p01,p01_free_type_part3_20260314_213101
236219763208,n,press,p01,p01_free_type_part3_20260314_213101
236300164375,n,release,p01,p01_free_type_part3_20260314_213101
243866019125,u,press,p01,p01_free_type_part3_20260314_213101
243953925541,u,release,p01,p01_free_type_part3_20260314_213101
244800381166,e,press,p01,p01_free_type_part3_20260314_213101
244872918416,e,release,p01,p01_free_type_part3_20260314_213101
245279642041,space,press,p01,p01_free_type_part3_20260314_213101
245363724375,space,release,p01,p01_free_type_part3_20260314_213101
245993511125,s,press,p01,p01_free_type_part3_20260314_213101
246062229500,s,release,p01,p01_free_type_part3_20260314_213101
247221716291,e,press,p01,p01_free_type_part3_20260314_213101
247313752791,e,release,p01,p01_free_type_part3_20260314_213101
249720613416,r,press,p01,p01_free_type_part3_20260314_213101
249736365125,a,press,p01,p01_free_type_part3_20260314_213101
249755908250,a,release,p01,p01_free_type_part3_20260314_213101
249828928291,r,release,p01,p01_free_type_part3_20260314_213101
250863009041,backspace,press,p01,p01_free_type_part3_20260314_213101
250898700125,backspace,release,p01,p01_free_type_part3_20260314_213101
253002151875,enter,press,p01,p01_free_type_part3_20260314_213101
253037789333,enter,release,p01,p01_free_type_part3_20260314_213101
256597441583,t,press,p01,p01_free_type_part3_20260314_213101
256673645083,t,release,p01,p01_free_type_part3_20260314_213101
257289417583,h,press,p01,p01_free_type_part3_20260314_213101
257377598208,h,release,p01,p01_free_type_part3_20260314_213101
257904313375,e,press,p01,p01_free_type_part3_20260314_213101
257976577041,e,release,p01,p01_free_type_part3_20260314_213101
258456316375,space,press,p01,p01_free_type_part3_20260314_213101
258552104750,space,release,p01,p01_free_type_part3_20260314_213101
260257344375,r,press,p01,p01_free_type_part3_20260314_213101
260329591916,r,release,p01,p01_free_type_part3_20260314_213101
260688219208,e,press,p01,p01_free_type_part3_20260314_213101
260776616291,e,release,p01,p01_free_type_part3_20260314_213101
261683496458,s,press,p01,p01_free_type_part3_20260314_213101
261763654916,s,release,p01,p01_free_type_part3_20260314_213101
263644405416,t,press,p01,p01_free_type_part3_20260314_213101
263713000958,t,release,p01,p01_free_type_part3_20260314_213101
264364239125,a,press,p01,p01_free_type_part3_20260314_213101
264448619750,a,release,p01,p01_free_type_part3_20260314_213101
264818674041,u,press,p01,p01_free_type_part3_20260314_213101
264902488333,u,release,p01,p01_free_type_part3_20260314_213101
265879103833,r,press,p01,p01_free_type_part3_20260314_213101
265947455000,r,release,p01,p01_free_type_part3_20260314_213101
266377058875,a,press,p01,p01_free_type_part3_20260314_213101
266465794625,a,release,p01,p01_free_type_part3_20260314_213101
266786330625,n,press,p01,p01_free_type_part3_20260314_213101
266830955250,n,release,p01,p01_free_type_part3_20260314_213101
267625281875,t,press,p01,p01_free_type_part3_20260314_213101
267697619125,t,release,p01,p01_free_type_part3_20260314_213101
268005956125,space,press,p01,p01_free_type_part3_20260314_213101
268086511250,space,release,p01,p01_free_type_part3_20260314_213101
268597099291,o,press,p01,p01_free_type_part3_20260314_213101
268653624666,o,release,p01,p01_free_type_part3_20260314_213101
269256127000,n,press,p01,p01_free_type_part3_20260314_213101
269324465958,n,release,p01,p01_free_type_part3_20260314_213101
269918863500,space,press,p01,p01_free_type_part3_20260314_213101
270014614250,space,release,p01,p01_free_type_part3_20260314_213101
270762345250,5,press,p01,p01_free_type_part3_20260314_213101
270834597583,5,release,p01,p01_free_type_part3_20260314_213101
271825097208,t,press,p01,p01_free_type_part3_20260314_213101
271906083458,t,release,p01,p01_free_type_part3_20260314_213101
272259225666,h,press,p01,p01_free_type_part3_20260314_213101
272355296541,h,release,p01,p01_free_type_part3_20260314_213101
272645845458,space,press,p01,p01_free_type_part3_20260314_213101
272757329583,space,release,p01,p01_free_type_part3_20260314_213101
273242323625,a,press,p01,p01_free_type_part3_20260314_213101
273326320916,a,release,p01,p01_free_type_part3_20260314_213101
273844003250,v,press,p01,p01_free_type_part3_20260314_213101
273932269708,v,release,p01,p01_free_type_part3_20260314_213101
276253490166,e,press,p01,p01_free_type_part3_20260314_213101
276317397333,e,release,p01,p01_free_type_part3_20260314_213101
277472021458,n,press,p01,p01_free_type_part3_20260314_213101
277556501625,n,release,p01,p01_free_type_part3_20260314_213101
278053006833,u,press,p01,p01_free_type_part3_20260314_213101
278149483625,u,release,p01,p01_free_type_part3_20260314_213101
278493028125,e,press,p01,p01_free_type_part3_20260314_213101
278565195416,e,release,p01,p01_free_type_part3_20260314_213101
279053880416,space,press,p01,p01_free_type_part3_20260314_213101
279134082458,space,release,p01,p01_free_type_part3_20260314_213101
280059093458,s,press,p01,p01_free_type_part3_20260314_213101
280139088583,s,release,p01,p01_free_type_part3_20260314_213101
281517579291,e,press,p01,p01_free_type_part3_20260314_213101
281582377916,e,release,p01,p01_free_type_part3_20260314_213101
281951025750,r,press,p01,p01_free_type_part3_20260314_213101
282027591000,r,release,p01,p01_free_type_part3_20260314_213101
283034929250,v,press,p01,p01_free_type_part3_20260314_213101
283115334833,v,release,p01,p01_free_type_part3_20260314_213101
283590924500,e,press,p01,p01_free_type_part3_20260314_213101
283655351583,e,release,p01,p01_free_type_part3_20260314_213101
283943214541,s,press,p01,p01_free_type_part3_20260314_213101
284019350666,s,release,p01,p01_free_type_part3_20260314_213101
287569611541,space,press,p01,p01_free_type_part3_20260314_213101
287661943666,space,release,p01,p01_free_type_part3_20260314_213101
289241382416,e,press,p01,p01_free_type_part3_20260314_213101
289313370333,e,release,p01,p01_free_type_part3_20260314_213101
289780763875,x,press,p01,p01_free_type_part3_20260314_213101
289865355125,x,release,p01,p01_free_type_part3_20260314_213101
290436802500,c,press,p01,p01_free_type_part3_20260314_213101
290524956250,c,release,p01,p01_free_type_part3_20260314_213101
291014702375,e,press,p01,p01_free_type_part3_20260314_213101
291083549666,e,release,p01,p01_free_type_part3_20260314_213101
293663481916,l,press,p01,p01_free_type_part3_20260314_213101
293741614416,l,release,p01,p01_free_type_part3_20260314_213101
294036748833,l,press,p01,p01_free_type_part3_20260314_213101
294153102583,l,release,p01,p01_free_type_part3_20260314_213101
295200602125,e,press,p01,p01_free_type_part3_20260314_213101
295276884916,e,release,p01,p01_free_type_part3_20260314_213101
296484815250,n,press,p01,p01_free_type_part3_20260314_213101
296561172000,n,release,p01,p01_free_type_part3_20260314_213101
297002942750,t,press,p01,p01_free_type_part3_20260314_213101
297070986708,t,release,p01,p01_free_type_part3_20260314_213101
297417763750,space,press,p01,p01_free_type_part3_20260314_213101
297493794708,space,release,p01,p01_free_type_part3_20260314_213101
298942502083,p,press,p01,p01_free_type_part3_20260314_213101
299018828125,p,release,p01,p01_free_type_part3_20260314_213101
299461863541,a,press,p01,p01_free_type_part3_20260314_213101
299550015583,a,release,p01,p01_free_type_part3_20260314_213101
300609512125,s,press,p01,p01_free_type_part3_20260314_213101
300694118375,s,release,p01,p01_free_type_part3_20260314_213101
301464653791,t,press,p01,p01_free_type_part3_20260314_213101
301544972166,t,release,p01,p01_free_type_part3_20260314_213101
301818348750,a,press,p01,p01_free_type_part3_20260314_213101
301917748583,a,release,p01,p01_free_type_part3_20260314_213101
302219495333,space,press,p01,p01_free_type_part3_20260314_213101
302312130750,space,release,p01,p01_free_type_part3_20260314_213101
302966574083,a,press,p01,p01_free_type_part3_20260314_213101
303066778041,a,release,p01,p01_free_type_part3_20260314_213101
303842392000,n,press,p01,p01_free_type_part3_20260314_213101
303935048958,n,release,p01,p01_free_type_part3_20260314_213101
304347462250,d,press,p01,p01_free_type_part3_20260314_213101
304443860416,d,release,p01,p01_free_type_part3_20260314_213101
304782385166,space,press,p01,p01_free_type_part3_20260314_213101
304878993833,space,release,p01,p01_free_type_part3_20260314_213101
305932464583,t,press,p01,p01_free_type_part3_20260314_213101
306020824000,t,release,p01,p01_free_type_part3_20260314_213101
306489563541,h,press,p01,p01_free_type_part3_20260314_213101
306585823416,h,release,p01,p01_free_type_part3_20260314_213101
307556561708,e,press,p01,p01_free_type_part3_20260314_213101
307629545833,e,release,p01,p01_free_type_part3_20260314_213101
308680319541,i,press,p01,p01_free_type_part3_20260314_213101
308745201125,i,release,p01,p01_free_type_part3_20260314_213101
309478546250,r,press,p01,p01_free_type_part3_20260314_213101
309550767375,r,release,p01,p01_free_type_part3_20260314_213101
309919194000,space,press,p01,p01_free_type_part3_20260314_213101
310003599166,space,release,p01,p01_free_type_part3_20260314_213101
310575317875,p,press,p01,p01_free_type_part3_20260314_213101
310639621791,p,release,p01,p01_free_type_part3_20260314_213101
311293528833,r,press,p01,p01_free_type_part3_20260314_213101
311354618208,r,release,p01,p01_free_type_part3_20260314_213101
311890339791,i,press,p01,p01_free_type_part3_20260314_213101
311950595833,i,release,p01,p01_free_type_part3_20260314_213101
312375324791,c,press,p01,p01_free_type_part3_20260314_213101
312455907125,c,release,p01,p01_free_type_part3_20260314_213101
312965620708,e,press,p01,p01_free_type_part3_20260314_213101
313042236500,e,release,p01,p01_free_type_part3_20260314_213101
313481242791,s,press,p01,p01_free_type_part3_20260314_213101
313553688500,s,release,p01,p01_free_type_part3_20260314_213101
314161967708,space,press,p01,p01_free_type_part3_20260314_213101
314257731666,space,release,p01,p01_free_type_part3_20260314_213101
314974099083,a,press,p01,p01_free_type_part3_20260314_213101
315071023750,a,release,p01,p01_free_type_part3_20260314_213101
315869261041,r,press,p01,p01_free_type_part3_20260314_213101
315949598583,r,release,p01,p01_free_type_part3_20260314_213101
316385564333,e,press,p01,p01_free_type_part3_20260314_213101
316457708375,e,release,p01,p01_free_type_part3_20260314_213101
316851269666,space,press,p01,p01_free_type_part3_20260314_213101
316939373333,space,release,p01,p01_free_type_part3_20260314_213101
318004213666,v,press,p01,p01_free_type_part3_20260314_213101
318096480125,v,release,p01,p01_free_type_part3_20260314_213101
318574193250,e,press,p01,p01_free_type_part3_20260314_213101
318654474333,e,release,p01,p01_free_type_part3_20260314_213101
319182235875,r,press,p01,p01_free_type_part3_20260314_213101
319270291583,r,release,p01,p01_free_type_part3_20260314_213101
319961724375,y,press,p01,p01_free_type_part3_20260314_213101
320045319083,y,release,p01,p01_free_type_part3_20260314_213101
320362089083,space,press,p01,p01_free_type_part3_20260314_213101
320454411958,space,release,p01,p01_free_type_part3_20260314_213101
322211968750,r,press,p01,p01_free_type_part3_20260314_213101
322304718250,r,release,p01,p01_free_type_part3_20260314_213101
322844059625,e,press,p01,p01_free_type_part3_20260314_213101
322916543708,e,release,p01,p01_free_type_part3_20260314_213101
323369121250,a,press,p01,p01_free_type_part3_20260314_213101
323465381666,a,release,p01,p01_free_type_part3_20260314_213101
323970142833,s,press,p01,p01_free_type_part3_20260314_213101
324054481875,s,release,p01,p01_free_type_part3_20260314_213101
324962064666,o,press,p01,p01_free_type_part3_20260314_213101
325038425250,o,release,p01,p01_free_type_part3_20260314_213101
325538059541,n,press,p01,p01_free_type_part3_20260314_213101
325618521208,n,release,p01,p01_free_type_part3_20260314_213101
326177268708,a,press,p01,p01_free_type_part3_20260314_213101
326261362875,a,release,p01,p01_free_type_part3_20260314_213101
326805131916,b,press,p01,p01_free_type_part3_20260314_213101
326897326333,b,release,p01,p01_free_type_part3_20260314_213101
327535985458,l,press,p01,p01_free_type_part3_20260314_213101
327624446583,l,release,p01,p01_free_type_part3_20260314_213101
327986674166,e,press,p01,p01_free_type_part3_20260314_213101
328054561416,e,release,p01,p01_free_type_part3_20260314_213101
329226158791,enter,press,p01,p01_free_type_part3_20260314_213101
329286374083,enter,release,p01,p01_free_type_part3_20260314_213101
331199849333,i,press,p01,p01_free_type_part3_20260314_213101
331296492000,i,release,p01,p01_free_type_part3_20260314_213101
332610154875,space,press,p01,p01_free_type_part3_20260314_213101
332702137291,space,release,p01,p01_free_type_part3_20260314_213101
334112683250,j,press,p01,p01_free_type_part3_20260314_213101
334200218958,j,release,p01,p01_free_type_part3_20260314_213101
334595910625,u,press,p01,p01_free_type_part3_20260314_213101
334684201791,u,release,p01,p01_free_type_part3_20260314_213101
335029058625,s,press,p01,p01_free_type_part3_20260314_213101
335105159750,s,release,p01,p01_free_type_part3_20260314_213101
335929050416,t,press,p01,p01_free_type_part3_20260314_213101
335997299208,t,release,p01,p01_free_type_part3_20260314_213101
336424915833,space,press,p01,p01_free_type_part3_20260314_213101
336521212583,space,release,p01,p01_free_type_part3_20260314_213101
337054864916,f,press,p01,p01_free_type_part3_20260314_213101
337146973250,f,release,p01,p01_free_type_part3_20260314_213101
337580771083,i,press,p01,p01_free_type_part3_20260314_213101
337645060666,i,release,p01,p01_free_type_part3_20260314_213101
338215951000,n,press,p01,p01_free_type_part3_20260314_213101
338280304583,n,release,p01,p01_free_type_part3_20260314_213101
338620790375,i,press,p01,p01_free_type_part3_20260314_213101
338693086250,i,release,p01,p01_free_type_part3_20260314_213101
339124973708,s,press,p01,p01_free_type_part3_20260314_213101
339189115500,s,release,p01,p01_free_type_part3_20260314_213101
339758887166,h,press,p01,p01_free_type_part3_20260314_213101
339835632875,h,release,p01,p01_free_type_part3_20260314_213101
340698774458,e,press,p01,p01_free_type_part3_20260314_213101
340775084041,e,release,p01,p01_free_type_part3_20260314_213101
341077814541,d,press,p01,p01_free_type_part3_20260314_213101
341162064083,d,release,p01,p01_free_type_part3_20260314_213101
341428675791,space,press,p01,p01_free_type_part3_20260314_213101
341525038333,space,release,p01,p01_free_type_part3_20260314_213101
342133694750,w,press,p01,p01_free_type_part3_20260314_213101
342206004125,w,release,p01,p01_free_type_part3_20260314_213101
342551842666,a,press,p01,p01_free_type_part3_20260314_213101
342647917416,a,release,p01,p01_free_type_part3_20260314_213101
343276791666,t,press,p01,p01_free_type_part3_20260314_213101
343353202583,t,release,p01,p01_free_type_part3_20260314_213101
343730663291,c,press,p01,p01_free_type_part3_20260314_213101
343819147000,c,release,p01,p01_free_type_part3_20260314_213101
344176711333,h,press,p01,p01_free_type_part3_20260314_213101
344261157166,h,release,p01,p01_free_type_part3_20260314_213101
345014615750,i,press,p01,p01_free_type_part3_20260314_213101
345074918375,i,release,p01,p01_free_type_part3_20260314_213101
345414548458,n,press,p01,p01_free_type_part3_20260314_213101
345491027708,n,release,p01,p01_free_type_part3_20260314_213101
345898823083,g,press,p01,p01_free_type_part3_20260314_213101
345987106000,g,release,p01,p01_free_type_part3_20260314_213101
346278587375,space,press,p01,p01_free_type_part3_20260314_213101
346366898000,space,release,p01,p01_free_type_part3_20260314_213101
346730963250,a,press,p01,p01_free_type_part3_20260314_213101
346826839583,a,release,p01,p01_free_type_part3_20260314_213101
347198621875,space,press,p01,p01_free_type_part3_20260314_213101
347287049666,space,release,p01,p01_free_type_part3_20260314_213101
347815645875,3,press,p01,p01_free_type_part3_20260314_213101
347892007750,3,release,p01,p01_free_type_part3_20260314_213101
348511606125,space,press,p01,p01_free_type_part3_20260314_213101
348607961625,space,release,p01,p01_free_type_part3_20260314_213101
349076581541,h,press,p01,p01_free_type_part3_20260314_213101
349168990083,h,release,p01,p01_free_type_part3_20260314_213101
349476678916,o,press,p01,p01_free_type_part3_20260314_213101
349557129958,o,release,p01,p01_free_type_part3_20260314_213101
349996697083,u,press,p01,p01_free_type_part3_20260314_213101
350081292000,u,release,p01,p01_free_type_part3_20260314_213101
350829429291,r,press,p01,p01_free_type_part3_20260314_213101
350909774791,r,release,p01,p01_free_type_part3_20260314_213101
351328373291,space,press,p01,p01_free_type_part3_20260314_213101
351400843458,space,release,p01,p01_free_type_part3_20260314_213101
352132592125,d,press,p01,p01_free_type_part3_20260314_213101
352204860375,d,release,p01,p01_free_type_part3_20260314_213101
352754787416,o,press,p01,p01_free_type_part3_20260314_213101
352822816000,o,release,p01,p01_free_type_part3_20260314_213101
353340617791,c,press,p01,p01_free_type_part3_20260314_213101
353408860083,c,release,p01,p01_free_type_part3_20260314_213101
353817672291,u,press,p01,p01_free_type_part3_20260314_213101
353881910500,u,release,p01,p01_free_type_part3_20260314_213101
354592365041,m,press,p01,p01_free_type_part3_20260314_213101
354680987833,m,release,p01,p01_free_type_part3_20260314_213101
355271465291,e,press,p01,p01_free_type_part3_20260314_213101
355336073875,e,release,p01,p01_free_type_part3_20260314_213101
355918706458,n,press,p01,p01_free_type_part3_20260314_213101
355974757625,n,release,p01,p01_free_type_part3_20260314_213101
356501567833,t,press,p01,p01_free_type_part3_20260314_213101
356565787416,t,release,p01,p01_free_type_part3_20260314_213101
357510777375,a,press,p01,p01_free_type_part3_20260314_213101
357590899625,a,release,p01,p01_free_type_part3_20260314_213101
358107454666,r,press,p01,p01_free_type_part3_20260314_213101
358179638125,r,release,p01,p01_free_type_part3_20260314_213101
358689518708,y,press,p01,p01_free_type_part3_20260314_213101
358781883250,y,release,p01,p01_free_type_part3_20260314_213101
359024344500,space,press,p01,p01_free_type_part3_20260314_213101
359100667833,space,release,p01,p01_free_type_part3_20260314_213101
359614349833,a,press,p01,p01_free_type_part3_20260314_213101
359703065958,a,release,p01,p01_free_type_part3_20260314_213101
360100751958,b,press,p01,p01_free_type_part3_20260314_213101
360168663708,b,release,p01,p01_free_type_part3_20260314_213101
360628406166,o,press,p01,p01_free_type_part3_20260314_213101
360680659666,o,release,p01,p01_free_type_part3_20260314_213101
361164335708,u,press,p01,p01_free_type_part3_20260314_213101
361236768333,u,release,p01,p01_free_type_part3_20260314_213101
361756538375,t,press,p01,p01_free_type_part3_20260314_213101
361828899541,t,release,p01,p01_free_type_part3_20260314_213101
362302909541,space,press,p01,p01_free_type_part3_20260314_213101
362383013208,space,release,p01,p01_free_type_part3_20260314_213101
362909357291,d,press,p01,p01_free_type_part3_20260314_213101
362993775083,d,release,p01,p01_free_type_part3_20260314_213101
363831611083,e,press,p01,p01_free_type_part3_20260314_213101
363899689916,e,release,p01,p01_free_type_part3_20260314_213101
364282391833,e,press,p01,p01_free_type_part3_20260314_213101
364354669291,e,release,p01,p01_free_type_part3_20260314_213101
364703608750,p,press,p01,p01_free_type_part3_20260314_213101
364775728625,p,release,p01,p01_free_type_part3_20260314_213101
365110784875,space,press,p01,p01_free_type_part3_20260314_213101
365198562791,space,release,p01,p01_free_type_part3_20260314_213101
365882338875,o,press,p01,p01_free_type_part3_20260314_213101
365942504916,o,release,p01,p01_free_type_part3_20260314_213101
366644856208,c,press,p01,p01_free_type_part3_20260314_213101
366724728791,c,release,p01,p01_free_type_part3_20260314_213101
367226362000,e,press,p01,p01_free_type_part3_20260314_213101
367302610541,e,release,p01,p01_free_type_part3_20260314_213101
367697388958,a,press,p01,p01_free_type_part3_20260314_213101
367781572541,a,release,p01,p01_free_type_part3_20260314_213101
368246280708,n,press,p01,p01_free_type_part3_20260314_213101
368322570291,n,release,p01,p01_free_type_part3_20260314_213101
368675095458,space,press,p01,p01_free_type_part3_20260314_213101
368775559333,space,release,p01,p01_free_type_part3_20260314_213101
369356369875,e,press,p01,p01_free_type_part3_20260314_213101
369432981500,e,release,p01,p01_free_type_part3_20260314_213101
369969321000,x,press,p01,p01_free_type_part3_20260314_213101
370057756416,x,release,p01,p01_free_type_part3_20260314_213101
370594465208,p,press,p01,p01_free_type_part3_20260314_213101
370666515125,p,release,p01,p01_free_type_part3_20260314_213101
371277495333,l,press,p01,p01_free_type_part3_20260314_213101
371357662041,l,release,p01,p01_free_type_part3_20260314_213101
372078149208,o,press,p01,p01_free_type_part3_20260314_213101
372133829208,o,release,p01,p01_free_type_part3_20260314_213101
372886229458,r,press,p01,p01_free_type_part3_20260314_213101
372954762416,r,release,p01,p01_free_type_part3_20260314_213101
373311571208,a,press,p01,p01_free_type_part3_20260314_213101
373395378166,a,release,p01,p01_free_type_part3_20260314_213101
374057193375,t,press,p01,p01_free_type_part3_20260314_213101
374129651041,t,release,p01,p01_free_type_part3_20260314_213101
374588155833,i,press,p01,p01_free_type_part3_20260314_213101
374652334833,i,release,p01,p01_free_type_part3_20260314_213101
374856971333,o,press,p01,p01_free_type_part3_20260314_213101
374917483375,o,release,p01,p01_free_type_part3_20260314_213101
375275990000,n,press,p01,p01_free_type_part3_20260314_213101
375352525875,n,release,p01,p01_free_type_part3_20260314_213101
376189272625,enter,press,p01,p01_free_type_part3_20260314_213101
376249443750,enter,release,p01,p01_free_type_part3_20260314_213101
377951079875,p,press,p01,p01_free_type_part3_20260314_213101
378016078708,p,release,p01,p01_free_type_part3_20260314_213101
378660103375,l,press,p01,p01_free_type_part3_20260314_213101
378740334416,l,release,p01,p01_free_type_part3_20260314_213101
379272053291,e,press,p01,p01_free_type_part3_20260314_213101
379356148708,e,release,p01,p01_free_type_part3_20260314_213101
379715222875,a,press,p01,p01_free_type_part3_20260314_213101
379823339041,a,release,p01,p01_free_type_part3_20260314_213101
380213081958,s,press,p01,p01_free_type_part3_20260314_213101
380297336666,s,release,p01,p01_free_type_part3_20260314_213101
380707932916,e,press,p01,p01_free_type_part3_20260314_213101
380780259916,e,release,p01,p01_free_type_part3_20260314_213101
381964933750,space,press,p01,p01_free_type_part3_20260314_213101
382045634875,space,release,p01,p01_free_type_part3_20260314_213101
385593121333,u,press,p01,p01_free_type_part3_20260314_213101
385673146291,u,release,p01,p01_free_type_part3_20260314_213101
386124988041,p,press,p01,p01_free_type_part3_20260314_213101
386205274125,p,release,p01,p01_free_type_part3_20260314_213101
386647839083,d,press,p01,p01_free_type_part3_20260314_213101
386720185083,d,release,p01,p01_free_type_part3_20260314_213101
387180898583,a,press,p01,p01_free_type_part3_20260314_213101
387265276416,a,release,p01,p01_free_type_part3_20260314_213101
387680894291,t,press,p01,p01_free_type_part3_20260314_213101
387757431125,t,release,p01,p01_free_type_part3_20260314_213101
388048259958,e,press,p01,p01_free_type_part3_20260314_213101
388128330125,e,release,p01,p01_free_type_part3_20260314_213101
388462172875,space,press,p01,p01_free_type_part3_20260314_213101
388554322958,space,release,p01,p01_free_type_part3_20260314_213101
389572784583,y,press,p01,p01_free_type_part3_20260314_213101
389645131916,y,release,p01,p01_free_type_part3_20260314_213101
390018979875,o,press,p01,p01_free_type_part3_20260314_213101
390091340291,o,release,p01,p01_free_type_part3_20260314_213101
390425907500,u,press,p01,p01_free_type_part3_20260314_213101
390518200541,u,release,p01,p01_free_type_part3_20260314_213101
391037744208,r,press,p01,p01_free_type_part3_20260314_213101
391117995958,r,release,p01,p01_free_type_part3_20260314_213101
391732046958,space,press,p01,p01_free_type_part3_20260314_213101
391831928083,space,release,p01,p01_free_type_part3_20260314_213101
393653665416,p,press,p01,p01_free_type_part3_20260314_213101
393722039250,p,release,p01,p01_free_type_part3_20260314_213101
394645833458,r,press,p01,p01_free_type_part3_20260314_213101
394730118500,r,release,p01,p01_free_type_part3_20260314_213101
395100698708,o,press,p01,p01_free_type_part3_20260314_213101
395181050708,o,release,p01,p01_free_type_part3_20260314_213101
395981288291,f,press,p01,p01_free_type_part3_20260314_213101
396045982041,f,release,p01,p01_free_type_part3_20260314_213101
396482747375,i,press,p01,p01_free_type_part3_20260314_213101
396551023625,i,release,p01,p01_free_type_part3_20260314_213101
397262015041,l,press,p01,p01_free_type_part3_20260314_213101
397345930791,l,release,p01,p01_free_type_part3_20260314_213101
397761741583,e,press,p01,p01_free_type_part3_20260314_213101
397826436583,e,release,p01,p01_free_type_part3_20260314_213101
398314979708,space,press,p01,p01_free_type_part3_20260314_213101
398378804291,space,release,p01,p01_free_type_part3_20260314_213101
399107661041,w,press,p01,p01_free_type_part3_20260314_213101
399164044500,w,release,p01,p01_free_type_part3_20260314_213101
400111688083,i,press,p01,p01_free_type_part3_20260314_213101
400167897125,i,release,p01,p01_free_type_part3_20260314_213101
401153760541,t,press,p01,p01_free_type_part3_20260314_213101
401230077583,t,release,p01,p01_free_type_part3_20260314_213101
401505733500,h,press,p01,p01_free_type_part3_20260314_213101
401586144416,h,release,p01,p01_free_type_part3_20260314_213101
401864723916,space,press,p01,p01_free_type_part3_20260314_213101
401965106666,space,release,p01,p01_free_type_part3_20260314_213101
403175539583,y,press,p01,p01_free_type_part3_20260314_213101
403252074250,y,release,p01,p01_free_type_part3_20260314_213101
403569587875,o,press,p01,p01_free_type_part3_20260314_213101
403642204458,o,release,p01,p01_free_type_part3_20260314_213101
403966735375,u,press,p01,p01_free_type_part3_20260314_213101
404031635875,u,release,p01,p01_free_type_part3_20260314_213101
404624234583,r,press,p01,p01_free_type_part3_20260314_213101
404700045250,r,release,p01,p01_free_type_part3_20260314_213101
405021783416,space,press,p01,p01_free_type_part3_20260314_213101
405109925291,space,release,p01,p01_free_type_part3_20260314_213101
405572527375,n,press,p01,p01_free_type_part3_20260314_213101
405640825916,n,release,p01,p01_free_type_part3_20260314_213101
406658580458,e,press,p01,p01_free_type_part3_20260314_213101
406734814916,e,release,p01,p01_free_type_part3_20260314_213101
407085751375,w,press,p01,p01_free_type_part3_20260314_213101
407161806333,w,release,p01,p01_free_type_part3_20260314_213101
407436388958,space,press,p01,p01_free_type_part3_20260314_213101
407516805125,space,release,p01,p01_free_type_part3_20260314_213101
408037588875,a,press,p01,p01_free_type_part3_20260314_213101
408145782458,a,release,p01,p01_free_type_part3_20260314_213101
408560577500,d,press,p01,p01_free_type_part3_20260314_213101
408628895958,d,release,p01,p01_free_type_part3_20260314_213101
408737545333,d,press,p01,p01_free_type_part3_20260314_213101
408825897583,d,release,p01,p01_free_type_part3_20260314_213101
409586551041,r,press,p01,p01_free_type_part3_20260314_213101
409670783958,r,release,p01,p01_free_type_part3_20260314_213101
410005663041,e,press,p01,p01_free_type_part3_20260314_213101
410065739541,e,release,p01,p01_free_type_part3_20260314_213101
410362741416,s,press,p01,p01_free_type_part3_20260314_213101
410410760416,s,release,p01,p01_free_type_part3_20260314_213101
410531418333,s,press,p01,p01_free_type_part3_20260314_213101
410591908083,s,release,p01,p01_free_type_part3_20260314_213101
411387369541,space,press,p01,p01_free_type_part3_20260314_213101
411471468916,space,release,p01,p01_free_type_part3_20260314_213101
413003418250,b,press,p01,p01_free_type_part3_20260314_213101
413091670041,b,release,p01,p01_free_type_part3_20260314_213101
413778412625,e,press,p01,p01_free_type_part3_20260314_213101
413863037708,e,release,p01,p01_free_type_part3_20260314_213101
414374454041,f,press,p01,p01_free_type_part3_20260314_213101
414462839375,f,release,p01,p01_free_type_part3_20260314_213101
414987470250,o,press,p01,p01_free_type_part3_20260314_213101
415051811500,o,release,p01,p01_free_type_part3_20260314_213101
415657860625,r,press,p01,p01_free_type_part3_20260314_213101
415730222958,r,release,p01,p01_free_type_part3_20260314_213101
416191448000,e,press,p01,p01_free_type_part3_20260314_213101
416267621458,e,release,p01,p01_free_type_part3_20260314_213101
416640197333,space,press,p01,p01_free_type_part3_20260314_213101
416732520875,space,release,p01,p01_free_type_part3_20260314_213101
417762121875,d,press,p01,p01_free_type_part3_20260314_213101
417846679375,d,release,p01,p01_free_type_part3_20260314_213101
418277377916,e,press,p01,p01_free_type_part3_20260314_213101
418357788291,e,release,p01,p01_free_type_part3_20260314_213101
418792337750,c,press,p01,p01_free_type_part3_20260314_213101
418865199416,c,release,p01,p01_free_type_part3_20260314_213101
419247186083,e,press,p01,p01_free_type_part3_20260314_213101
419327982000,e,release,p01,p01_free_type_part3_20260314_213101
419812399250,m,press,p01,p01_free_type_part3_20260314_213101
419908594541,m,release,p01,p01_free_type_part3_20260314_213101
420347394083,b,press,p01,p01_free_type_part3_20260314_213101
420435687250,b,release,p01,p01_free_type_part3_20260314_213101
420786284333,e,press,p01,p01_free_type_part3_20260314_213101
420878562375,e,release,p01,p01_free_type_part3_20260314_213101
421268129166,r,press,p01,p01_free_type_part3_20260314_213101
421348261500,r,release,p01,p01_free_type_part3_20260314_213101
421812477916,space,press,p01,p01_free_type_part3_20260314_213101
421896448708,space,release,p01,p01_free_type_part3_20260314_213101
422795152000,3,press,p01,p01_free_type_part3_20260314_213101
422859484458,3,release,p01,p01_free_type_part3_20260314_213101
423296243375,1,press,p01,p01_free_type_part3_20260314_213101
423359972958,1,release,p01,p01_free_type_part3_20260314_213101
423932217250,enter,press,p01,p01_free_type_part3_20260314_213101
423984732083,enter,release,p01,p01_free_type_part3_20260314_213101
426129429666,t,press,p01,p01_free_type_part3_20260314_213101
426205364041,t,release,p01,p01_free_type_part3_20260314_213101
426642587500,h,press,p01,p01_free_type_part3_20260314_213101
426734496458,h,release,p01,p01_free_type_part3_20260314_213101
427147088791,e,press,p01,p01_free_type_part3_20260314_213101
427231617750,e,release,p01,p01_free_type_part3_20260314_213101
427625139833,space,press,p01,p01_free_type_part3_20260314_213101
427705237458,space,release,p01,p01_free_type_part3_20260314_213101
428508909708,c,press,p01,p01_free_type_part3_20260314_213101
428605387458,c,release,p01,p01_free_type_part3_20260314_213101
429259140208,o,press,p01,p01_free_type_part3_20260314_213101
429327218416,o,release,p01,p01_free_type_part3_20260314_213101
429930350791,n,press,p01,p01_free_type_part3_20260314_213101
430006391750,n,release,p01,p01_free_type_part3_20260314_213101
430596220791,c,press,p01,p01_free_type_part3_20260314_213101
430684509166,c,release,p01,p01_free_type_part3_20260314_213101
431108131375,e,press,p01,p01_free_type_part3_20260314_213101
431184622916,e,release,p01,p01_free_type_part3_20260314_213101
431630021458,r,press,p01,p01_free_type_part3_20260314_213101
431702533416,r,release,p01,p01_free_type_part3_20260314_213101
432334070375,t,press,p01,p01_free_type_part3_20260314_213101
432418380708,t,release,p01,p01_free_type_part3_20260314_213101
432829463208,space,press,p01,p01_free_type_part3_20260314_213101
432913363375,space,release,p01,p01_free_type_part3_20260314_213101
433809056166,t,press,p01,p01_free_type_part3_20260314_213101
433881362541,t,release,p01,p01_free_type_part3_20260314_213101
434435294750,i,press,p01,p01_free_type_part3_20260314_213101
434499387750,i,release,p01,p01_free_type_part3_20260314_213101
435014044500,c,press,p01,p01_free_type_part3_20260314_213101
435070272166,c,release,p01,p01_free_type_part3_20260314_213101
435507024625,k,press,p01,p01_free_type_part3_20260314_213101
435571298416,k,release,p01,p01_free_type_part3_20260314_213101
436523036750,e,press,p01,p01_free_type_part3_20260314_213101
436587265375,e,release,p01,p01_free_type_part3_20260314_213101
437081128083,t,press,p01,p01_free_type_part3_20260314_213101
437149632375,t,release,p01,p01_free_type_part3_20260314_213101
437442920708,s,press,p01,p01_free_type_part3_20260314_213101
437535125416,s,release,p01,p01_free_type_part3_20260314_213101
437807907958,space,press,p01,p01_free_type_part3_20260314_213101
437896426083,space,release,p01,p01_free_type_part3_20260314_213101
438412873916,c,press,p01,p01_free_type_part3_20260314_213101
438509296833,c,release,p01,p01_free_type_part3_20260314_213101
439172755250,o,press,p01,p01_free_type_part3_20260314_213101
439233099000,o,release,p01,p01_free_type_part3_20260314_213101
439601881708,s,press,p01,p01_free_type_part3_20260314_213101
439677952000,s,release,p01,p01_free_type_part3_20260314_213101
440188069708,t,press,p01,p01_free_type_part3_20260314_213101
440265172541,t,release,p01,p01_free_type_part3_20260314_213101
440656937250,space,press,p01,p01_free_type_part3_20260314_213101
440745045083,space,release,p01,p01_free_type_part3_20260314_213101
441936913375,7,press,p01,p01_free_type_part3_20260314_213101
442017325166,7,release,p01,p01_free_type_part3_20260314_213101
442328948291,5,press,p01,p01_free_type_part3_20260314_213101
442409198416,5,release,p01,p01_free_type_part3_20260314_213101
442773778125,space,press,p01,p01_free_type_part3_20260314_213101
442846146708,space,release,p01,p01_free_type_part3_20260314_213101
443497668333,d,press,p01,p01_free_type_part3_20260314_213101
443569129875,d,release,p01,p01_free_type_part3_20260314_213101
444116134208,o,press,p01,p01_free_type_part3_20260314_213101
444184303791,o,release,p01,p01_free_type_part3_20260314_213101
444891951083,l,press,p01,p01_free_type_part3_20260314_213101
444976039916,l,release,p01,p01_free_type_part3_20260314_213101
445180818375,l,press,p01,p01_free_type_part3_20260314_213101
445273049875,l,release,p01,p01_free_type_part3_20260314_213101
445770812541,a,press,p01,p01_free_type_part3_20260314_213101
445870998291,a,release,p01,p01_free_type_part3_20260314_213101
446747746000,r,press,p01,p01_free_type_part3_20260314_213101
446822975333,r,release,p01,p01_free_type_part3_20260314_213101
447104807416,s,press,p01,p01_free_type_part3_20260314_213101
447201080583,s,release,p01,p01_free_type_part3_20260314_213101
447522593416,space,press,p01,p01_free_type_part3_20260314_213101
447606972916,space,release,p01,p01_free_type_part3_20260314_213101
448528749125,e,press,p01,p01_free_type_part3_20260314_213101
448589201208,e,release,p01,p01_free_type_part3_20260314_213101
449006161500,a,press,p01,p01_free_type_part3_20260314_213101
449082112833,a,release,p01,p01_free_type_part3_20260314_213101
449386897416,c,press,p01,p01_free_type_part3_20260314_213101
449458909375,c,release,p01,p01_free_type_part3_20260314_213101
449923153791,h,press,p01,p01_free_type_part3_20260314_213101
449998920166,h,release,p01,p01_free_type_part3_20260314_213101
450442474791,space,press,p01,p01_free_type_part3_20260314_213101
450547088666,space,release,p01,p01_free_type_part3_20260314_213101
451188101208,a,press,p01,p01_free_type_part3_20260314_213101
451284074666,a,release,p01,p01_free_type_part3_20260314_213101
451659867791,n,press,p01,p01_free_type_part3_20260314_213101
451735918041,n,release,p01,p01_free_type_part3_20260314_213101
451998672375,d,press,p01,p01_free_type_part3_20260314_213101
452074889375,d,release,p01,p01_free_type_part3_20260314_213101
452351546083,space,press,p01,p01_free_type_part3_20260314_213101
452444979583,space,release,p01,p01_free_type_part3_20260314_213101
453198839000,w,press,p01,p01_free_type_part3_20260314_213101
453267048666,w,release,p01,p01_free_type_part3_20260314_213101
453694609791,e,press,p01,p01_free_type_part3_20260314_213101
453766866875,e,release,p01,p01_free_type_part3_20260314_213101
454203767666,space,press,p01,p01_free_type_part3_20260314_213101
454303670833,space,release,p01,p01_free_type_part3_20260314_213101
454991789750,n,press,p01,p01_free_type_part3_20260314_213101
455052243125,n,release,p01,p01_free_type_part3_20260314_213101
455510700166,e,press,p01,p01_free_type_part3_20260314_213101
455582951625,e,release,p01,p01_free_type_part3_20260314_213101
455943729833,e,press,p01,p01_free_type_part3_20260314_213101
456032280791,e,release,p01,p01_free_type_part3_20260314_213101
456346597291,d,press,p01,p01_free_type_part3_20260314_213101
456423116958,d,release,p01,p01_free_type_part3_20260314_213101
457002906333,space,press,p01,p01_free_type_part3_20260314_213101
457083049125,space,release,p01,p01_free_type_part3_20260314_213101
458022750916,4,press,p01,p01_free_type_part3_20260314_213101
458086772000,4,release,p01,p01_free_type_part3_20260314_213101
458607423916,space,press,p01,p01_free_type_part3_20260314_213101
458691747875,space,release,p01,p01_free_type_part3_20260314_213101
459168821666,o,press,p01,p01_free_type_part3_20260314_213101
459228814583,o,release,p01,p01_free_type_part3_20260314_213101
459620592208,f,press,p01,p01_free_type_part3_20260314_213101
459701079500,f,release,p01,p01_free_type_part3_20260314_213101
460105434041,space,press,p01,p01_free_type_part3_20260314_213101
460209603750,space,release,p01,p01_free_type_part3_20260314_213101
460900603875,t,press,p01,p01_free_type_part3_20260314_213101
460977137458,t,release,p01,p01_free_type_part3_20260314_213101
461265545375,h,press,p01,p01_free_type_part3_20260314_213101
461345815791,h,release,p01,p01_free_type_part3_20260314_213101
461691462333,e,press,p01,p01_free_type_part3_20260314_213101
461768016041,e,release,p01,p01_free_type_part3_20260314_213101
462023597583,m,press,p01,p01_free_type_part3_20260314_213101
462124153625,m,release,p01,p01_free_type_part3_20260314_213101
462778563041,enter,press,p01,p01_free_type_part3_20260314_213101
462834745166,enter,release,p01,p01_free_type_part3_20260314_213101
464792595958,t,press,p01,p01_free_type_part3_20260314_213101
464872840958,t,release,p01,p01_free_type_part3_20260314_213101
465339346041,h,press,p01,p01_free_type_part3_20260314_213101
465427825666,h,release,p01,p01_free_type_part3_20260314_213101
465681350958,e,press,p01,p01_free_type_part3_20260314_213101
465761714333,e,release,p01,p01_free_type_part3_20260314_213101
466108224916,space,press,p01,p01_free_type_part3_20260314_213101
466216510375,space,release,p01,p01_free_type_part3_20260314_213101
467173482250,q,press,p01,p01_free_type_part3_20260314_213101
467233794166,q,release,p01,p01_free_type_part3_20260314_213101
468237347625,u,press,p01,p01_free_type_part3_20260314_213101
468317561916,u,release,p01,p01_free_type_part3_20260314_213101
468618339916,i,press,p01,p01_free_type_part3_20260314_213101
468690679250,i,release,p01,p01_free_type_part3_20260314_213101
469209403458,z,press,p01,p01_free_type_part3_20260314_213101
469297740375,z,release,p01,p01_free_type_part3_20260314_213101
469683214250,space,press,p01,p01_free_type_part3_20260314_213101
469775498166,space,release,p01,p01_free_type_part3_20260314_213101
470270270708,w,press,p01,p01_free_type_part3_20260314_213101
470338622625,w,release,p01,p01_free_type_part3_20260314_213101
470717197458,a,press,p01,p01_free_type_part3_20260314_213101
470813553375,a,release,p01,p01_free_type_part3_20260314_213101
471119246458,s,press,p01,p01_free_type_part3_20260314_213101
471195582083,s,release,p01,p01_free_type_part3_20260314_213101
471849161958,space,press,p01,p01_free_type_part3_20260314_213101
471925456458,space,release,p01,p01_free_type_part3_20260314_213101
472656496250,e,press,p01,p01_free_type_part3_20260314_213101
472736476083,e,release,p01,p01_free_type_part3_20260314_213101
473178330041,x,press,p01,p01_free_type_part3_20260314_213101
473262582416,x,release,p01,p01_free_type_part3_20260314_213101
473913304166,t,press,p01,p01_free_type_part3_20260314_213101
473989747458,t,release,p01,p01_free_type_part3_20260314_213101
474674330416,r,press,p01,p01_free_type_part3_20260314_213101
474758613166,r,release,p01,p01_free_type_part3_20260314_213101
475126047166,e,press,p01,p01_free_type_part3_20260314_213101
475198889500,e,release,p01,p01_free_type_part3_20260314_213101
475644514708,m,press,p01,p01_free_type_part3_20260314_213101
475732308375,m,release,p01,p01_free_type_part3_20260314_213101
476008223875,e,press,p01,p01_free_type_part3_20260314_213101
476088764958,e,release,p01,p01_free_type_part3_20260314_213101
477187221458,l,press,p01,p01_free_type_part3_20260314_213101
477275416666,l,release,p01,p01_free_type_part3_20260314_213101
477797145458,y,press,p01,p01_free_type_part3_20260314_213101
477874350166,y,release,p01,p01_free_type_part3_20260314_213101
478186111125,space,press,p01,p01_free_type_part3_20260314_213101
478278262125,space,release,p01,p01_free_type_part3_20260314_213101
479096140416,d,press,p01,p01_free_type_part3_20260314_213101
479180986666,d,release,p01,p01_free_type_part3_20260314_213101
479577798625,i,press,p01,p01_free_type_part3_20260314_213101
479657317583,i,release,p01,p01_free_type_part3_20260314_213101
480151132791,f,press,p01,p01_free_type_part3_20260314_213101
480231459000,f,release,p01,p01_free_type_part3_20260314_213101
480337067916,f,press,p01,p01_free_type_part3_20260314_213101
480429170333,f,release,p01,p01_free_type_part3_20260314_213101
481437150625,i,press,p01,p01_free_type_part3_20260314_213101
481525605791,i,release,p01,p01_free_type_part3_20260314_213101
481840170166,c,press,p01,p01_free_type_part3_20260314_213101
481932468125,c,release,p01,p01_free_type_part3_20260314_213101
482593455833,u,press,p01,p01_free_type_part3_20260314_213101
482673255541,u,release,p01,p01_free_type_part3_20260314_213101
483358172916,l,press,p01,p01_free_type_part3_20260314_213101
483434292375,l,release,p01,p01_free_type_part3_20260314_213101
484000453333,t,press,p01,p01_free_type_part3_20260314_213101
484080713125,t,release,p01,p01_free_type_part3_20260314_213101
484416125208,space,press,p01,p01_free_type_part3_20260314_213101
484500256916,space,release,p01,p01_free_type_part3_20260314_213101
485233994833,b,press,p01,p01_free_type_part3_20260314_213101
485306286916,b,release,p01,p01_free_type_part3_20260314_213101
486560927041,u,press,p01,p01_free_type_part3_20260314_213101
486613323333,u,release,p01,p01_free_type_part3_20260314_213101
487053159250,t,press,p01,p01_free_type_part3_20260314_213101
487129518958,t,release,p01,p01_free_type_part3_20260314_213101
487468823916,space,press,p01,p01_free_type_part3_20260314_213101
487545152166,space,release,p01,p01_free_type_part3_20260314_213101
489200630541,q,press,p01,p01_free_type_part3_20260314_213101
489264715541,q,release,p01,p01_free_type_part3_20260314_213101
490017890333,u,press,p01,p01_free_type_part3_20260314_213101
490098220666,u,release,p01,p01_free_type_part3_20260314_213101
490504886208,i,press,p01,p01_free_type_part3_20260314_213101
490565179791,i,release,p01,p01_free_type_part3_20260314_213101
491157031125,t,press,p01,p01_free_type_part3_20260314_213101
491229373583,t,release,p01,p01_free_type_part3_20260314_213101
491574765166,e,press,p01,p01_free_type_part3_20260314_213101
491659159291,e,release,p01,p01_free_type_part3_20260314_213101
492017918708,space,press,p01,p01_free_type_part3_20260314_213101
492098081916,space,release,p01,p01_free_type_part3_20260314_213101
492990923666,f,press,p01,p01_free_type_part3_20260314_213101
493091481958,f,release,p01,p01_free_type_part3_20260314_213101
493419032458,a,press,p01,p01_free_type_part3_20260314_213101
493523289958,a,release,p01,p01_free_type_part3_20260314_213101
494016728416,i,press,p01,p01_free_type_part3_20260314_213101
494075984041,i,release,p01,p01_free_type_part3_20260314_213101
494814747541,r,press,p01,p01_free_type_part3_20260314_213101
494891165041,r,release,p01,p01_free_type_part3_20260314_213101
495534570000,space,press,p01,p01_free_type_part3_20260314_213101
495615219583,space,release,p01,p01_free_type_part3_20260314_213101
496447863541,o,press,p01,p01_free_type_part3_20260314_213101
496512185791,o,release,p01,p01_free_type_part3_20260314_213101
497382019833,v,press,p01,p01_free_type_part3_20260314_213101
497458089666,v,release,p01,p01_free_type_part3_20260314_213101
498634822458,e,press,p01,p01_free_type_part3_20260314_213101
498719267541,e,release,p01,p01_free_type_part3_20260314_213101
499090617333,r,press,p01,p01_free_type_part3_20260314_213101
499187232791,r,release,p01,p01_free_type_part3_20260314_213101
499634784666,a,press,p01,p01_free_type_part3_20260314_213101
499711221458,a,release,p01,p01_free_type_part3_20260314_213101
500646823125,l,press,p01,p01_free_type_part3_20260314_213101
500738946458,l,release,p01,p01_free_type_part3_20260314_213101
500874905875,l,press,p01,p01_free_type_part3_20260314_213101
500987338541,l,release,p01,p01_free_type_part3_20260314_213101
501547902750,enter,press,p01,p01_free_type_part3_20260314_213101
501608023333,enter,release,p01,p01_free_type_part3_20260314_213101
504061603000,j,press,p01,p01_free_type_part3_20260314_213101
504149897416,j,release,p01,p01_free_type_part3_20260314_213101
504593918625,a,press,p01,p01_free_type_part3_20260314_213101
504689959083,a,release,p01,p01_free_type_part3_20260314_213101
505176644833,z,press,p01,p01_free_type_part3_20260314_213101
505301011083,z,release,p01,p01_free_type_part3_20260314_213101
505575637875,z,press,p01,p01_free_type_part3_20260314_213101
505695933500,z,release,p01,p01_free_type_part3_20260314_213101
506261540458,space,press,p01,p01_free_type_part3_20260314_213101
506337788666,space,release,p01,p01_free_type_part3_20260314_213101
506886877791,m,press,p01,p01_free_type_part3_20260314_213101
506974987125,m,release,p01,p01_free_type_part3_20260314_213101
507700606583,u,press,p01,p01_free_type_part3_20260314_213101
507780861333,u,release,p01,p01_free_type_part3_20260314_213101
508184239666,s,press,p01,p01_free_type_part3_20260314_213101
508271858083,s,release,p01,p01_free_type_part3_20260314_213101
508687189041,i,press,p01,p01_free_type_part3_20260314_213101
508754963916,i,release,p01,p01_free_type_part3_20260314_213101
509219517541,c,press,p01,p01_free_type_part3_20260314_213101
509312136416,c,release,p01,p01_free_type_part3_20260314_213101
509792671000,i,press,p01,p01_free_type_part3_20260314_213101
509860917916,i,release,p01,p01_free_type_part3_20260314_213101
510183829041,a,press,p01,p01_free_type_part3_20260314_213101
510283952708,a,release,p01,p01_free_type_part3_20260314_213101
510675630041,n,press,p01,p01_free_type_part3_20260314_213101
510771921625,n,release,p01,p01_free_type_part3_20260314_213101
511050591583,s,press,p01,p01_free_type_part3_20260314_213101
511130786916,s,release,p01,p01_free_type_part3_20260314_213101
511526500708,space,press,p01,p01_free_type_part3_20260314_213101
511590841333,space,release,p01,p01_free_type_part3_20260314_213101
512733622000,o,press,p01,p01_free_type_part3_20260314_213101
512805832541,o,release,p01,p01_free_type_part3_20260314_213101
513679567750,f,press,p01,p01_free_type_part3_20260314_213101
513755910916,f,release,p01,p01_free_type_part3_20260314_213101
514346569750,t,press,p01,p01_free_type_part3_20260314_213101
514414873458,t,release,p01,p01_free_type_part3_20260314_213101
514958640208,e,press,p01,p01_free_type_part3_20260314_213101
515038691583,e,release,p01,p01_free_type_part3_20260314_213101
515437397416,n,press,p01,p01_free_type_part3_20260314_213101
515513941291,n,release,p01,p01_free_type_part3_20260314_213101
515812315791,space,press,p01,p01_free_type_part3_20260314_213101
515896762666,space,release,p01,p01_free_type_part3_20260314_213101
516544199958,e,press,p01,p01_free_type_part3_20260314_213101
516607787750,e,release,p01,p01_free_type_part3_20260314_213101
517221681208,x,press,p01,p01_free_type_part3_20260314_213101
517313963208,x,release,p01,p01_free_type_part3_20260314_213101
518903407500,p,press,p01,p01_free_type_part3_20260314_213101
518967621541,p,release,p01,p01_free_type_part3_20260314_213101
519683580875,l,press,p01,p01_free_type_part3_20260314_213101
519767744541,l,release,p01,p01_free_type_part3_20260314_213101
520345322416,o,press,p01,p01_free_type_part3_20260314_213101
520409962375,o,release,p01,p01_free_type_part3_20260314_213101
521007315541,r,press,p01,p01_free_type_part3_20260314_213101
521091878666,r,release,p01,p01_free_type_part3_20260314_213101
521380544833,e,press,p01,p01_free_type_part3_20260314_213101
521452693250,e,release,p01,p01_free_type_part3_20260314_213101
521820157333,space,press,p01,p01_free_type_part3_20260314_213101
521888492083,space,release,p01,p01_free_type_part3_20260314_213101
522587395833,c,press,p01,p01_free_type_part3_20260314_213101
522679803583,c,release,p01,p01_free_type_part3_20260314_213101
523336364250,o,press,p01,p01_free_type_part3_20260314_213101
523392698291,o,release,p01,p01_free_type_part3_20260314_213101
523806397291,m,press,p01,p01_free_type_part3_20260314_213101
523870838250,m,release,p01,p01_free_type_part3_20260314_213101
524687383875,p,press,p01,p01_free_type_part3_20260314_213101
524759732875,p,release,p01,p01_free_type_part3_20260314_213101
525181343000,l,press,p01,p01_free_type_part3_20260314_213101
525261680833,l,release,p01,p01_free_type_part3_20260314_213101
525705298250,e,press,p01,p01_free_type_part3_20260314_213101
525781728958,e,release,p01,p01_free_type_part3_20260314_213101
526055405208,x,press,p01,p01_free_type_part3_20260314_213101
526163556833,x,release,p01,p01_free_type_part3_20260314_213101
526531155125,space,press,p01,p01_free_type_part3_20260314_213101
526603382000,space,release,p01,p01_free_type_part3_20260314_213101
527423222666,r,press,p01,p01_free_type_part3_20260314_213101
527502478291,r,release,p01,p01_free_type_part3_20260314_213101
528088485000,h,press,p01,p01_free_type_part3_20260314_213101
528168707958,h,release,p01,p01_free_type_part3_20260314_213101
528765082250,y,press,p01,p01_free_type_part3_20260314_213101
528845454375,y,release,p01,p01_free_type_part3_20260314_213101
530072101750,t,press,p01,p01_free_type_part3_20260314_213101
530152640583,t,release,p01,p01_free_type_part3_20260314_213101
530612131750,h,press,p01,p01_free_type_part3_20260314_213101
530680631208,h,release,p01,p01_free_type_part3_20260314_213101
531082261125,m,press,p01,p01_free_type_part3_20260314_213101
531158689541,m,release,p01,p01_free_type_part3_20260314_213101
531797100166,s,press,p01,p01_free_type_part3_20260314_213101
531888425166,s,release,p01,p01_free_type_part3_20260314_213101
532173976000,space,press,p01,p01_free_type_part3_20260314_213101
532274296208,space,release,p01,p01_free_type_part3_20260314_213101
532856247458,a,press,p01,p01_free_type_part3_20260314_213101
532952637583,a,release,p01,p01_free_type_part3_20260314_213101
533329037416,n,press,p01,p01_free_type_part3_20260314_213101
533413421416,n,release,p01,p01_free_type_part3_20260314_213101
533634053125,d,press,p01,p01_free_type_part3_20260314_213101
533718460625,d,release,p01,p01_free_type_part3_20260314_213101
534107955125,space,press,p01,p01_free_type_part3_20260314_213101
534208208583,space,release,p01,p01_free_type_part3_20260314_213101
534897141958,e,press,p01,p01_free_type_part3_20260314_213101
534973309541,e,release,p01,p01_free_type_part3_20260314_213101
535681270916,x,press,p01,p01_free_type_part3_20260314_213101
535757212125,x,release,p01,p01_free_type_part3_20260314_213101
536559934416,o,press,p01,p01_free_type_part3_20260314_213101
536624479333,o,release,p01,p01_free_type_part3_20260314_213101
537512146500,t,press,p01,p01_free_type_part3_20260314_213101
537580401541,t,release,p01,p01_free_type_part3_20260314_213101
537971131041,i,press,p01,p01_free_type_part3_20260314_213101
538031553583,i,release,p01,p01_free_type_part3_20260314_213101
538309977166,c,press,p01,p01_free_type_part3_20260314_213101
538386325875,c,release,p01,p01_free_type_part3_20260314_213101
538704942333,s,press,p01,p01_free_type_part3_20260314_213101
538789233041,s,release,p01,p01_free_type_part3_20260314_213101
539551901250,backspace,press,p01,p01_free_type_part3_20260314_213101
539612132458,backspace,release,p01,p01_free_type_part3_20260314_213101
539988245875,space,press,p01,p01_free_type_part3_20260314_213101
540068196916,space,release,p01,p01_free_type_part3_20260314_213101
540785150000,s,press,p01,p01_free_type_part3_20260314_213101
540853170666,s,release,p01,p01_free_type_part3_20260314_213101
541450215625,c,press,p01,p01_free_type_part3_20260314_213101
541550395416,c,release,p01,p01_free_type_part3_20260314_213101
541945949083,a,press,p01,p01_free_type_part3_20260314_213101
542022339666,a,release,p01,p01_free_type_part3_20260314_213101
542609945416,l,press,p01,p01_free_type_part3_20260314_213101
542686362875,l,release,p01,p01_free_type_part3_20260314_213101
543012953666,e,press,p01,p01_free_type_part3_20260314_213101
543093979625,e,release,p01,p01_free_type_part3_20260314_213101
543271825208,s,press,p01,p01_free_type_part3_20260314_213101
543344208083,s,release,p01,p01_free_type_part3_20260314_213101
544429069041,enter,press,p01,p01_free_type_part3_20260314_213101
544465412583,enter,release,p01,p01_free_type_part3_20260314_213101
546498928458,t,press,p01,p01_free_type_part3_20260314_213101
546575214375,t,release,p01,p01_free_type_part3_20260314_213101
547110801125,h,press,p01,p01_free_type_part3_20260314_213101
547183241041,h,release,p01,p01_free_type_part3_20260314_213101
547587989291,e,press,p01,p01_free_type_part3_20260314_213101
547652286000,e,release,p01,p01_free_type_part3_20260314_213101
548022941500,space,press,p01,p01_free_type_part3_20260314_213101
548118974250,space,release,p01,p01_free_type_part3_20260314_213101
549023743125,z,press,p01,p01_free_type_part3_20260314_213101
549124195875,z,release,p01,p01_free_type_part3_20260314_213101
549704861541,o,press,p01,p01_free_type_part3_20260314_213101
549760971166,o,release,p01,p01_free_type_part3_20260314_213101
550023741083,o,press,p01,p01_free_type_part3_20260314_213101
550084216083,o,release,p01,p01_free_type_part3_20260314_213101
551061870208,k,press,p01,p01_free_type_part3_20260314_213101
551134055083,k,release,p01,p01_free_type_part3_20260314_213101
552162592666,e,press,p01,p01_free_type_part3_20260314_213101
552247347458,e,release,p01,p01_free_type_part3_20260314_213101
552580774000,e,press,p01,p01_free_type_part3_20260314_213101
552645016333,e,release,p01,p01_free_type_part3_20260314_213101
553215866041,p,press,p01,p01_free_type_part3_20260314_213101
553280052375,p,release,p01,p01_free_type_part3_20260314_213101
553773837208,e,press,p01,p01_free_type_part3_20260314_213101
553862843791,e,release,p01,p01_free_type_part3_20260314_213101
554299762500,r,press,p01,p01_free_type_part3_20260314_213101
554372171208,r,release,p01,p01_free_type_part3_20260314_213101
554758695500,space,press,p01,p01_free_type_part3_20260314_213101
554846888166,space,release,p01,p01_free_type_part3_20260314_213101
555580740375,e,press,p01,p01_free_type_part3_20260314_213101
555657061625,e,release,p01,p01_free_type_part3_20260314_213101
556190903625,x,press,p01,p01_free_type_part3_20260314_213101
556287259208,x,release,p01,p01_free_type_part3_20260314_213101
556741642625,a,press,p01,p01_free_type_part3_20260314_213101
556833874500,a,release,p01,p01_free_type_part3_20260314_213101
557673761666,m,press,p01,p01_free_type_part3_20260314_213101
557733871416,m,release,p01,p01_free_type_part3_20260314_213101
558166554791,i,press,p01,p01_free_type_part3_20260314_213101
558214961875,i,release,p01,p01_free_type_part3_20260314_213101
558611899041,n,press,p01,p01_free_type_part3_20260314_213101
558668382333,n,release,p01,p01_free_type_part3_20260314_213101
559045613666,e,press,p01,p01_free_type_part3_20260314_213101
559109984875,e,release,p01,p01_free_type_part3_20260314_213101
559396772000,d,press,p01,p01_free_type_part3_20260314_213101
559476817416,d,release,p01,p01_free_type_part3_20260314_213101
559834783750,space,press,p01,p01_free_type_part3_20260314_213101
559910775333,space,release,p01,p01_free_type_part3_20260314_213101
560734604000,t,press,p01,p01_free_type_part3_20260314_213101
560810954583,t,release,p01,p01_free_type_part3_20260314_213101
561194638125,h,press,p01,p01_free_type_part3_20260314_213101
561270876208,h,release,p01,p01_free_type_part3_20260314_213101
561680672291,e,press,p01,p01_free_type_part3_20260314_213101
561756894833,e,release,p01,p01_free_type_part3_20260314_213101
562022693666,space,press,p01,p01_free_type_part3_20260314_213101
562102764333,space,release,p01,p01_free_type_part3_20260314_213101
562869462291,i,press,p01,p01_free_type_part3_20260314_213101
562929990500,i,release,p01,p01_free_type_part3_20260314_213101
563392747791,n,press,p01,p01_free_type_part3_20260314_213101
563464861916,n,release,p01,p01_free_type_part3_20260314_213101
563992542166,j,press,p01,p01_free_type_part3_20260314_213101
564072739291,j,release,p01,p01_free_type_part3_20260314_213101
564512542291,u,press,p01,p01_free_type_part3_20260314_213101
564580800833,u,release,p01,p01_free_type_part3_20260314_213101
565218594041,r,press,p01,p01_free_type_part3_20260314_213101
565306876291,r,release,p01,p01_free_type_part3_20260314_213101
565692636958,e,press,p01,p01_free_type_part3_20260314_213101
565756841166,e,release,p01,p01_free_type_part3_20260314_213101
566061476833,d,press,p01,p01_free_type_part3_20260314_213101
566137837875,d,release,p01,p01_free_type_part3_20260314_213101
566630413416,space,press,p01,p01_free_type_part3_20260314_213101
566710726833,space,release,p01,p01_free_type_part3_20260314_213101
567274584750,f,press,p01,p01_free_type_part3_20260314_213101
567358883375,f,release,p01,p01_free_type_part3_20260314_213101
567903485708,o,press,p01,p01_free_type_part3_20260314_213101
567967769625,o,release,p01,p01_free_type_part3_20260314_213101
568308543750,x,press,p01,p01_free_type_part3_20260314_213101
568392952625,x,release,p01,p01_free_type_part3_20260314_213101
568856532541,space,press,p01,p01_free_type_part3_20260314_213101
568944705875,space,release,p01,p01_free_type_part3_20260314_213101
569884703958,v,press,p01,p01_free_type_part3_20260314_213101
569977143625,v,release,p01,p01_free_type_part3_20260314_213101
571044584208,e,press,p01,p01_free_type_part3_20260314_213101
571112732541,e,release,p01,p01_free_type_part3_20260314_213101
571500513458,r,press,p01,p01_free_type_part3_20260314_213101
571584687375,r,release,p01,p01_free_type_part3_20260314_213101
571937347166,y,press,p01,p01_free_type_part3_20260314_213101
572021781666,y,release,p01,p01_free_type_part3_20260314_213101
572309663916,space,press,p01,p01_free_type_part3_20260314_213101
572389598416,space,release,p01,p01_free_type_part3_20260314_213101
573010544750,c,press,p01,p01_free_type_part3_20260314_213101
573082931708,c,release,p01,p01_free_type_part3_20260314_213101
573597352625,a,press,p01,p01_free_type_part3_20260314_213101
573681800833,a,release,p01,p01_free_type_part3_20260314_213101
575013490208,r,press,p01,p01_free_type_part3_20260314_213101
575101931833,r,release,p01,p01_free_type_part3_20260314_213101
575378303041,e,press,p01,p01_free_type_part3_20260314_213101
575446691958,e,release,p01,p01_free_type_part3_20260314_213101
576639277083,f,press,p01,p01_free_type_part3_20260314_213101
576707521875,f,release,p01,p01_free_type_part3_20260314_213101
577311907625,u,press,p01,p01_free_type_part3_20260314_213101
577379584083,u,release,p01,p01_free_type_part3_20260314_213101
577953258125,l,press,p01,p01_free_type_part3_20260314_213101
578049758250,l,release,p01,p01_free_type_part3_20260314_213101
578286262500,l,press,p01,p01_free_type_part3_20260314_213101
578378567041,l,release,p01,p01_free_type_part3_20260314_213101
579329166000,y,press,p01,p01_free_type_part3_20260314_213101
579397397041,y,release,p01,p01_free_type_part3_20260314_213101
580225148791,enter,press,p01,p01_free_type_part3_20260314_213101
580281972958,enter,release,p01,p01_free_type_part3_20260314_213101
583836292833,s,press,p01,p01_free_type_part3_20260314_213101
583908279458,s,release,p01,p01_free_type_part3_20260314_213101
584438264458,i,press,p01,p01_free_type_part3_20260314_213101
584510785041,i,release,p01,p01_free_type_part3_20260314_213101
584830176750,x,press,p01,p01_free_type_part3_20260314_213101
584927521333,x,release,p01,p01_free_type_part3_20260314_213101
585241399208,space,press,p01,p01_free_type_part3_20260314_213101
585325401416,space,release,p01,p01_free_type_part3_20260314_213101
586192121625,j,press,p01,p01_free_type_part3_20260314_213101
586272380500,j,release,p01,p01_free_type_part3_20260314_213101
586721236958,u,press,p01,p01_free_type_part3_20260314_213101
586797554750,u,release,p01,p01_free_type_part3_20260314_213101
587204207333,i,press,p01,p01_free_type_part3_20260314_213101
587268380458,i,release,p01,p01_free_type_part3_20260314_213101
587539894125,c,press,p01,p01_free_type_part3_20260314_213101
587644527375,c,release,p01,p01_free_type_part3_20260314_213101
587952058708,y,press,p01,p01_free_type_part3_20260314_213101
588024589500,y,release,p01,p01_free_type_part3_20260314_213101
588315157083,space,press,p01,p01_free_type_part3_20260314_213101
588399193291,space,release,p01,p01_free_type_part3_20260314_213101
589240063416,s,press,p01,p01_free_type_part3_20260314_213101
589320240500,s,release,p01,p01_free_type_part3_20260314_213101
589832141041,t,press,p01,p01_free_type_part3_20260314_213101
589908390750,t,release,p01,p01_free_type_part3_20260314_213101
590462049541,e,press,p01,p01_free_type_part3_20260314_213101
590542279416,e,release,p01,p01_free_type_part3_20260314_213101
590894128583,a,press,p01,p01_free_type_part3_20260314_213101
590982371041,a,release,p01,p01_free_type_part3_20260314_213101
591209009416,k,press,p01,p01_free_type_part3_20260314_213101
591277404833,k,release,p01,p01_free_type_part3_20260314_213101
591557143041,s,press,p01,p01_free_type_part3_20260314_213101
591653443416,s,release,p01,p01_free_type_part3_20260314_213101
592155051708,space,press,p01,p01_free_type_part3_20260314_213101
592227177125,space,release,p01,p01_free_type_part3_20260314_213101
593084166500,s,press,p01,p01_free_type_part3_20260314_213101
593164255291,s,release,p01,p01_free_type_part3_20260314_213101
593475876375,i,press,p01,p01_free_type_part3_20260314_213101
593552340833,i,release,p01,p01_free_type_part3_20260314_213101
594510773625,z,press,p01,p01_free_type_part3_20260314_213101
594623408000,z,release,p01,p01_free_type_part3_20260314_213101
594864997416,z,press,p01,p01_free_type_part3_20260314_213101
594957424750,z,release,p01,p01_free_type_part3_20260314_213101
595451340458,l,press,p01,p01_free_type_part3_20260314_213101
595544214500,l,release,p01,p01_free_type_part3_20260314_213101
596094999541,e,press,p01,p01_free_type_part3_20260314_213101
596179277500,e,release,p01,p01_free_type_part3_20260314_213101
596425958291,d,press,p01,p01_free_type_part3_20260314_213101
596518441625,d,release,p01,p01_free_type_part3_20260314_213101
596919774250,space,press,p01,p01_free_type_part3_20260314_213101
597000144583,space,release,p01,p01_free_type_part3_20260314_213101
597823808750,i,press,p01,p01_free_type_part3_20260314_213101
597888189291,i,release,p01,p01_free_type_part3_20260314_213101
598285851833,n,press,p01,p01_free_type_part3_20260314_213101
598342210708,n,release,p01,p01_free_type_part3_20260314_213101
598677864750,space,press,p01,p01_free_type_part3_20260314_213101
598750112958,space,release,p01,p01_free_type_part3_20260314_213101
599046824375,a,press,p01,p01_free_type_part3_20260314_213101
599138987583,a,release,p01,p01_free_type_part3_20260314_213101
599572935208,space,press,p01,p01_free_type_part3_20260314_213101
599657148791,space,release,p01,p01_free_type_part3_20260314_213101
600562776625,p,press,p01,p01_free_type_part3_20260314_213101
600627323875,p,release,p01,p01_free_type_part3_20260314_213101
600941813916,a,press,p01,p01_free_type_part3_20260314_213101
601038056125,a,release,p01,p01_free_type_part3_20260314_213101
601387799000,n,press,p01,p01_free_type_part3_20260314_213101
601443992458,n,release,p01,p01_free_type_part3_20260314_213101
601923696916,space,press,p01,p01_free_type_part3_20260314_213101
601992349916,space,release,p01,p01_free_type_part3_20260314_213101
602508424125,w,press,p01,p01_free_type_part3_20260314_213101
602568969625,w,release,p01,p01_free_type_part3_20260314_213101
603047729958,h,press,p01,p01_free_type_part3_20260314_213101
603128887750,h,release,p01,p01_free_type_part3_20260314_213101
603468767791,i,press,p01,p01_free_type_part3_20260314_213101
603540913625,i,release,p01,p01_free_type_part3_20260314_213101
603941891625,l,press,p01,p01_free_type_part3_20260314_213101
604022081333,l,release,p01,p01_free_type_part3_20260314_213101
604445015375,e,press,p01,p01_free_type_part3_20260314_213101
604525208291,e,release,p01,p01_free_type_part3_20260314_213101
604915562541,space,press,p01,p01_free_type_part3_20260314_213101
604992015541,space,release,p01,p01_free_type_part3_20260314_213101
605841773250,t,press,p01,p01_free_type_part3_20260314_213101
605909798041,t,release,p01,p01_free_type_part3_20260314_213101
606225940916,h,press,p01,p01_free_type_part3_20260314_213101
606286243541,h,release,p01,p01_free_type_part3_20260314_213101
606589993416,e,press,p01,p01_free_type_part3_20260314_213101
606661980500,e,release,p01,p01_free_type_part3_20260314_213101
606882572916,space,press,p01,p01_free_type_part3_20260314_213101
606963313916,space,release,p01,p01_free_type_part3_20260314_213101
608229646916,c,press,p01,p01_free_type_part3_20260314_213101
608322004375,c,release,p01,p01_free_type_part3_20260314_213101
608726543458,h,press,p01,p01_free_type_part3_20260314_213101
608798940458,h,release,p01,p01_free_type_part3_20260314_213101
609252758750,e,press,p01,p01_free_type_part3_20260314_213101
609321234125,e,release,p01,p01_free_type_part3_20260314_213101
609666604500,f,press,p01,p01_free_type_part3_20260314_213101
609747015750,f,release,p01,p01_free_type_part3_20260314_213101
609955627000,space,press,p01,p01_free_type_part3_20260314_213101
610052634791,space,release,p01,p01_free_type_part3_20260314_213101
611071504708,r,press,p01,p01_free_type_part3_20260314_213101
611159741458,r,release,p01,p01_free_type_part3_20260314_213101
611515792958,e,press,p01,p01_free_type_part3_20260314_213101
611584048875,e,release,p01,p01_free_type_part3_20260314_213101
612449799333,l,press,p01,p01_free_type_part3_20260314_213101
612546198916,l,release,p01,p01_free_type_part3_20260314_213101
613348691458,a,press,p01,p01_free_type_part3_20260314_213101
613460827125,a,release,p01,p01_free_type_part3_20260314_213101
613777592333,x,press,p01,p01_free_type_part3_20260314_213101
613862002750,x,release,p01,p01_free_type_part3_20260314_213101
614267566416,e,press,p01,p01_free_type_part3_20260314_213101
614347928333,e,release,p01,p01_free_type_part3_20260314_213101
614520730083,d,press,p01,p01_free_type_part3_20260314_213101
614600669583,d,release,p01,p01_free_type_part3_20260314_213101
615149616833,enter,press,p01,p01_free_type_part3_20260314_213101
