timestamp_ns,key,event_type,participant_id,session_id
6596569333,enter,release,p01,p01_free_type_part4_20260310_223921
8523719291,o,press,p01,p01_free_type_part4_20260310_223921
8551598041,o,release,p01,p01_free_type_part4_20260310_223921
9081859291,u,press,p01,p01_free_type_part4_20260310_223921
9137986416,u,release,p01,p01_free_type_part4_20260310_223921
9227385458,r,press,p01,p01_free_type_part4_20260310_223921
9307751750,r,release,p01,p01_free_type_part4_20260310_223921
9428059208,space,press,p01,p01_free_type_part4_20260310_223921
9479888875,space,release,p01,p01_free_type_part4_20260310_223921
9766414750,b,press,p01,p01_free_type_part4_20260310_223921
9818581958,b,release,p01,p01_free_type_part4_20260310_223921
9849019125,a,press,p01,p01_free_type_part4_20260310_223921
9937831208,a,release,p01,p01_free_type_part4_20260310_223921
10049240416,c,press,p01,p01_free_type_part4_20260310_223921
10133055250,c,release,p01,p01_free_type_part4_20260310_223921
10149818875,k,press,p01,p01_free_type_part4_20260310_223921
10201869166,k,release,p01,p01_free_type_part4_20260310_223921
10825412041,u,press,p01,p01_free_type_part4_20260310_223921
10913842666,u,release,p01,p01_free_type_part4_20260310_223921
11365537291,p,press,p01,p01_free_type_part4_20260310_223921
11445875041,p,release,p01,p01_free_type_part4_20260310_223921
11560319666,space,press,p01,p01_free_type_part4_20260310_223921
11624638083,space,release,p01,p01_free_type_part4_20260310_223921
11763490500,w,press,p01,p01_free_type_part4_20260310_223921
11831927875,w,release,p01,p01_free_type_part4_20260310_223921
11884388166,i,press,p01,p01_free_type_part4_20260310_223921
11916980041,i,release,p01,p01_free_type_part4_20260310_223921
12132509458,d,press,p01,p01_free_type_part4_20260310_223921
12224718375,d,release,p01,p01_free_type_part4_20260310_223921
12641643500,backspace,press,p01,p01_free_type_part4_20260310_223921
12685866125,backspace,release,p01,p01_free_type_part4_20260310_223921
12895044208,n,press,p01,p01_free_type_part4_20260310_223921
12954673583,n,release,p01,p01_free_type_part4_20260310_223921
13107353125,d,press,p01,p01_free_type_part4_20260310_223921
13192075000,d,release,p01,p01_free_type_part4_20260310_223921
13226222583,o,press,p01,p01_free_type_part4_20260310_223921
13290610000,o,release,p01,p01_free_type_part4_20260310_223921
13400500083,w,press,p01,p01_free_type_part4_20260310_223921
13440699000,w,release,p01,p01_free_type_part4_20260310_223921
13663222458,space,press,p01,p01_free_type_part4_20260310_223921
13715759083,space,release,p01,p01_free_type_part4_20260310_223921
14155381958,s,press,p01,p01_free_type_part4_20260310_223921
14239806083,s,release,p01,p01_free_type_part4_20260310_223921
14396044333,t,press,p01,p01_free_type_part4_20260310_223921
14460339041,t,release,p01,p01_free_type_part4_20260310_223921
14489903791,a,press,p01,p01_free_type_part4_20260310_223921
14578555833,a,release,p01,p01_free_type_part4_20260310_223921
14711198833,r,press,p01,p01_free_type_part4_20260310_223921
14791660000,r,release,p01,p01_free_type_part4_20260310_223921
14855291000,t,press,p01,p01_free_type_part4_20260310_223921
14907822000,t,release,p01,p01_free_type_part4_20260310_223921
15046219416,s,press,p01,p01_free_type_part4_20260310_223921
15110629708,s,release,p01,p01_free_type_part4_20260310_223921
15586278708,space,press,p01,p01_free_type_part4_20260310_223921
15634666000,space,release,p01,p01_free_type_part4_20260310_223921
15764793958,a,press,p01,p01_free_type_part4_20260310_223921
15829883916,a,release,p01,p01_free_type_part4_20260310_223921
15941342416,t,press,p01,p01_free_type_part4_20260310_223921
16001689000,t,release,p01,p01_free_type_part4_20260310_223921
16118119166,space,press,p01,p01_free_type_part4_20260310_223921
16170701000,space,release,p01,p01_free_type_part4_20260310_223921
16418229166,2,press,p01,p01_free_type_part4_20260310_223921
16490616333,2,release,p01,p01_free_type_part4_20260310_223921
16602054791,space,press,p01,p01_free_type_part4_20260310_223921
16663424208,space,release,p01,p01_free_type_part4_20260310_223921
16776350958,a,press,p01,p01_free_type_part4_20260310_223921
16880485375,a,release,p01,p01_free_type_part4_20260310_223921
16932310625,m,press,p01,p01_free_type_part4_20260310_223921
16976724958,m,release,p01,p01_free_type_part4_20260310_223921
17200158000,space,press,p01,p01_free_type_part4_20260310_223921
17268699958,space,release,p01,p01_free_type_part4_20260310_223921
17373385416,a,press,p01,p01_free_type_part4_20260310_223921
17457664750,a,release,p01,p01_free_type_part4_20260310_223921
17531283208,n,press,p01,p01_free_type_part4_20260310_223921
17607751791,n,release,p01,p01_free_type_part4_20260310_223921
17657181458,d,press,p01,p01_free_type_part4_20260310_223921
17745751916,d,release,p01,p01_free_type_part4_20260310_223921
17820093291,space,press,p01,p01_free_type_part4_20260310_223921
17880921166,space,release,p01,p01_free_type_part4_20260310_223921
18075126375,e,press,p01,p01_free_type_part4_20260310_223921
18123777291,e,release,p01,p01_free_type_part4_20260310_223921
18315321666,n,press,p01,p01_free_type_part4_20260310_223921
18371809708,n,release,p01,p01_free_type_part4_20260310_223921
18405777000,d,press,p01,p01_free_type_part4_20260310_223921
18470297458,d,release,p01,p01_free_type_part4_20260310_223921
18640329125,s,press,p01,p01_free_type_part4_20260310_223921
18728639625,s,release,p01,p01_free_type_part4_20260310_223921
18886158125,space,press,p01,p01_free_type_part4_20260310_223921
18962493791,space,release,p01,p01_free_type_part4_20260310_223921
19095191500,a,press,p01,p01_free_type_part4_20260310_223921
19179657541,a,release,p01,p01_free_type_part4_20260310_223921
19311061333,t,press,p01,p01_free_type_part4_20260310_223921
19355665791,t,release,p01,p01_free_type_part4_20260310_223921
19468207500,space,press,p01,p01_free_type_part4_20260310_223921
19536576833,space,release,p01,p01_free_type_part4_20260310_223921
19987191291,4,press,p01,p01_free_type_part4_20260310_223921
20055850291,4,release,p01,p01_free_type_part4_20260310_223921
20175064041,space,press,p01,p01_free_type_part4_20260310_223921
20235558458,space,release,p01,p01_free_type_part4_20260310_223921
20708331916,a,press,p01,p01_free_type_part4_20260310_223921
20781017583,a,release,p01,p01_free_type_part4_20260310_223921
20848221291,m,press,p01,p01_free_type_part4_20260310_223921
20900670458,m,release,p01,p01_free_type_part4_20260310_223921
21347264500,enter,press,p01,p01_free_type_part4_20260310_223921
21375447458,enter,release,p01,p01_free_type_part4_20260310_223921
23611192375,t,press,p01,p01_free_type_part4_20260310_223921
23647079666,t,release,p01,p01_free_type_part4_20260310_223921
23796083166,i,press,p01,p01_free_type_part4_20260310_223921
23864682083,i,release,p01,p01_free_type_part4_20260310_223921
23961172625,c,press,p01,p01_free_type_part4_20260310_223921
24053376041,c,release,p01,p01_free_type_part4_20260310_223921
24070128291,j,press,p01,p01_free_type_part4_20260310_223921
24134491208,j,release,p01,p01_free_type_part4_20260310_223921
24839222458,backspace,press,p01,p01_free_type_part4_20260310_223921
24887406375,backspace,release,p01,p01_free_type_part4_20260310_223921
25079160416,k,press,p01,p01_free_type_part4_20260310_223921
25135495833,k,release,p01,p01_free_type_part4_20260310_223921
25238066000,e,press,p01,p01_free_type_part4_20260310_223921
25310437541,e,release,p01,p01_free_type_part4_20260310_223921
25450215166,t,press,p01,p01_free_type_part4_20260310_223921
25497922958,t,release,p01,p01_free_type_part4_20260310_223921
26152153000,space,press,p01,p01_free_type_part4_20260310_223921
26188445916,space,release,p01,p01_free_type_part4_20260310_223921
26866117875,7,press,p01,p01_free_type_part4_20260310_223921
26922622708,7,release,p01,p01_free_type_part4_20260310_223921
27054146166,8,press,p01,p01_free_type_part4_20260310_223921
27094533041,8,release,p01,p01_free_type_part4_20260310_223921
27285053000,1,press,p01,p01_free_type_part4_20260310_223921
27329738458,1,release,p01,p01_free_type_part4_20260310_223921
27506561041,2,press,p01,p01_free_type_part4_20260310_223921
27562843708,2,release,p01,p01_free_type_part4_20260310_223921
27781034208,space,press,p01,p01_free_type_part4_20260310_223921
27833300291,space,release,p01,p01_free_type_part4_20260310_223921
27935145041,w,press,p01,p01_free_type_part4_20260310_223921
28019431916,w,release,p01,p01_free_type_part4_20260310_223921
28098909666,a,press,p01,p01_free_type_part4_20260310_223921
28175328000,a,release,p01,p01_free_type_part4_20260310_223921
28264986291,s,press,p01,p01_free_type_part4_20260310_223921
28345443208,s,release,p01,p01_free_type_part4_20260310_223921
28697060625,space,press,p01,p01_free_type_part4_20260310_223921
28757237750,space,release,p01,p01_free_type_part4_20260310_223921
29143026583,r,press,p01,p01_free_type_part4_20260310_223921
29211791083,r,release,p01,p01_free_type_part4_20260310_223921
29600991041,e,press,p01,p01_free_type_part4_20260310_223921
29669351458,e,release,p01,p01_free_type_part4_20260310_223921
30286370833,o,press,p01,p01_free_type_part4_20260310_223921
30337870125,o,release,p01,p01_free_type_part4_20260310_223921
30399610208,p,press,p01,p01_free_type_part4_20260310_223921
30464485875,p,release,p01,p01_free_type_part4_20260310_223921
30575481541,e,press,p01,p01_free_type_part4_20260310_223921
30667327041,e,release,p01,p01_free_type_part4_20260310_223921
30701938166,n,press,p01,p01_free_type_part4_20260310_223921
30762411833,n,release,p01,p01_free_type_part4_20260310_223921
30953944250,e,press,p01,p01_free_type_part4_20260310_223921
31010345083,e,release,p01,p01_free_type_part4_20260310_223921
31117051833,d,press,p01,p01_free_type_part4_20260310_223921
31205293458,d,release,p01,p01_free_type_part4_20260310_223921
31303020250,space,press,p01,p01_free_type_part4_20260310_223921
31355365166,space,release,p01,p01_free_type_part4_20260310_223921
31604980666,a,press,p01,p01_free_type_part4_20260310_223921
31674146541,a,release,p01,p01_free_type_part4_20260310_223921
32057017833,f,press,p01,p01_free_type_part4_20260310_223921
32125327541,f,release,p01,p01_free_type_part4_20260310_223921
32294936000,t,press,p01,p01_free_type_part4_20260310_223921
32355378291,t,release,p01,p01_free_type_part4_20260310_223921
32397577000,e,press,p01,p01_free_type_part4_20260310_223921
32478352708,e,release,p01,p01_free_type_part4_20260310_223921
32654943125,r,press,p01,p01_free_type_part4_20260310_223921
32739375916,r,release,p01,p01_free_type_part4_20260310_223921
32896880708,space,press,p01,p01_free_type_part4_20260310_223921
32965314041,space,release,p01,p01_free_type_part4_20260310_223921
33300928041,t,press,p01,p01_free_type_part4_20260310_223921
33357416125,t,release,p01,p01_free_type_part4_20260310_223921
33493613333,h,press,p01,p01_free_type_part4_20260310_223921
33561422541,h,release,p01,p01_free_type_part4_20260310_223921
33625867583,e,press,p01,p01_free_type_part4_20260310_223921
33690210125,e,release,p01,p01_free_type_part4_20260310_223921
33822485541,space,press,p01,p01_free_type_part4_20260310_223921
33881998750,space,release,p01,p01_free_type_part4_20260310_223921
34158110041,n,press,p01,p01_free_type_part4_20260310_223921
34229967833,n,release,p01,p01_free_type_part4_20260310_223921
34319284541,i,press,p01,p01_free_type_part4_20260310_223921
34375195916,i,release,p01,p01_free_type_part4_20260310_223921
34533857791,g,press,p01,p01_free_type_part4_20260310_223921
34590178791,g,release,p01,p01_free_type_part4_20260310_223921
34702984625,h,press,p01,p01_free_type_part4_20260310_223921
34759392541,h,release,p01,p01_free_type_part4_20260310_223921
34898145500,t,press,p01,p01_free_type_part4_20260310_223921
34946764541,t,release,p01,p01_free_type_part4_20260310_223921
35353865208,l,press,p01,p01_free_type_part4_20260310_223921
35426193541,l,release,p01,p01_free_type_part4_20260310_223921
35709140916,y,press,p01,p01_free_type_part4_20260310_223921
35769427583,y,release,p01,p01_free_type_part4_20260310_223921
35917570458,space,press,p01,p01_free_type_part4_20260310_223921
35969322625,space,release,p01,p01_free_type_part4_20260310_223921
36271868083,t,press,p01,p01_free_type_part4_20260310_223921
36339908916,t,release,p01,p01_free_type_part4_20260310_223921
36651960291,e,press,p01,p01_free_type_part4_20260310_223921
36712337166,e,release,p01,p01_free_type_part4_20260310_223921
36842737750,s,press,p01,p01_free_type_part4_20260310_223921
36923112333,s,release,p01,p01_free_type_part4_20260310_223921
36977092625,t,press,p01,p01_free_type_part4_20260310_223921
37025433041,t,release,p01,p01_free_type_part4_20260310_223921
37223140583,space,press,p01,p01_free_type_part4_20260310_223921
37283180125,space,release,p01,p01_free_type_part4_20260310_223921
37667830208,f,press,p01,p01_free_type_part4_20260310_223921
37760138375,f,release,p01,p01_free_type_part4_20260310_223921
37806560916,a,press,p01,p01_free_type_part4_20260310_223921
37897602625,a,release,p01,p01_free_type_part4_20260310_223921
38021775083,l,press,p01,p01_free_type_part4_20260310_223921
38074313166,l,release,p01,p01_free_type_part4_20260310_223921
38229901458,i,press,p01,p01_free_type_part4_20260310_223921
38282243916,i,release,p01,p01_free_type_part4_20260310_223921
38320367125,e,press,p01,p01_free_type_part4_20260310_223921
38404992000,e,release,p01,p01_free_type_part4_20260310_223921
38495960166,d,press,p01,p01_free_type_part4_20260310_223921
38576170583,d,release,p01,p01_free_type_part4_20260310_223921
38743868250,enter,press,p01,p01_free_type_part4_20260310_223921
38804289833,enter,release,p01,p01_free_type_part4_20260310_223921
40329846250,t,press,p01,p01_free_type_part4_20260310_223921
40378301083,t,release,p01,p01_free_type_part4_20260310_223921
40512955750,i,press,p01,p01_free_type_part4_20260310_223921
40573387875,i,release,p01,p01_free_type_part4_20260310_223921
40673844333,c,press,p01,p01_free_type_part4_20260310_223921
40746405416,c,release,p01,p01_free_type_part4_20260310_223921
40762400125,k,press,p01,p01_free_type_part4_20260310_223921
40806821333,k,release,p01,p01_free_type_part4_20260310_223921
40972940166,e,press,p01,p01_free_type_part4_20260310_223921
41033126833,e,release,p01,p01_free_type_part4_20260310_223921
41404528375,t,press,p01,p01_free_type_part4_20260310_223921
41508732541,t,release,p01,p01_free_type_part4_20260310_223921
42054768500,space,press,p01,p01_free_type_part4_20260310_223921
42103155083,space,release,p01,p01_free_type_part4_20260310_223921
42743942916,7,press,p01,p01_free_type_part4_20260310_223921
42804220333,7,release,p01,p01_free_type_part4_20260310_223921
42913200041,8,press,p01,p01_free_type_part4_20260310_223921
42969574208,8,release,p01,p01_free_type_part4_20260310_223921
43119799625,1,press,p01,p01_free_type_part4_20260310_223921
43180150625,1,release,p01,p01_free_type_part4_20260310_223921
43344846166,2,press,p01,p01_free_type_part4_20260310_223921
43408875166,2,release,p01,p01_free_type_part4_20260310_223921
43532776833,space,press,p01,p01_free_type_part4_20260310_223921
43593056416,space,release,p01,p01_free_type_part4_20260310_223921
43687809958,w,press,p01,p01_free_type_part4_20260310_223921
43768053291,w,release,p01,p01_free_type_part4_20260310_223921
43910856000,a,press,p01,p01_free_type_part4_20260310_223921
43967065916,a,release,p01,p01_free_type_part4_20260310_223921
44132933833,s,press,p01,p01_free_type_part4_20260310_223921
44209030416,s,release,p01,p01_free_type_part4_20260310_223921
44345654833,space,press,p01,p01_free_type_part4_20260310_223921
44405934333,space,release,p01,p01_free_type_part4_20260310_223921
44842723333,r,press,p01,p01_free_type_part4_20260310_223921
44903175166,r,release,p01,p01_free_type_part4_20260310_223921
45626661125,e,press,p01,p01_free_type_part4_20260310_223921
45687076708,e,release,p01,p01_free_type_part4_20260310_223921
46373716125,o,press,p01,p01_free_type_part4_20260310_223921
46438133291,o,release,p01,p01_free_type_part4_20260310_223921
46504697916,p,press,p01,p01_free_type_part4_20260310_223921
46581843458,p,release,p01,p01_free_type_part4_20260310_223921
46753817041,e,press,p01,p01_free_type_part4_20260310_223921
46846712708,e,release,p01,p01_free_type_part4_20260310_223921
46903615041,n,press,p01,p01_free_type_part4_20260310_223921
46968239708,n,release,p01,p01_free_type_part4_20260310_223921
47360691291,e,press,p01,p01_free_type_part4_20260310_223921
47437535083,e,release,p01,p01_free_type_part4_20260310_223921
47801548875,d,press,p01,p01_free_type_part4_20260310_223921
47901984750,d,release,p01,p01_free_type_part4_20260310_223921
48024587875,space,press,p01,p01_free_type_part4_20260310_223921
48080794541,space,release,p01,p01_free_type_part4_20260310_223921
48262787083,a,press,p01,p01_free_type_part4_20260310_223921
48347040333,a,release,p01,p01_free_type_part4_20260310_223921
48810479083,f,press,p01,p01_free_type_part4_20260310_223921
48915015500,f,release,p01,p01_free_type_part4_20260310_223921
49063467333,t,press,p01,p01_free_type_part4_20260310_223921
49124003750,t,release,p01,p01_free_type_part4_20260310_223921
49167378083,e,press,p01,p01_free_type_part4_20260310_223921
49259843041,e,release,p01,p01_free_type_part4_20260310_223921
49403676208,r,press,p01,p01_free_type_part4_20260310_223921
49479887875,r,release,p01,p01_free_type_part4_20260310_223921
49986506000,space,press,p01,p01_free_type_part4_20260310_223921
50051239250,space,release,p01,p01_free_type_part4_20260310_223921
50383728041,t,press,p01,p01_free_type_part4_20260310_223921
50448032083,t,release,p01,p01_free_type_part4_20260310_223921
50618447625,h,press,p01,p01_free_type_part4_20260310_223921
50694908666,h,release,p01,p01_free_type_part4_20260310_223921
50791625916,e,press,p01,p01_free_type_part4_20260310_223921
50867684500,e,release,p01,p01_free_type_part4_20260310_223921
50972473000,space,press,p01,p01_free_type_part4_20260310_223921
51032795208,space,release,p01,p01_free_type_part4_20260310_223921
51446607666,n,press,p01,p01_free_type_part4_20260310_223921
51503038833,n,release,p01,p01_free_type_part4_20260310_223921
51638545125,i,press,p01,p01_free_type_part4_20260310_223921
51694816666,i,release,p01,p01_free_type_part4_20260310_223921
51896545333,g,press,p01,p01_free_type_part4_20260310_223921
51948991416,g,release,p01,p01_free_type_part4_20260310_223921
52054640708,h,press,p01,p01_free_type_part4_20260310_223921
52107279000,h,release,p01,p01_free_type_part4_20260310_223921
52247622791,t,press,p01,p01_free_type_part4_20260310_223921
52307682958,t,release,p01,p01_free_type_part4_20260310_223921
52905703333,l,press,p01,p01_free_type_part4_20260310_223921
52974309458,l,release,p01,p01_free_type_part4_20260310_223921
53245603958,y,press,p01,p01_free_type_part4_20260310_223921
53313898166,y,release,p01,p01_free_type_part4_20260310_223921
53442450708,space,press,p01,p01_free_type_part4_20260310_223921
53503092541,space,release,p01,p01_free_type_part4_20260310_223921
53875660916,t,press,p01,p01_free_type_part4_20260310_223921
53931906000,t,release,p01,p01_free_type_part4_20260310_223921
53961045166,e,press,p01,p01_free_type_part4_20260310_223921
54021794333,e,release,p01,p01_free_type_part4_20260310_223921
54169555500,s,press,p01,p01_free_type_part4_20260310_223921
54254418125,s,release,p01,p01_free_type_part4_20260310_223921
54308398083,t,press,p01,p01_free_type_part4_20260310_223921
54368804583,t,release,p01,p01_free_type_part4_20260310_223921
54508393375,space,press,p01,p01_free_type_part4_20260310_223921
54544966791,space,release,p01,p01_free_type_part4_20260310_223921
55039434583,f,press,p01,p01_free_type_part4_20260310_223921
55127712333,f,release,p01,p01_free_type_part4_20260310_223921
55256536583,a,press,p01,p01_free_type_part4_20260310_223921
55340704833,a,release,p01,p01_free_type_part4_20260310_223921
55388654083,i,press,p01,p01_free_type_part4_20260310_223921
55440845208,i,release,p01,p01_free_type_part4_20260310_223921
55644517416,l,press,p01,p01_free_type_part4_20260310_223921
55692848000,l,release,p01,p01_free_type_part4_20260310_223921
55760285458,e,press,p01,p01_free_type_part4_20260310_223921
55848845500,e,release,p01,p01_free_type_part4_20260310_223921
55948443250,d,press,p01,p01_free_type_part4_20260310_223921
56028695000,d,release,p01,p01_free_type_part4_20260310_223921
56182380000,enter,press,p01,p01_free_type_part4_20260310_223921
56242729125,enter,release,p01,p01_free_type_part4_20260310_223921
57614549125,p,press,p01,p01_free_type_part4_20260310_223921
57662997291,p,release,p01,p01_free_type_part4_20260310_223921
57814447333,l,press,p01,p01_free_type_part4_20260310_223921
57866903958,l,release,p01,p01_free_type_part4_20260310_223921
57921040208,e,press,p01,p01_free_type_part4_20260310_223921
58013729458,e,release,p01,p01_free_type_part4_20260310_223921
58122424833,a,press,p01,p01_free_type_part4_20260310_223921
58182801416,a,release,p01,p01_free_type_part4_20260310_223921
58249345416,s,press,p01,p01_free_type_part4_20260310_223921
58321947916,s,release,p01,p01_free_type_part4_20260310_223921
58442406583,e,press,p01,p01_free_type_part4_20260310_223921
58498802916,e,release,p01,p01_free_type_part4_20260310_223921
58643385458,space,press,p01,p01_free_type_part4_20260310_223921
58723701041,space,release,p01,p01_free_type_part4_20260310_223921
59047658791,v,press,p01,p01_free_type_part4_20260310_223921
59096024416,v,release,p01,p01_free_type_part4_20260310_223921
59192317041,e,press,p01,p01_free_type_part4_20260310_223921
59280669208,e,release,p01,p01_free_type_part4_20260310_223921
59457160291,r,press,p01,p01_free_type_part4_20260310_223921
59533310333,i,press,p01,p01_free_type_part4_20260310_223921
59544589458,r,release,p01,p01_free_type_part4_20260310_223921
59617641750,i,release,p01,p01_free_type_part4_20260310_223921
60277194375,f,press,p01,p01_free_type_part4_20260310_223921
60353612791,f,release,p01,p01_free_type_part4_20260310_223921
60371816208,y,press,p01,p01_free_type_part4_20260310_223921
60420879958,y,release,p01,p01_free_type_part4_20260310_223921
61131938708,space,press,p01,p01_free_type_part4_20260310_223921
61215616958,space,release,p01,p01_free_type_part4_20260310_223921
61447441041,t,press,p01,p01_free_type_part4_20260310_223921
61500088916,t,release,p01,p01_free_type_part4_20260310_223921
61643328916,h,press,p01,p01_free_type_part4_20260310_223921
61719862333,h,release,p01,p01_free_type_part4_20260310_223921
61815246166,a,press,p01,p01_free_type_part4_20260310_223921
61907626666,a,release,p01,p01_free_type_part4_20260310_223921
61970171500,t,press,p01,p01_free_type_part4_20260310_223921
62039075208,t,release,p01,p01_free_type_part4_20260310_223921
62160174500,space,press,p01,p01_free_type_part4_20260310_223921
62236722875,space,release,p01,p01_free_type_part4_20260310_223921
62527324458,u,press,p01,p01_free_type_part4_20260310_223921
62587696416,u,release,p01,p01_free_type_part4_20260310_223921
62655274416,s,press,p01,p01_free_type_part4_20260310_223921
62731617541,s,release,p01,p01_free_type_part4_20260310_223921
62856352333,e,press,p01,p01_free_type_part4_20260310_223921
62908890500,e,release,p01,p01_free_type_part4_20260310_223921
63103160208,r,press,p01,p01_free_type_part4_20260310_223921
63163666833,r,release,p01,p01_free_type_part4_20260310_223921
63246221041,space,press,p01,p01_free_type_part4_20260310_223921
63314805208,space,release,p01,p01_free_type_part4_20260310_223921
64052298625,4,press,p01,p01_free_type_part4_20260310_223921
64144610375,4,release,p01,p01_free_type_part4_20260310_223921
64285120375,2,press,p01,p01_free_type_part4_20260310_223921
64357669625,2,release,p01,p01_free_type_part4_20260310_223921
64489122541,space,press,p01,p01_free_type_part4_20260310_223921
64557574208,space,release,p01,p01_free_type_part4_20260310_223921
64722215000,c,press,p01,p01_free_type_part4_20260310_223921
64818532958,c,release,p01,p01_free_type_part4_20260310_223921
64873306500,a,press,p01,p01_free_type_part4_20260310_223921
64977534083,a,release,p01,p01_free_type_part4_20260310_223921
65025212041,n,press,p01,p01_free_type_part4_20260310_223921
65109514083,n,release,p01,p01_free_type_part4_20260310_223921
65272255250,space,press,p01,p01_free_type_part4_20260310_223921
65344650791,space,release,p01,p01_free_type_part4_20260310_223921
65491358875,a,press,p01,p01_free_type_part4_20260310_223921
65571703625,a,release,p01,p01_free_type_part4_20260310_223921
65706143041,c,press,p01,p01_free_type_part4_20260310_223921
65790667166,c,release,p01,p01_free_type_part4_20260310_223921
65811875958,c,press,p01,p01_free_type_part4_20260310_223921
65912470708,c,release,p01,p01_free_type_part4_20260310_223921
66482144041,s,press,p01,p01_free_type_part4_20260310_223921
66522297250,s,release,p01,p01_free_type_part4_20260310_223921
66876182666,e,press,p01,p01_free_type_part4_20260310_223921
66936566458,e,release,p01,p01_free_type_part4_20260310_223921
67341245875,backspace,press,p01,p01_free_type_part4_20260310_223921
67377674916,backspace,release,p01,p01_free_type_part4_20260310_223921
67470073833,backspace,press,p01,p01_free_type_part4_20260310_223921
67518677500,backspace,release,p01,p01_free_type_part4_20260310_223921
67902158375,e,press,p01,p01_free_type_part4_20260310_223921
67966472208,e,release,p01,p01_free_type_part4_20260310_223921
68418106625,s,press,p01,p01_free_type_part4_20260310_223921
68486366666,s,release,p01,p01_free_type_part4_20260310_223921
68546275416,s,press,p01,p01_free_type_part4_20260310_223921
68630649333,s,release,p01,p01_free_type_part4_20260310_223921
68782045541,space,press,p01,p01_free_type_part4_20260310_223921
68866458250,space,release,p01,p01_free_type_part4_20260310_223921
69116057875,r,press,p01,p01_free_type_part4_20260310_223921
69188530541,r,release,p01,p01_free_type_part4_20260310_223921
69297175125,e,press,p01,p01_free_type_part4_20260310_223921
69357458083,e,release,p01,p01_free_type_part4_20260310_223921
69498056708,p,press,p01,p01_free_type_part4_20260310_223921
69558558541,p,release,p01,p01_free_type_part4_20260310_223921
69698134166,o,press,p01,p01_free_type_part4_20260310_223921
69762506625,o,release,p01,p01_free_type_part4_20260310_223921
69954942250,r,press,p01,p01_free_type_part4_20260310_223921
70019385500,r,release,p01,p01_free_type_part4_20260310_223921
70154146750,t,press,p01,p01_free_type_part4_20260310_223921
70210671291,t,release,p01,p01_free_type_part4_20260310_223921
70364019583,space,press,p01,p01_free_type_part4_20260310_223921
70412425583,space,release,p01,p01_free_type_part4_20260310_223921
70854146791,9,press,p01,p01_free_type_part4_20260310_223921
70894526166,9,release,p01,p01_free_type_part4_20260310_223921
71375125500,enter,press,p01,p01_free_type_part4_20260310_223921
71418964416,enter,release,p01,p01_free_type_part4_20260310_223921
72711301875,s,press,p01,p01_free_type_part4_20260310_223921
72791558916,s,release,p01,p01_free_type_part4_20260310_223921
72950081791,e,press,p01,p01_free_type_part4_20260310_223921
73010571791,e,release,p01,p01_free_type_part4_20260310_223921
73135142000,r,press,p01,p01_free_type_part4_20260310_223921
73211478708,r,release,p01,p01_free_type_part4_20260310_223921
73346969625,v,press,p01,p01_free_type_part4_20260310_223921
73395454916,v,release,p01,p01_free_type_part4_20260310_223921
73468161291,e,press,p01,p01_free_type_part4_20260310_223921
73556201375,e,release,p01,p01_free_type_part4_20260310_223921
73748137291,r,press,p01,p01_free_type_part4_20260310_223921
73807948916,r,release,p01,p01_free_type_part4_20260310_223921
74028054291,space,press,p01,p01_free_type_part4_20260310_223921
74092271958,space,release,p01,p01_free_type_part4_20260310_223921
74434105958,3,press,p01,p01_free_type_part4_20260310_223921
74462799708,3,release,p01,p01_free_type_part4_20260310_223921
74604894375,space,press,p01,p01_free_type_part4_20260310_223921
74657328916,space,release,p01,p01_free_type_part4_20260310_223921
75126088291,r,press,p01,p01_free_type_part4_20260310_223921
75206303416,r,release,p01,p01_free_type_part4_20260310_223921
75301049500,e,press,p01,p01_free_type_part4_20260310_223921
75357275958,e,release,p01,p01_free_type_part4_20260310_223921
76081963250,a,press,p01,p01_free_type_part4_20260310_223921
76165866041,a,release,p01,p01_free_type_part4_20260310_223921
76356886041,c,press,p01,p01_free_type_part4_20260310_223921
76396840958,c,release,p01,p01_free_type_part4_20260310_223921
76528871708,h,press,p01,p01_free_type_part4_20260310_223921
76581204791,h,release,p01,p01_free_type_part4_20260310_223921
76771819375,e,press,p01,p01_free_type_part4_20260310_223921
76827866875,e,release,p01,p01_free_type_part4_20260310_223921
76961028500,d,press,p01,p01_free_type_part4_20260310_223921
77049426625,d,release,p01,p01_free_type_part4_20260310_223921
77173037458,space,press,p01,p01_free_type_part4_20260310_223921
77257233375,space,release,p01,p01_free_type_part4_20260310_223921
77729137500,9,press,p01,p01_free_type_part4_20260310_223921
77773272416,9,release,p01,p01_free_type_part4_20260310_223921
77852933375,2,press,p01,p01_free_type_part4_20260310_223921
77933402541,2,release,p01,p01_free_type_part4_20260310_223921
78029833541,space,press,p01,p01_free_type_part4_20260310_223921
78107065958,space,release,p01,p01_free_type_part4_20260310_223921
78528806916,p,press,p01,p01_free_type_part4_20260310_223921
78580286583,p,release,p01,p01_free_type_part4_20260310_223921
78723912083,e,press,p01,p01_free_type_part4_20260310_223921
78796212458,e,release,p01,p01_free_type_part4_20260310_223921
78910927875,r,press,p01,p01_free_type_part4_20260310_223921
78975397791,r,release,p01,p01_free_type_part4_20260310_223921
79196937375,c,press,p01,p01_free_type_part4_20260310_223921
79285235041,c,release,p01,p01_free_type_part4_20260310_223921
79403913416,e,press,p01,p01_free_type_part4_20260310_223921
79484034208,e,release,p01,p01_free_type_part4_20260310_223921
79491486958,n,press,p01,p01_free_type_part4_20260310_223921
79576231458,n,release,p01,p01_free_type_part4_20260310_223921
80391835750,t,press,p01,p01_free_type_part4_20260310_223921
80464246625,t,release,p01,p01_free_type_part4_20260310_223921
80568996708,space,press,p01,p01_free_type_part4_20260310_223921
80625419166,space,release,p01,p01_free_type_part4_20260310_223921
80907991833,c,press,p01,p01_free_type_part4_20260310_223921
80995955625,c,release,p01,p01_free_type_part4_20260310_223921
81045927750,p,press,p01,p01_free_type_part4_20260310_223921
81114246916,p,release,p01,p01_free_type_part4_20260310_223921
81345826791,u,press,p01,p01_free_type_part4_20260310_223921
81397164791,u,release,p01,p01_free_type_part4_20260310_223921
81493644541,space,press,p01,p01_free_type_part4_20260310_223921
81554250333,space,release,p01,p01_free_type_part4_20260310_223921
81820789958,f,press,p01,p01_free_type_part4_20260310_223921
81916269458,f,release,p01,p01_free_type_part4_20260310_223921
81916474208,o,press,p01,p01_free_type_part4_20260310_223921
81968942625,o,release,p01,p01_free_type_part4_20260310_223921
82098983833,r,press,p01,p01_free_type_part4_20260310_223921
82163407333,r,release,p01,p01_free_type_part4_20260310_223921
82282674208,space,press,p01,p01_free_type_part4_20260310_223921
82355212875,space,release,p01,p01_free_type_part4_20260310_223921
82701273666,1,press,p01,p01_free_type_part4_20260310_223921
82781547458,1,release,p01,p01_free_type_part4_20260310_223921
83688020916,5,press,p01,p01_free_type_part4_20260310_223921
83732301083,5,release,p01,p01_free_type_part4_20260310_223921
84123916458,space,press,p01,p01_free_type_part4_20260310_223921
84168276000,space,release,p01,p01_free_type_part4_20260310_223921
84516525916,m,press,p01,p01_free_type_part4_20260310_223921
84573012625,m,release,p01,p01_free_type_part4_20260310_223921
84690944833,i,press,p01,p01_free_type_part4_20260310_223921
84739290208,i,release,p01,p01_free_type_part4_20260310_223921
84850949166,n,press,p01,p01_free_type_part4_20260310_223921
84903277208,n,release,p01,p01_free_type_part4_20260310_223921
85000924750,u,press,p01,p01_free_type_part4_20260310_223921
85057280958,u,release,p01,p01_free_type_part4_20260310_223921
85268712458,t,press,p01,p01_free_type_part4_20260310_223921
85317317125,t,release,p01,p01_free_type_part4_20260310_223921
85348388541,e,press,p01,p01_free_type_part4_20260310_223921
85421117000,e,release,p01,p01_free_type_part4_20260310_223921
85533401458,s,press,p01,p01_free_type_part4_20260310_223921
85598250541,s,release,p01,p01_free_type_part4_20260310_223921
85950796666,enter,press,p01,p01_free_type_part4_20260310_223921
85979096416,enter,release,p01,p01_free_type_part4_20260310_223921
87096993250,w,press,p01,p01_free_type_part4_20260310_223921
87169074750,w,release,p01,p01_free_type_part4_20260310_223921
87265902166,e,press,p01,p01_free_type_part4_20260310_223921
87350097750,e,release,p01,p01_free_type_part4_20260310_223921
87429592666,space,press,p01,p01_free_type_part4_20260310_223921
87494165541,space,release,p01,p01_free_type_part4_20260310_223921
87826791250,b,press,p01,p01_free_type_part4_20260310_223921
87866669958,b,release,p01,p01_free_type_part4_20260310_223921
88143750375,o,press,p01,p01_free_type_part4_20260310_223921
88187777125,o,release,p01,p01_free_type_part4_20260310_223921
88273805416,o,press,p01,p01_free_type_part4_20260310_223921
88322298250,o,release,p01,p01_free_type_part4_20260310_223921
88448809000,k,press,p01,p01_free_type_part4_20260310_223921
88501203833,k,release,p01,p01_free_type_part4_20260310_223921
88607577250,e,press,p01,p01_free_type_part4_20260310_223921
88668258166,e,release,p01,p01_free_type_part4_20260310_223921
88790647833,d,press,p01,p01_free_type_part4_20260310_223921
88883204250,d,release,p01,p01_free_type_part4_20260310_223921
89012748958,space,press,p01,p01_free_type_part4_20260310_223921
89065162875,space,release,p01,p01_free_type_part4_20260310_223921
89476793041,t,press,p01,p01_free_type_part4_20260310_223921
89537059041,t,release,p01,p01_free_type_part4_20260310_223921
89630868583,a,press,p01,p01_free_type_part4_20260310_223921
89715060250,a,release,p01,p01_free_type_part4_20260310_223921
89757632833,b,press,p01,p01_free_type_part4_20260310_223921
89814188166,b,release,p01,p01_free_type_part4_20260310_223921
89987641375,l,press,p01,p01_free_type_part4_20260310_223921
90051999833,l,release,p01,p01_free_type_part4_20260310_223921
90166744083,e,press,p01,p01_free_type_part4_20260310_223921
90239091125,e,release,p01,p01_free_type_part4_20260310_223921
90443713291,space,press,p01,p01_free_type_part4_20260310_223921
90475964875,space,release,p01,p01_free_type_part4_20260310_223921
90880892166,1,press,p01,p01_free_type_part4_20260310_223921
90941226541,1,release,p01,p01_free_type_part4_20260310_223921
91072741333,2,press,p01,p01_free_type_part4_20260310_223921
91129161041,2,release,p01,p01_free_type_part4_20260310_223921
91320816291,space,press,p01,p01_free_type_part4_20260310_223921
91364960375,space,release,p01,p01_free_type_part4_20260310_223921
91570462500,f,press,p01,p01_free_type_part4_20260310_223921
91662815833,f,release,p01,p01_free_type_part4_20260310_223921
91693380041,o,press,p01,p01_free_type_part4_20260310_223921
91741923541,o,release,p01,p01_free_type_part4_20260310_223921
91877937708,r,press,p01,p01_free_type_part4_20260310_223921
91958408666,r,release,p01,p01_free_type_part4_20260310_223921
92109756541,space,press,p01,p01_free_type_part4_20260310_223921
92173894333,space,release,p01,p01_free_type_part4_20260310_223921
92798510000,5,press,p01,p01_free_type_part4_20260310_223921
92870855041,5,release,p01,p01_free_type_part4_20260310_223921
93346114416,space,press,p01,p01_free_type_part4_20260310_223921
93418110000,space,release,p01,p01_free_type_part4_20260310_223921
93871668375,p,press,p01,p01_free_type_part4_20260310_223921
93920033250,p,release,p01,p01_free_type_part4_20260310_223921
94067588083,o,press,p01,p01_free_type_part4_20260310_223921
94107497291,o,release,p01,p01_free_type_part4_20260310_223921
94625756500,backspace,press,p01,p01_free_type_part4_20260310_223921
94674086583,backspace,release,p01,p01_free_type_part4_20260310_223921
94843765375,e,press,p01,p01_free_type_part4_20260310_223921
94916035083,e,release,p01,p01_free_type_part4_20260310_223921
95060575666,o,press,p01,p01_free_type_part4_20260310_223921
95109020000,o,release,p01,p01_free_type_part4_20260310_223921
95310492291,p,press,p01,p01_free_type_part4_20260310_223921
95367025583,p,release,p01,p01_free_type_part4_20260310_223921
95508487875,l,press,p01,p01_free_type_part4_20260310_223921
95565331166,l,release,p01,p01_free_type_part4_20260310_223921
95612284958,e,press,p01,p01_free_type_part4_20260310_223921
95684949833,e,release,p01,p01_free_type_part4_20260310_223921
96374794041,space,press,p01,p01_free_type_part4_20260310_223921
96422867958,space,release,p01,p01_free_type_part4_20260310_223921
96805666666,a,press,p01,p01_free_type_part4_20260310_223921
96913877375,a,release,p01,p01_free_type_part4_20260310_223921
96933335750,t,press,p01,p01_free_type_part4_20260310_223921
96990117791,t,release,p01,p01_free_type_part4_20260310_223921
97104399000,space,press,p01,p01_free_type_part4_20260310_223921
97156547083,space,release,p01,p01_free_type_part4_20260310_223921
97583669625,7,press,p01,p01_free_type_part4_20260310_223921
97639737750,7,release,p01,p01_free_type_part4_20260310_223921
97753570125,space,press,p01,p01_free_type_part4_20260310_223921
97821845750,space,release,p01,p01_free_type_part4_20260310_223921
98234671958,p,press,p01,p01_free_type_part4_20260310_223921
98290991583,p,release,p01,p01_free_type_part4_20260310_223921
98440569250,m,press,p01,p01_free_type_part4_20260310_223921
98481002625,m,release,p01,p01_free_type_part4_20260310_223921
98856968375,enter,press,p01,p01_free_type_part4_20260310_223921
98909026500,enter,release,p01,p01_free_type_part4_20260310_223921
100010489125,b,press,p01,p01_free_type_part4_20260310_223921
100083080750,b,release,p01,p01_free_type_part4_20260310_223921
100102081791,a,press,p01,p01_free_type_part4_20260310_223921
100182996041,a,release,p01,p01_free_type_part4_20260310_223921
100306651541,t,press,p01,p01_free_type_part4_20260310_223921
100374998375,t,release,p01,p01_free_type_part4_20260310_223921
100481680458,c,press,p01,p01_free_type_part4_20260310_223921
100565912625,c,release,p01,p01_free_type_part4_20260310_223921
100661506916,h,press,p01,p01_free_type_part4_20260310_223921
100706023875,h,release,p01,p01_free_type_part4_20260310_223921
100955505083,space,press,p01,p01_free_type_part4_20260310_223921
101027427500,space,release,p01,p01_free_type_part4_20260310_223921
101863542458,6,press,p01,p01_free_type_part4_20260310_223921
101931513875,6,release,p01,p01_free_type_part4_20260310_223921
102309512791,0,press,p01,p01_free_type_part4_20260310_223921
102357636875,0,release,p01,p01_free_type_part4_20260310_223921
102643487500,8,press,p01,p01_free_type_part4_20260310_223921
102703817416,8,release,p01,p01_free_type_part4_20260310_223921
103319816208,space,press,p01,p01_free_type_part4_20260310_223921
103400007916,space,release,p01,p01_free_type_part4_20260310_223921
103714229875,p,press,p01,p01_free_type_part4_20260310_223921
103762446833,p,release,p01,p01_free_type_part4_20260310_223921
103975277708,r,press,p01,p01_free_type_part4_20260310_223921
104063785583,r,release,p01,p01_free_type_part4_20260310_223921
104109210916,o,press,p01,p01_free_type_part4_20260310_223921
104161765000,o,release,p01,p01_free_type_part4_20260310_223921
104322496416,c,press,p01,p01_free_type_part4_20260310_223921
104406647875,c,release,p01,p01_free_type_part4_20260310_223921
104521396083,e,press,p01,p01_free_type_part4_20260310_223921
104581634125,e,release,p01,p01_free_type_part4_20260310_223921
104731585625,s,press,p01,p01_free_type_part4_20260310_223921
104799834583,s,release,p01,p01_free_type_part4_20260310_223921
104880427833,s,press,p01,p01_free_type_part4_20260310_223921
104940620208,s,release,p01,p01_free_type_part4_20260310_223921
105090022791,e,press,p01,p01_free_type_part4_20260310_223921
105141829000,e,release,p01,p01_free_type_part4_20260310_223921
105256274208,d,press,p01,p01_free_type_part4_20260310_223921
105356600875,d,release,p01,p01_free_type_part4_20260310_223921
105520196708,space,press,p01,p01_free_type_part4_20260310_223921
105568680000,space,release,p01,p01_free_type_part4_20260310_223921
106027529833,1,press,p01,p01_free_type_part4_20260310_223921
106115640291,1,release,p01,p01_free_type_part4_20260310_223921
106423450250,4,press,p01,p01_free_type_part4_20260310_223921
106463681708,4,release,p01,p01_free_type_part4_20260310_223921
106536122791,4,press,p01,p01_free_type_part4_20260310_223921
106604495666,4,release,p01,p01_free_type_part4_20260310_223921
106800090750,space,press,p01,p01_free_type_part4_20260310_223921
106868287208,space,release,p01,p01_free_type_part4_20260310_223921
107195291583,f,press,p01,p01_free_type_part4_20260310_223921
107291517041,f,release,p01,p01_free_type_part4_20260310_223921
107312536541,i,press,p01,p01_free_type_part4_20260310_223921
107364734750,i,release,p01,p01_free_type_part4_20260310_223921
107517416166,l,press,p01,p01_free_type_part4_20260310_223921
107581589958,l,release,p01,p01_free_type_part4_20260310_223921
107650927125,e,press,p01,p01_free_type_part4_20260310_223921
107742684708,e,release,p01,p01_free_type_part4_20260310_223921
107835569916,space,press,p01,p01_free_type_part4_20260310_223921
107911516041,space,release,p01,p01_free_type_part4_20260310_223921
108368314541,backspace,press,p01,p01_free_type_part4_20260310_223921
108412611625,backspace,release,p01,p01_free_type_part4_20260310_223921
108523233750,s,press,p01,p01_free_type_part4_20260310_223921
108611665541,s,release,p01,p01_free_type_part4_20260310_223921
108923403916,space,press,p01,p01_free_type_part4_20260310_223921
108979482166,space,release,p01,p01_free_type_part4_20260310_223921
109334369875,i,press,p01,p01_free_type_part4_20260310_223921
109390474250,i,release,p01,p01_free_type_part4_20260310_223921
109528215083,n,press,p01,p01_free_type_part4_20260310_223921
109596676125,n,release,p01,p01_free_type_part4_20260310_223921
109731543541,space,press,p01,p01_free_type_part4_20260310_223921
109795716208,space,release,p01,p01_free_type_part4_20260310_223921
110045093625,2,press,p01,p01_free_type_part4_20260310_223921
110101575875,2,release,p01,p01_free_type_part4_20260310_223921
110346267333,7,press,p01,p01_free_type_part4_20260310_223921
110402611458,7,release,p01,p01_free_type_part4_20260310_223921
110588973041,space,press,p01,p01_free_type_part4_20260310_223921
110649764333,space,release,p01,p01_free_type_part4_20260310_223921
110868004666,s,press,p01,p01_free_type_part4_20260310_223921
110952594250,s,release,p01,p01_free_type_part4_20260310_223921
111102179541,e,press,p01,p01_free_type_part4_20260310_223921
111178673875,e,release,p01,p01_free_type_part4_20260310_223921
111339074916,c,press,p01,p01_free_type_part4_20260310_223921
111407239375,c,release,p01,p01_free_type_part4_20260310_223921
111455119833,o,press,p01,p01_free_type_part4_20260310_223921
111511596041,o,release,p01,p01_free_type_part4_20260310_223921
111697106333,n,press,p01,p01_free_type_part4_20260310_223921
111737648666,n,release,p01,p01_free_type_part4_20260310_223921
111803048708,d,press,p01,p01_free_type_part4_20260310_223921
111887677000,d,release,p01,p01_free_type_part4_20260310_223921
112084251125,s,press,p01,p01_free_type_part4_20260310_223921
112136598750,s,release,p01,p01_free_type_part4_20260310_223921
112420185333,enter,press,p01,p01_free_type_part4_20260310_223921
112481185625,enter,release,p01,p01_free_type_part4_20260310_223921
113965411250,m,press,p01,p01_free_type_part4_20260310_223921
114009698791,m,release,p01,p01_free_type_part4_20260310_223921
114163067666,e,press,p01,p01_free_type_part4_20260310_223921
114219625916,e,release,p01,p01_free_type_part4_20260310_223921
114271089708,e,press,p01,p01_free_type_part4_20260310_223921
114351578458,e,release,p01,p01_free_type_part4_20260310_223921
114537009250,t,press,p01,p01_free_type_part4_20260310_223921
114592922458,t,release,p01,p01_free_type_part4_20260310_223921
114733012000,i,press,p01,p01_free_type_part4_20260310_223921
114801961083,i,release,p01,p01_free_type_part4_20260310_223921
114924095416,n,press,p01,p01_free_type_part4_20260310_223921
114996718416,n,release,p01,p01_free_type_part4_20260310_223921
115142108000,g,press,p01,p01_free_type_part4_20260310_223921
115198711541,g,release,p01,p01_free_type_part4_20260310_223921
115326107958,space,press,p01,p01_free_type_part4_20260310_223921
115398593125,space,release,p01,p01_free_type_part4_20260310_223921
115715192333,r,press,p01,p01_free_type_part4_20260310_223921
115783780833,r,release,p01,p01_free_type_part4_20260310_223921
115899029708,o,press,p01,p01_free_type_part4_20260310_223921
115952106500,o,release,p01,p01_free_type_part4_20260310_223921
116024093083,o,press,p01,p01_free_type_part4_20260310_223921
116068624125,o,release,p01,p01_free_type_part4_20260310_223921
116247047416,m,press,p01,p01_free_type_part4_20260310_223921
116295539666,m,release,p01,p01_free_type_part4_20260310_223921
116605245208,space,press,p01,p01_free_type_part4_20260310_223921
116677238916,space,release,p01,p01_free_type_part4_20260310_223921
116994145708,1,press,p01,p01_free_type_part4_20260310_223921
117046536958,1,release,p01,p01_free_type_part4_20260310_223921
117120189291,1,press,p01,p01_free_type_part4_20260310_223921
117188908916,1,release,p01,p01_free_type_part4_20260310_223921
117354004208,space,press,p01,p01_free_type_part4_20260310_223921
117394522250,space,release,p01,p01_free_type_part4_20260310_223921
117571102375,i,press,p01,p01_free_type_part4_20260310_223921
117635554750,i,release,p01,p01_free_type_part4_20260310_223921
117762152250,s,press,p01,p01_free_type_part4_20260310_223921
117806510541,s,release,p01,p01_free_type_part4_20260310_223921
118184107583,space,press,p01,p01_free_type_part4_20260310_223921
118252883000,space,release,p01,p01_free_type_part4_20260310_223921
118664036750,r,press,p01,p01_free_type_part4_20260310_223921
118736413583,r,release,p01,p01_free_type_part4_20260310_223921
118824077750,e,press,p01,p01_free_type_part4_20260310_223921
118900484833,e,release,p01,p01_free_type_part4_20260310_223921
119145280125,s,press,p01,p01_free_type_part4_20260310_223921
119201652250,s,release,p01,p01_free_type_part4_20260310_223921
119724080875,v,press,p01,p01_free_type_part4_20260310_223921
119768450333,v,release,p01,p01_free_type_part4_20260310_223921
120158600166,backspace,press,p01,p01_free_type_part4_20260310_223921
120203346125,backspace,release,p01,p01_free_type_part4_20260310_223921
120955043541,e,press,p01,p01_free_type_part4_20260310_223921
121031391750,e,release,p01,p01_free_type_part4_20260310_223921
121340106208,r,press,p01,p01_free_type_part4_20260310_223921
121404431958,r,release,p01,p01_free_type_part4_20260310_223921
121572968666,v,press,p01,p01_free_type_part4_20260310_223921
121625474250,v,release,p01,p01_free_type_part4_20260310_223921
121732003166,e,press,p01,p01_free_type_part4_20260310_223921
121784384541,e,release,p01,p01_free_type_part4_20260310_223921
121930181500,d,press,p01,p01_free_type_part4_20260310_223921
122010354666,d,release,p01,p01_free_type_part4_20260310_223921
122197927583,space,press,p01,p01_free_type_part4_20260310_223921
122234434500,space,release,p01,p01_free_type_part4_20260310_223921
122590925666,f,press,p01,p01_free_type_part4_20260310_223921
122659327833,f,release,p01,p01_free_type_part4_20260310_223921
122811043458,r,press,p01,p01_free_type_part4_20260310_223921
122891195791,r,release,p01,p01_free_type_part4_20260310_223921
122974839208,o,press,p01,p01_free_type_part4_20260310_223921
123031340666,o,release,p01,p01_free_type_part4_20260310_223921
123171979333,m,press,p01,p01_free_type_part4_20260310_223921
123231445166,m,release,p01,p01_free_type_part4_20260310_223921
123576795625,space,press,p01,p01_free_type_part4_20260310_223921
123629086875,space,release,p01,p01_free_type_part4_20260310_223921
123790019291,1,press,p01,p01_free_type_part4_20260310_223921
123858475583,1,release,p01,p01_free_type_part4_20260310_223921
123994894083,0,press,p01,p01_free_type_part4_20260310_223921
124043387333,0,release,p01,p01_free_type_part4_20260310_223921
124193931958,space,press,p01,p01_free_type_part4_20260310_223921
124262591041,space,release,p01,p01_free_type_part4_20260310_223921
124637952833,t,press,p01,p01_free_type_part4_20260310_223921
124710271166,t,release,p01,p01_free_type_part4_20260310_223921
124769963666,o,press,p01,p01_free_type_part4_20260310_223921
124822278750,o,release,p01,p01_free_type_part4_20260310_223921
124962877375,space,press,p01,p01_free_type_part4_20260310_223921
125031235333,space,release,p01,p01_free_type_part4_20260310_223921
125164005875,1,press,p01,p01_free_type_part4_20260310_223921
125232301750,1,release,p01,p01_free_type_part4_20260310_223921
125300909250,1,press,p01,p01_free_type_part4_20260310_223921
125353346166,1,release,p01,p01_free_type_part4_20260310_223921
125499908541,enter,press,p01,p01_free_type_part4_20260310_223921
125564200583,enter,release,p01,p01_free_type_part4_20260310_223921
126703952458,t,press,p01,p01_free_type_part4_20260310_223921
126760414500,t,release,p01,p01_free_type_part4_20260310_223921
126895009458,h,press,p01,p01_free_type_part4_20260310_223921
126963252250,h,release,p01,p01_free_type_part4_20260310_223921
127026974583,e,press,p01,p01_free_type_part4_20260310_223921
127103174291,e,release,p01,p01_free_type_part4_20260310_223921
127187846833,space,press,p01,p01_free_type_part4_20260310_223921
127256226666,space,release,p01,p01_free_type_part4_20260310_223921
127572935833,r,press,p01,p01_free_type_part4_20260310_223921
127641138875,r,release,p01,p01_free_type_part4_20260310_223921
127990853958,backspace,press,p01,p01_free_type_part4_20260310_223921
128039238500,backspace,release,p01,p01_free_type_part4_20260310_223921
128354087666,t,press,p01,p01_free_type_part4_20260310_223921
128370505208,t,release,p01,p01_free_type_part4_20260310_223921
128486868875,r,press,p01,p01_free_type_part4_20260310_223921
128548096666,r,release,p01,p01_free_type_part4_20260310_223921
129009036375,a,press,p01,p01_free_type_part4_20260310_223921
129089253000,a,release,p01,p01_free_type_part4_20260310_223921
129125929416,i,press,p01,p01_free_type_part4_20260310_223921
129182337333,i,release,p01,p01_free_type_part4_20260310_223921
129326033000,n,press,p01,p01_free_type_part4_20260310_223921
129394340125,n,release,p01,p01_free_type_part4_20260310_223921
129587800833,space,press,p01,p01_free_type_part4_20260310_223921
129639967833,space,release,p01,p01_free_type_part4_20260310_223921
129975054166,l,press,p01,p01_free_type_part4_20260310_223921
130043216583,l,release,p01,p01_free_type_part4_20260310_223921
130140756375,e,press,p01,p01_free_type_part4_20260310_223921
130221153458,e,release,p01,p01_free_type_part4_20260310_223921
130739701291,a,press,p01,p01_free_type_part4_20260310_223921
130795922791,a,release,p01,p01_free_type_part4_20260310_223921
130926692250,v,press,p01,p01_free_type_part4_20260310_223921
130986307708,v,release,p01,p01_free_type_part4_20260310_223921
131062072833,e,press,p01,p01_free_type_part4_20260310_223921
131129958416,e,release,p01,p01_free_type_part4_20260310_223921
131311857125,s,press,p01,p01_free_type_part4_20260310_223921
131388292375,s,release,p01,p01_free_type_part4_20260310_223921
131534797291,space,press,p01,p01_free_type_part4_20260310_223921
131579372583,space,release,p01,p01_free_type_part4_20260310_223921
132030805166,p,press,p01,p01_free_type_part4_20260310_223921
132079235833,p,release,p01,p01_free_type_part4_20260310_223921
132196733375,l,press,p01,p01_free_type_part4_20260310_223921
132257111958,l,release,p01,p01_free_type_part4_20260310_223921
132367051500,a,press,p01,p01_free_type_part4_20260310_223921
132455609375,a,release,p01,p01_free_type_part4_20260310_223921
132599922125,t,press,p01,p01_free_type_part4_20260310_223921
132648138750,t,release,p01,p01_free_type_part4_20260310_223921
133109838583,f,press,p01,p01_free_type_part4_20260310_223921
133201979583,f,release,p01,p01_free_type_part4_20260310_223921
133367609375,o,press,p01,p01_free_type_part4_20260310_223921
133411965208,o,release,p01,p01_free_type_part4_20260310_223921
133707763916,r,press,p01,p01_free_type_part4_20260310_223921
133771917708,r,release,p01,p01_free_type_part4_20260310_223921
133868611250,m,press,p01,p01_free_type_part4_20260310_223921
133917072083,m,release,p01,p01_free_type_part4_20260310_223921
134106645250,space,press,p01,p01_free_type_part4_20260310_223921
134166712041,space,release,p01,p01_free_type_part4_20260310_223921
134688850458,6,press,p01,p01_free_type_part4_20260310_223921
134737150333,6,release,p01,p01_free_type_part4_20260310_223921
134844664875,space,press,p01,p01_free_type_part4_20260310_223921
134912985791,space,release,p01,p01_free_type_part4_20260310_223921
135107748250,a,press,p01,p01_free_type_part4_20260310_223921
135188067000,a,release,p01,p01_free_type_part4_20260310_223921
135282603333,t,press,p01,p01_free_type_part4_20260310_223921
135339132416,t,release,p01,p01_free_type_part4_20260310_223921
135438598416,space,press,p01,p01_free_type_part4_20260310_223921
135499112250,space,release,p01,p01_free_type_part4_20260310_223921
135949809791,8,press,p01,p01_free_type_part4_20260310_223921
135993993166,8,release,p01,p01_free_type_part4_20260310_223921
136134634083,space,press,p01,p01_free_type_part4_20260310_223921
136199102833,space,release,p01,p01_free_type_part4_20260310_223921
138231783833,3,press,p01,p01_free_type_part4_20260310_223921
138323957166,3,release,p01,p01_free_type_part4_20260310_223921
138682782125,5,press,p01,p01_free_type_part4_20260310_223921
138711142833,5,release,p01,p01_free_type_part4_20260310_223921
138963535333,space,press,p01,p01_free_type_part4_20260310_223921
139048167416,space,release,p01,p01_free_type_part4_20260310_223921
140098665041,t,press,p01,p01_free_type_part4_20260310_223921
140182999833,t,release,p01,p01_free_type_part4_20260310_223921
140244196041,o,press,p01,p01_free_type_part4_20260310_223921
140264351625,o,release,p01,p01_free_type_part4_20260310_223921
140415248125,m,press,p01,p01_free_type_part4_20260310_223921
140475392000,m,release,p01,p01_free_type_part4_20260310_223921
140602474125,o,press,p01,p01_free_type_part4_20260310_223921
140639145833,o,release,p01,p01_free_type_part4_20260310_223921
140928609000,r,press,p01,p01_free_type_part4_20260310_223921
140989174041,r,release,p01,p01_free_type_part4_20260310_223921
141057689875,r,press,p01,p01_free_type_part4_20260310_223921
141118008666,r,release,p01,p01_free_type_part4_20260310_223921
141202660166,o,press,p01,p01_free_type_part4_20260310_223921
141259074083,o,release,p01,p01_free_type_part4_20260310_223921
141309840875,w,press,p01,p01_free_type_part4_20260310_223921
141371130583,w,release,p01,p01_free_type_part4_20260310_223921
141536675291,enter,press,p01,p01_free_type_part4_20260310_223921
141600762791,enter,release,p01,p01_free_type_part4_20260310_223921
142976632083,d,press,p01,p01_free_type_part4_20260310_223921
143093274416,d,release,p01,p01_free_type_part4_20260310_223921
143130432083,e,press,p01,p01_free_type_part4_20260310_223921
143214762208,e,release,p01,p01_free_type_part4_20260310_223921
143566572500,v,press,p01,p01_free_type_part4_20260310_223921
143618854041,v,release,p01,p01_free_type_part4_20260310_223921
143751446083,i,press,p01,p01_free_type_part4_20260310_223921
143803994250,i,release,p01,p01_free_type_part4_20260310_223921
143871406500,c,press,p01,p01_free_type_part4_20260310_223921
143951822666,c,release,p01,p01_free_type_part4_20260310_223921
144045530958,e,press,p01,p01_free_type_part4_20260310_223921
144110107416,e,release,p01,p01_free_type_part4_20260310_223921
144205464958,space,press,p01,p01_free_type_part4_20260310_223921
144254255291,space,release,p01,p01_free_type_part4_20260310_223921
144648523166,1,press,p01,p01_free_type_part4_20260310_223921
144705034791,1,release,p01,p01_free_type_part4_20260310_223921
144820587041,9,press,p01,p01_free_type_part4_20260310_223921
144868951250,9,release,p01,p01_free_type_part4_20260310_223921
145259445208,space,press,p01,p01_free_type_part4_20260310_223921
145295900083,space,release,p01,p01_free_type_part4_20260310_223921
145649465416,r,press,p01,p01_free_type_part4_20260310_223921
145709911583,r,release,p01,p01_free_type_part4_20260310_223921
145832433583,e,press,p01,p01_free_type_part4_20260310_223921
145912891875,e,release,p01,p01_free_type_part4_20260310_223921
146045430166,p,press,p01,p01_free_type_part4_20260310_223921
146093740541,p,release,p01,p01_free_type_part4_20260310_223921
146222494375,o,press,p01,p01_free_type_part4_20260310_223921
146266831041,o,release,p01,p01_free_type_part4_20260310_223921
146483387666,r,press,p01,p01_free_type_part4_20260310_223921
146572135125,r,release,p01,p01_free_type_part4_20260310_223921
147081068083,t,press,p01,p01_free_type_part4_20260310_223921
147137230333,t,release,p01,p01_free_type_part4_20260310_223921
147237465375,e,press,p01,p01_free_type_part4_20260310_223921
147301678208,e,release,p01,p01_free_type_part4_20260310_223921
147402371333,d,press,p01,p01_free_type_part4_20260310_223921
147478736416,d,release,p01,p01_free_type_part4_20260310_223921
147613362291,space,press,p01,p01_free_type_part4_20260310_223921
147681853083,space,release,p01,p01_free_type_part4_20260310_223921
148255404125,e,press,p01,p01_free_type_part4_20260310_223921
148335718208,e,release,p01,p01_free_type_part4_20260310_223921
148892865458,r,press,p01,p01_free_type_part4_20260310_223921
148984719833,r,release,p01,p01_free_type_part4_20260310_223921
149048194583,r,press,p01,p01_free_type_part4_20260310_223921
149125809416,r,release,p01,p01_free_type_part4_20260310_223921
149263399333,o,press,p01,p01_free_type_part4_20260310_223921
149315814583,o,release,p01,p01_free_type_part4_20260310_223921
149412428250,e,press,p01,p01_free_type_part4_20260310_223921
149468049458,e,release,p01,p01_free_type_part4_20260310_223921
149894489500,space,press,p01,p01_free_type_part4_20260310_223921
149946792875,space,release,p01,p01_free_type_part4_20260310_223921
150068401833,c,press,p01,p01_free_type_part4_20260310_223921
150140891958,c,release,p01,p01_free_type_part4_20260310_223921
150205443375,o,press,p01,p01_free_type_part4_20260310_223921
150265674791,o,release,p01,p01_free_type_part4_20260310_223921
150373178666,d,press,p01,p01_free_type_part4_20260310_223921
150445719666,d,release,p01,p01_free_type_part4_20260310_223921
150596517625,e,press,p01,p01_free_type_part4_20260310_223921
150684777291,e,release,p01,p01_free_type_part4_20260310_223921
150795395125,space,press,p01,p01_free_type_part4_20260310_223921
150847807958,space,release,p01,p01_free_type_part4_20260310_223921
151673281500,5,press,p01,p01_free_type_part4_20260310_223921
151721802166,5,release,p01,p01_free_type_part4_20260310_223921
152069262375,0,press,p01,p01_free_type_part4_20260310_223921
152125770458,0,release,p01,p01_free_type_part4_20260310_223921
152250396333,3,press,p01,p01_free_type_part4_20260310_223921
152314781875,3,release,p01,p01_free_type_part4_20260310_223921
152491241583,space,press,p01,p01_free_type_part4_20260310_223921
152551711875,space,release,p01,p01_free_type_part4_20260310_223921
153198269458,t,press,p01,p01_free_type_part4_20260310_223921
153246806166,t,release,p01,p01_free_type_part4_20260310_223921
153589357333,w,press,p01,p01_free_type_part4_20260310_223921
153677736541,w,release,p01,p01_free_type_part4_20260310_223921
153722108208,i,press,p01,p01_free_type_part4_20260310_223921
153779209208,i,release,p01,p01_free_type_part4_20260310_223921
153923462625,c,press,p01,p01_free_type_part4_20260310_223921
154007783375,c,release,p01,p01_free_type_part4_20260310_223921
154119413375,e,press,p01,p01_free_type_part4_20260310_223921
154187921375,e,release,p01,p01_free_type_part4_20260310_223921
154602240791,space,press,p01,p01_free_type_part4_20260310_223921
154658850500,space,release,p01,p01_free_type_part4_20260310_223921
154913032750,t,press,p01,p01_free_type_part4_20260310_223921
154961622291,t,release,p01,p01_free_type_part4_20260310_223921
155088359458,o,press,p01,p01_free_type_part4_20260310_223921
155148758166,o,release,p01,p01_free_type_part4_20260310_223921
155212226708,d,press,p01,p01_free_type_part4_20260310_223921
155284192333,a,press,p01,p01_free_type_part4_20260310_223921
155291537416,d,release,p01,p01_free_type_part4_20260310_223921
155372530708,a,release,p01,p01_free_type_part4_20260310_223921
155468347666,y,press,p01,p01_free_type_part4_20260310_223921
155524106458,y,release,p01,p01_free_type_part4_20260310_223921
155781884416,enter,press,p01,p01_free_type_part4_20260310_223921
155846688000,enter,release,p01,p01_free_type_part4_20260310_223921
157129292541,d,press,p01,p01_free_type_part4_20260310_223921
157201727375,d,release,p01,p01_free_type_part4_20260310_223921
157301349541,e,press,p01,p01_free_type_part4_20260310_223921
157365124875,e,release,p01,p01_free_type_part4_20260310_223921
157625829000,v,press,p01,p01_free_type_part4_20260310_223921
157670897250,v,release,p01,p01_free_type_part4_20260310_223921
157846291708,i,press,p01,p01_free_type_part4_20260310_223921
157894833708,i,release,p01,p01_free_type_part4_20260310_223921
158082794166,c,press,p01,p01_free_type_part4_20260310_223921
158114592791,c,release,p01,p01_free_type_part4_20260310_223921
158206204708,e,press,p01,p01_free_type_part4_20260310_223921
158290568583,e,release,p01,p01_free_type_part4_20260310_223921
159467274250,space,press,p01,p01_free_type_part4_20260310_223921
159520076041,space,release,p01,p01_free_type_part4_20260310_223921
159918202791,1,press,p01,p01_free_type_part4_20260310_223921
159998582375,1,release,p01,p01_free_type_part4_20260310_223921
160094269833,9,press,p01,p01_free_type_part4_20260310_223921
160154699750,9,release,p01,p01_free_type_part4_20260310_223921
160277101375,space,press,p01,p01_free_type_part4_20260310_223921
160329690416,space,release,p01,p01_free_type_part4_20260310_223921
160725226250,r,press,p01,p01_free_type_part4_20260310_223921
160805574166,r,release,p01,p01_free_type_part4_20260310_223921
160941111791,e,press,p01,p01_free_type_part4_20260310_223921
161009469375,e,release,p01,p01_free_type_part4_20260310_223921
161239081291,p,press,p01,p01_free_type_part4_20260310_223921
161287521750,p,release,p01,p01_free_type_part4_20260310_223921
161418237125,o,press,p01,p01_free_type_part4_20260310_223921
161462875583,o,release,p01,p01_free_type_part4_20260310_223921
161775788958,t,press,p01,p01_free_type_part4_20260310_223921
161832153625,t,release,p01,p01_free_type_part4_20260310_223921
162705234500,backspace,press,p01,p01_free_type_part4_20260310_223921
162737630583,backspace,release,p01,p01_free_type_part4_20260310_223921
163065031958,r,press,p01,p01_free_type_part4_20260310_223921
163125578041,r,release,p01,p01_free_type_part4_20260310_223921
163587154666,t,press,p01,p01_free_type_part4_20260310_223921
163643568041,t,release,p01,p01_free_type_part4_20260310_223921
163679756583,e,press,p01,p01_free_type_part4_20260310_223921
163756092541,e,release,p01,p01_free_type_part4_20260310_223921
163888998333,d,press,p01,p01_free_type_part4_20260310_223921
163961478750,d,release,p01,p01_free_type_part4_20260310_223921
164473013500,space,press,p01,p01_free_type_part4_20260310_223921
164524681583,space,release,p01,p01_free_type_part4_20260310_223921
165085059375,e,press,p01,p01_free_type_part4_20260310_223921
165160879958,e,release,p01,p01_free_type_part4_20260310_223921
165334242750,r,press,p01,p01_free_type_part4_20260310_223921
165406473833,r,release,p01,p01_free_type_part4_20260310_223921
165462958416,r,press,p01,p01_free_type_part4_20260310_223921
165531510500,r,release,p01,p01_free_type_part4_20260310_223921
165621925916,o,press,p01,p01_free_type_part4_20260310_223921
165686300833,o,release,p01,p01_free_type_part4_20260310_223921
165789447541,e,press,p01,p01_free_type_part4_20260310_223921
165861452958,e,release,p01,p01_free_type_part4_20260310_223921
166067885916,space,press,p01,p01_free_type_part4_20260310_223921
166140456875,space,release,p01,p01_free_type_part4_20260310_223921
166376027875,c,press,p01,p01_free_type_part4_20260310_223921
166440319083,c,release,p01,p01_free_type_part4_20260310_223921
166815131541,o,press,p01,p01_free_type_part4_20260310_223921
166870788500,o,release,p01,p01_free_type_part4_20260310_223921
166969992166,d,press,p01,p01_free_type_part4_20260310_223921
167058423250,d,release,p01,p01_free_type_part4_20260310_223921
167198971833,e,press,p01,p01_free_type_part4_20260310_223921
167279349791,e,release,p01,p01_free_type_part4_20260310_223921
167406908166,space,press,p01,p01_free_type_part4_20260310_223921
167483333333,space,release,p01,p01_free_type_part4_20260310_223921
168418994208,5,press,p01,p01_free_type_part4_20260310_223921
168483364833,5,release,p01,p01_free_type_part4_20260310_223921
168860074791,0,press,p01,p01_free_type_part4_20260310_223921
168912219166,0,release,p01,p01_free_type_part4_20260310_223921
169092966125,3,press,p01,p01_free_type_part4_20260310_223921
169165535208,3,release,p01,p01_free_type_part4_20260310_223921
169306986500,space,press,p01,p01_free_type_part4_20260310_223921
169359112041,space,release,p01,p01_free_type_part4_20260310_223921
169935096666,t,press,p01,p01_free_type_part4_20260310_223921
169987784916,t,release,p01,p01_free_type_part4_20260310_223921
170319891208,w,press,p01,p01_free_type_part4_20260310_223921
170400340791,w,release,p01,p01_free_type_part4_20260310_223921
170442973458,i,press,p01,p01_free_type_part4_20260310_223921
170491222416,i,release,p01,p01_free_type_part4_20260310_223921
170624886541,c,press,p01,p01_free_type_part4_20260310_223921
170653268875,c,release,p01,p01_free_type_part4_20260310_223921
170844401333,e,press,p01,p01_free_type_part4_20260310_223921
170892831458,e,release,p01,p01_free_type_part4_20260310_223921
170998853333,space,press,p01,p01_free_type_part4_20260310_223921
171071271833,space,release,p01,p01_free_type_part4_20260310_223921
171766326583,t,press,p01,p01_free_type_part4_20260310_223921
171822173458,t,release,p01,p01_free_type_part4_20260310_223921
171976901333,o,press,p01,p01_free_type_part4_20260310_223921
172045188125,o,release,p01,p01_free_type_part4_20260310_223921
172092674791,d,press,p01,p01_free_type_part4_20260310_223921
172177279125,d,release,p01,p01_free_type_part4_20260310_223921
172348761916,a,press,p01,p01_free_type_part4_20260310_223921
172429304333,a,release,p01,p01_free_type_part4_20260310_223921
172461642791,y,press,p01,p01_free_type_part4_20260310_223921
172514092333,y,release,p01,p01_free_type_part4_20260310_223921
172988007958,enter,press,p01,p01_free_type_part4_20260310_223921
173036244208,enter,release,p01,p01_free_type_part4_20260310_223921
175439035250,d,press,p01,p01_free_type_part4_20260310_223921
175515328000,d,release,p01,p01_free_type_part4_20260310_223921
175613874708,e,press,p01,p01_free_type_part4_20260310_223921
175669909958,e,release,p01,p01_free_type_part4_20260310_223921
175880814083,v,press,p01,p01_free_type_part4_20260310_223921
175933165541,v,release,p01,p01_free_type_part4_20260310_223921
176042902708,i,press,p01,p01_free_type_part4_20260310_223921
176111260250,i,release,p01,p01_free_type_part4_20260310_223921
176182020166,c,press,p01,p01_free_type_part4_20260310_223921
176229502750,c,release,p01,p01_free_type_part4_20260310_223921
176355713291,e,press,p01,p01_free_type_part4_20260310_223921
176428245583,e,release,p01,p01_free_type_part4_20260310_223921
176520814791,space,press,p01,p01_free_type_part4_20260310_223921
176593245250,space,release,p01,p01_free_type_part4_20260310_223921
176939363083,1,press,p01,p01_free_type_part4_20260310_223921
177007247583,1,release,p01,p01_free_type_part4_20260310_223921
177150615291,9,press,p01,p01_free_type_part4_20260310_223921
177199262541,9,release,p01,p01_free_type_part4_20260310_223921
177374815208,space,press,p01,p01_free_type_part4_20260310_223921
177431208375,space,release,p01,p01_free_type_part4_20260310_223921
177851625583,r,press,p01,p01_free_type_part4_20260310_223921
177932266333,r,release,p01,p01_free_type_part4_20260310_223921
178036716708,e,press,p01,p01_free_type_part4_20260310_223921
178108967416,e,release,p01,p01_free_type_part4_20260310_223921
178242555625,p,press,p01,p01_free_type_part4_20260310_223921
178303140166,p,release,p01,p01_free_type_part4_20260310_223921
178422724208,o,press,p01,p01_free_type_part4_20260310_223921
178475165083,o,release,p01,p01_free_type_part4_20260310_223921
178666689833,r,press,p01,p01_free_type_part4_20260310_223921
178743180625,r,release,p01,p01_free_type_part4_20260310_223921
178879681500,t,press,p01,p01_free_type_part4_20260310_223921
178936328625,t,release,p01,p01_free_type_part4_20260310_223921
179084670500,e,press,p01,p01_free_type_part4_20260310_223921
179117221833,e,release,p01,p01_free_type_part4_20260310_223921
179352661500,d,press,p01,p01_free_type_part4_20260310_223921
179437374166,d,release,p01,p01_free_type_part4_20260310_223921
179604735166,space,press,p01,p01_free_type_part4_20260310_223921
179673085916,space,release,p01,p01_free_type_part4_20260310_223921
180114720583,e,press,p01,p01_free_type_part4_20260310_223921
180175051958,e,release,p01,p01_free_type_part4_20260310_223921
180423663916,r,press,p01,p01_free_type_part4_20260310_223921
180484045750,r,release,p01,p01_free_type_part4_20260310_223921
180547671541,r,press,p01,p01_free_type_part4_20260310_223921
180619992958,r,release,p01,p01_free_type_part4_20260310_223921
180706678333,o,press,p01,p01_free_type_part4_20260310_223921
180763009041,o,release,p01,p01_free_type_part4_20260310_223921
180873904958,e,press,p01,p01_free_type_part4_20260310_223921
180949922666,e,release,p01,p01_free_type_part4_20260310_223921
181269636291,space,press,p01,p01_free_type_part4_20260310_223921
181354570458,space,release,p01,p01_free_type_part4_20260310_223921
181936817250,c,press,p01,p01_free_type_part4_20260310_223921
182013155916,c,release,p01,p01_free_type_part4_20260310_223921
182127585125,o,press,p01,p01_free_type_part4_20260310_223921
182175895333,o,release,p01,p01_free_type_part4_20260310_223921
182318794625,d,press,p01,p01_free_type_part4_20260310_223921
182390992958,d,release,p01,p01_free_type_part4_20260310_223921
182528610916,e,press,p01,p01_free_type_part4_20260310_223921
182593026791,e,release,p01,p01_free_type_part4_20260310_223921
182718490083,space,press,p01,p01_free_type_part4_20260310_223921
182791102541,space,release,p01,p01_free_type_part4_20260310_223921
183634690625,5,press,p01,p01_free_type_part4_20260310_223921
183703044625,5,release,p01,p01_free_type_part4_20260310_223921
184180539125,0,press,p01,p01_free_type_part4_20260310_223921
184217160500,0,release,p01,p01_free_type_part4_20260310_223921
184319733625,3,press,p01,p01_free_type_part4_20260310_223921
184371574458,3,release,p01,p01_free_type_part4_20260310_223921
185046630291,space,press,p01,p01_free_type_part4_20260310_223921
185114674166,space,release,p01,p01_free_type_part4_20260310_223921
185442769666,t,press,p01,p01_free_type_part4_20260310_223921
185506999583,t,release,p01,p01_free_type_part4_20260310_223921
186848727166,w,press,p01,p01_free_type_part4_20260310_223921
186925897541,w,release,p01,p01_free_type_part4_20260310_223921
186967345541,i,press,p01,p01_free_type_part4_20260310_223921
187024062541,i,release,p01,p01_free_type_part4_20260310_223921
187108539333,c,press,p01,p01_free_type_part4_20260310_223921
187197010333,c,release,p01,p01_free_type_part4_20260310_223921
187360671666,e,press,p01,p01_free_type_part4_20260310_223921
187440772125,e,release,p01,p01_free_type_part4_20260310_223921
187556452541,space,press,p01,p01_free_type_part4_20260310_223921
187616618583,space,release,p01,p01_free_type_part4_20260310_223921
188557600375,t,press,p01,p01_free_type_part4_20260310_223921
188614008458,t,release,p01,p01_free_type_part4_20260310_223921
188885631416,o,press,p01,p01_free_type_part4_20260310_223921
188950022083,o,release,p01,p01_free_type_part4_20260310_223921
189077169458,a,press,p01,p01_free_type_part4_20260310_223921
189160870208,a,release,p01,p01_free_type_part4_20260310_223921
189230430041,d,press,p01,p01_free_type_part4_20260310_223921
189326895833,d,release,p01,p01_free_type_part4_20260310_223921
189396464250,y,press,p01,p01_free_type_part4_20260310_223921
189448837458,y,release,p01,p01_free_type_part4_20260310_223921
189935569041,enter,press,p01,p01_free_type_part4_20260310_223921
189972560041,enter,release,p01,p01_free_type_part4_20260310_223921
198049753083,d,press,p01,p01_free_type_part4_20260310_223921
198141781250,d,release,p01,p01_free_type_part4_20260310_223921
198254522458,e,press,p01,p01_free_type_part4_20260310_223921
198326701916,e,release,p01,p01_free_type_part4_20260310_223921
198481287125,v,press,p01,p01_free_type_part4_20260310_223921
198565752791,v,release,p01,p01_free_type_part4_20260310_223921
198621323750,i,press,p01,p01_free_type_part4_20260310_223921
198677530791,i,release,p01,p01_free_type_part4_20260310_223921
198783195416,c,press,p01,p01_free_type_part4_20260310_223921
198867774666,c,release,p01,p01_free_type_part4_20260310_223921
198953067666,e,press,p01,p01_free_type_part4_20260310_223921
199025746208,e,release,p01,p01_free_type_part4_20260310_223921
199130189375,space,press,p01,p01_free_type_part4_20260310_223921
199190562208,space,release,p01,p01_free_type_part4_20260310_223921
199543347875,1,press,p01,p01_free_type_part4_20260310_223921
199635417833,1,release,p01,p01_free_type_part4_20260310_223921
199680305291,9,press,p01,p01_free_type_part4_20260310_223921
199732667541,9,release,p01,p01_free_type_part4_20260310_223921
199910267875,space,press,p01,p01_free_type_part4_20260310_223921
199990673583,space,release,p01,p01_free_type_part4_20260310_223921
200369427291,r,press,p01,p01_free_type_part4_20260310_223921
200433710458,r,release,p01,p01_free_type_part4_20260310_223921
200530326583,e,press,p01,p01_free_type_part4_20260310_223921
200610702416,e,release,p01,p01_free_type_part4_20260310_223921
200762264875,p,press,p01,p01_free_type_part4_20260310_223921
200818810416,p,release,p01,p01_free_type_part4_20260310_223921
200944229916,o,press,p01,p01_free_type_part4_20260310_223921
200992596958,o,release,p01,p01_free_type_part4_20260310_223921
201213171458,r,press,p01,p01_free_type_part4_20260310_223921
201289524000,r,release,p01,p01_free_type_part4_20260310_223921
201828315000,t,press,p01,p01_free_type_part4_20260310_223921
201880226916,t,release,p01,p01_free_type_part4_20260310_223921
202039211250,e,press,p01,p01_free_type_part4_20260310_223921
202127439625,e,release,p01,p01_free_type_part4_20260310_223921
202241271458,d,press,p01,p01_free_type_part4_20260310_223921
202301469250,d,release,p01,p01_free_type_part4_20260310_223921
202609312875,space,press,p01,p01_free_type_part4_20260310_223921
202657740708,space,release,p01,p01_free_type_part4_20260310_223921
202999117041,e,press,p01,p01_free_type_part4_20260310_223921
203084180416,e,release,p01,p01_free_type_part4_20260310_223921
203322051291,r,press,p01,p01_free_type_part4_20260310_223921
203402688166,r,release,p01,p01_free_type_part4_20260310_223921
203456824083,r,press,p01,p01_free_type_part4_20260310_223921
203549599958,r,release,p01,p01_free_type_part4_20260310_223921
203638033000,o,press,p01,p01_free_type_part4_20260310_223921
203686609666,o,release,p01,p01_free_type_part4_20260310_223921
203996108875,r,press,p01,p01_free_type_part4_20260310_223921
204064567250,r,release,p01,p01_free_type_part4_20260310_223921
204548175041,space,press,p01,p01_free_type_part4_20260310_223921
204620437708,space,release,p01,p01_free_type_part4_20260310_223921
204827208375,c,press,p01,p01_free_type_part4_20260310_223921
204931478833,c,release,p01,p01_free_type_part4_20260310_223921
204984181208,o,press,p01,p01_free_type_part4_20260310_223921
205040528500,o,release,p01,p01_free_type_part4_20260310_223921
205170271875,d,press,p01,p01_free_type_part4_20260310_223921
205251559416,d,release,p01,p01_free_type_part4_20260310_223921
205405193583,e,press,p01,p01_free_type_part4_20260310_223921
205489109708,e,release,p01,p01_free_type_part4_20260310_223921
205897174833,space,press,p01,p01_free_type_part4_20260310_223921
205981855041,space,release,p01,p01_free_type_part4_20260310_223921
206613156958,5,press,p01,p01_free_type_part4_20260310_223921
206669638916,5,release,p01,p01_free_type_part4_20260310_223921
207106129875,0,press,p01,p01_free_type_part4_20260310_223921
207158638083,0,release,p01,p01_free_type_part4_20260310_223921
207323041333,3,press,p01,p01_free_type_part4_20260310_223921
207395580875,3,release,p01,p01_free_type_part4_20260310_223921
208245108500,space,press,p01,p01_free_type_part4_20260310_223921
208313543625,space,release,p01,p01_free_type_part4_20260310_223921
208676233208,t,press,p01,p01_free_type_part4_20260310_223921
208732661875,t,release,p01,p01_free_type_part4_20260310_223921
209253160541,w,press,p01,p01_free_type_part4_20260310_223921
209329768250,w,release,p01,p01_free_type_part4_20260310_223921
209383980250,i,press,p01,p01_free_type_part4_20260310_223921
209448258125,i,release,p01,p01_free_type_part4_20260310_223921
209593170458,c,press,p01,p01_free_type_part4_20260310_223921
209653545083,c,release,p01,p01_free_type_part4_20260310_223921
209842089875,e,press,p01,p01_free_type_part4_20260310_223921
209906601250,e,release,p01,p01_free_type_part4_20260310_223921
211105502458,space,press,p01,p01_free_type_part4_20260310_223921
211173371000,space,release,p01,p01_free_type_part4_20260310_223921
211505148583,t,press,p01,p01_free_type_part4_20260310_223921
211565596166,t,release,p01,p01_free_type_part4_20260310_223921
211731617458,o,press,p01,p01_free_type_part4_20260310_223921
211795741125,o,release,p01,p01_free_type_part4_20260310_223921
211904995166,d,press,p01,p01_free_type_part4_20260310_223921
211989051041,d,release,p01,p01_free_type_part4_20260310_223921
212112062166,a,press,p01,p01_free_type_part4_20260310_223921
212200274875,a,release,p01,p01_free_type_part4_20260310_223921
212224973875,y,press,p01,p01_free_type_part4_20260310_223921
212269576708,y,release,p01,p01_free_type_part4_20260310_223921
212680971625,enter,press,p01,p01_free_type_part4_20260310_223921
212713564500,enter,release,p01,p01_free_type_part4_20260310_223921
213889090708,s,press,p01,p01_free_type_part4_20260310_223921
213965362541,s,release,p01,p01_free_type_part4_20260310_223921
214123022750,e,press,p01,p01_free_type_part4_20260310_223921
214187312541,e,release,p01,p01_free_type_part4_20260310_223921
214307978583,t,press,p01,p01_free_type_part4_20260310_223921
214364373708,t,release,p01,p01_free_type_part4_20260310_223921
214511977291,space,press,p01,p01_free_type_part4_20260310_223921
214580255041,space,release,p01,p01_free_type_part4_20260310_223921
215163031208,r,press,p01,p01_free_type_part4_20260310_223921
215239304208,r,release,p01,p01_free_type_part4_20260310_223921
215327802125,e,press,p01,p01_free_type_part4_20260310_223921
215404296541,e,release,p01,p01_free_type_part4_20260310_223921
215519917666,m,press,p01,p01_free_type_part4_20260310_223921
215592358583,m,release,p01,p01_free_type_part4_20260310_223921
215726016458,i,press,p01,p01_free_type_part4_20260310_223921
215766427833,i,release,p01,p01_free_type_part4_20260310_223921
215901887791,n,press,p01,p01_free_type_part4_20260310_223921
215954586916,n,release,p01,p01_free_type_part4_20260310_223921
216218078458,d,press,p01,p01_free_type_part4_20260310_223921
216286328916,d,release,p01,p01_free_type_part4_20260310_223921
216437918958,e,press,p01,p01_free_type_part4_20260310_223921
216510181208,e,release,p01,p01_free_type_part4_20260310_223921
216678001000,r,press,p01,p01_free_type_part4_20260310_223921
216734185875,r,release,p01,p01_free_type_part4_20260310_223921
217027021583,space,press,p01,p01_free_type_part4_20260310_223921
217075299458,space,release,p01,p01_free_type_part4_20260310_223921
217470882291,3,press,p01,p01_free_type_part4_20260310_223921
217543359916,3,release,p01,p01_free_type_part4_20260310_223921
217674975625,0,press,p01,p01_free_type_part4_20260310_223921
217731369625,0,release,p01,p01_free_type_part4_20260310_223921
217878107250,space,press,p01,p01_free_type_part4_20260310_223921
217934225375,space,release,p01,p01_free_type_part4_20260310_223921
218232496625,m,press,p01,p01_free_type_part4_20260310_223921
218301427041,m,release,p01,p01_free_type_part4_20260310_223921
218438969875,i,press,p01,p01_free_type_part4_20260310_223921
218483426125,i,release,p01,p01_free_type_part4_20260310_223921
218595080541,n,press,p01,p01_free_type_part4_20260310_223921
218647251833,n,release,p01,p01_free_type_part4_20260310_223921
218790951125,u,press,p01,p01_free_type_part4_20260310_223921
218842900916,u,release,p01,p01_free_type_part4_20260310_223921
219232325291,t,press,p01,p01_free_type_part4_20260310_223921
219297203125,t,release,p01,p01_free_type_part4_20260310_223921
219592815958,e,press,p01,p01_free_type_part4_20260310_223921
219673160375,e,release,p01,p01_free_type_part4_20260310_223921
219803034291,s,press,p01,p01_free_type_part4_20260310_223921
219899193833,s,release,p01,p01_free_type_part4_20260310_223921
220181036083,space,press,p01,p01_free_type_part4_20260310_223921
220233121708,space,release,p01,p01_free_type_part4_20260310_223921
220874992583,b,press,p01,p01_free_type_part4_20260310_223921
220923443333,b,release,p01,p01_free_type_part4_20260310_223921
221902992875,e,press,p01,p01_free_type_part4_20260310_223921
221979261083,e,release,p01,p01_free_type_part4_20260310_223921
222224827833,f,press,p01,p01_free_type_part4_20260310_223921
222301258833,f,release,p01,p01_free_type_part4_20260310_223921
222393739750,o,press,p01,p01_free_type_part4_20260310_223921
222446110041,o,release,p01,p01_free_type_part4_20260310_223921
222583156541,r,press,p01,p01_free_type_part4_20260310_223921
222639298000,r,release,p01,p01_free_type_part4_20260310_223921
222761816166,e,press,p01,p01_free_type_part4_20260310_223921
222842072541,e,release,p01,p01_free_type_part4_20260310_223921
223095690000,space,press,p01,p01_free_type_part4_20260310_223921
223168166333,space,release,p01,p01_free_type_part4_20260310_223921
223461697750,t,press,p01,p01_free_type_part4_20260310_223921
223522191833,t,release,p01,p01_free_type_part4_20260310_223921
223649718250,h,press,p01,p01_free_type_part4_20260310_223921
223722224250,h,release,p01,p01_free_type_part4_20260310_223921
223797869833,e,press,p01,p01_free_type_part4_20260310_223921
223862311541,e,release,p01,p01_free_type_part4_20260310_223921
224008902958,space,press,p01,p01_free_type_part4_20260310_223921
224060494375,space,release,p01,p01_free_type_part4_20260310_223921
224625859375,6,press,p01,p01_free_type_part4_20260310_223921
224678216541,6,release,p01,p01_free_type_part4_20260310_223921
224856684375,space,press,p01,p01_free_type_part4_20260310_223921
224905141458,space,release,p01,p01_free_type_part4_20260310_223921
225443862083,p,press,p01,p01_free_type_part4_20260310_223921
225496228958,p,release,p01,p01_free_type_part4_20260310_223921
225665694166,m,press,p01,p01_free_type_part4_20260310_223921
225718208375,m,release,p01,p01_free_type_part4_20260310_223921
225940644083,space,press,p01,p01_free_type_part4_20260310_223921
225969436583,space,release,p01,p01_free_type_part4_20260310_223921
226269791583,c,press,p01,p01_free_type_part4_20260310_223921
226346249000,c,release,p01,p01_free_type_part4_20260310_223921
226425819416,a,press,p01,p01_free_type_part4_20260310_223921
226506038208,a,release,p01,p01_free_type_part4_20260310_223921
226548533166,l,press,p01,p01_free_type_part4_20260310_223921
226593143333,l,release,p01,p01_free_type_part4_20260310_223921
226673838791,l,press,p01,p01_free_type_part4_20260310_223921
226725960833,l,release,p01,p01_free_type_part4_20260310_223921
227139753500,enter,press,p01,p01_free_type_part4_20260310_223921
227180105833,enter,release,p01,p01_free_type_part4_20260310_223921
228701000083,o,press,p01,p01_free_type_part4_20260310_223921
228749088916,o,release,p01,p01_free_type_part4_20260310_223921
229005318708,r,press,p01,p01_free_type_part4_20260310_223921
229077851500,r,release,p01,p01_free_type_part4_20260310_223921
229207722166,d,press,p01,p01_free_type_part4_20260310_223921
229292040416,d,release,p01,p01_free_type_part4_20260310_223921
229394606750,e,press,p01,p01_free_type_part4_20260310_223921
229482905000,e,release,p01,p01_free_type_part4_20260310_223921
229603584541,r,press,p01,p01_free_type_part4_20260310_223921
229656121708,r,release,p01,p01_free_type_part4_20260310_223921
229833638375,space,press,p01,p01_free_type_part4_20260310_223921
229897878958,space,release,p01,p01_free_type_part4_20260310_223921
230440683583,4,press,p01,p01_free_type_part4_20260310_223921
230492992375,4,release,p01,p01_free_type_part4_20260310_223921
230542543708,4,press,p01,p01_free_type_part4_20260310_223921
230635045375,4,release,p01,p01_free_type_part4_20260310_223921
230783756791,0,press,p01,p01_free_type_part4_20260310_223921
230819557833,0,release,p01,p01_free_type_part4_20260310_223921
230973836708,9,press,p01,p01_free_type_part4_20260310_223921
231022073750,9,release,p01,p01_free_type_part4_20260310_223921
231273725375,space,press,p01,p01_free_type_part4_20260310_223921
231338017291,space,release,p01,p01_free_type_part4_20260310_223921
231802820333,i,press,p01,p01_free_type_part4_20260310_223921
231855544541,i,release,p01,p01_free_type_part4_20260310_223921
231965685833,n,press,p01,p01_free_type_part4_20260310_223921
232010486500,n,release,p01,p01_free_type_part4_20260310_223921
232197619958,c,press,p01,p01_free_type_part4_20260310_223921
232258117666,c,release,p01,p01_free_type_part4_20260310_223921
232277173708,l,press,p01,p01_free_type_part4_20260310_223921
232346060375,l,release,p01,p01_free_type_part4_20260310_223921
232514645625,u,press,p01,p01_free_type_part4_20260310_223921
232567083958,u,release,p01,p01_free_type_part4_20260310_223921
232747667250,d,press,p01,p01_free_type_part4_20260310_223921
232832001833,d,release,p01,p01_free_type_part4_20260310_223921
232926425666,e,press,p01,p01_free_type_part4_20260310_223921
232991098083,e,release,p01,p01_free_type_part4_20260310_223921
233135632958,s,press,p01,p01_free_type_part4_20260310_223921
233211900666,s,release,p01,p01_free_type_part4_20260310_223921
233497041083,space,press,p01,p01_free_type_part4_20260310_223921
233593092416,space,release,p01,p01_free_type_part4_20260310_223921
233742647250,2,press,p01,p01_free_type_part4_20260310_223921
233814915416,2,release,p01,p01_free_type_part4_20260310_223921
233938432375,space,press,p01,p01_free_type_part4_20260310_223921
234014962125,space,release,p01,p01_free_type_part4_20260310_223921
234342819750,c,press,p01,p01_free_type_part4_20260310_223921
234430920916,c,release,p01,p01_free_type_part4_20260310_223921
234703780791,a,press,p01,p01_free_type_part4_20260310_223921
234772025416,a,release,p01,p01_free_type_part4_20260310_223921
235089938500,b,press,p01,p01_free_type_part4_20260310_223921
235142790875,b,release,p01,p01_free_type_part4_20260310_223921
235348444583,l,press,p01,p01_free_type_part4_20260310_223921
235416660875,l,release,p01,p01_free_type_part4_20260310_223921
235468280416,e,press,p01,p01_free_type_part4_20260310_223921
235556790375,e,release,p01,p01_free_type_part4_20260310_223921
235686606916,s,press,p01,p01_free_type_part4_20260310_223921
235758861125,s,release,p01,p01_free_type_part4_20260310_223921
236073616208,space,press,p01,p01_free_type_part4_20260310_223921
236145958958,space,release,p01,p01_free_type_part4_20260310_223921
236275571000,a,press,p01,p01_free_type_part4_20260310_223921
236360060125,a,release,p01,p01_free_type_part4_20260310_223921
236387345916,n,press,p01,p01_free_type_part4_20260310_223921
236443944250,n,release,p01,p01_free_type_part4_20260310_223921
236569616875,d,press,p01,p01_free_type_part4_20260310_223921
236629885166,d,release,p01,p01_free_type_part4_20260310_223921
236732396166,space,press,p01,p01_free_type_part4_20260310_223921
236813272458,space,release,p01,p01_free_type_part4_20260310_223921
237000354833,1,press,p01,p01_free_type_part4_20260310_223921
237053003708,1,release,p01,p01_free_type_part4_20260310_223921
237230415375,space,press,p01,p01_free_type_part4_20260310_223921
237290944750,space,release,p01,p01_free_type_part4_20260310_223921
237740792333,a,press,p01,p01_free_type_part4_20260310_223921
237844789291,a,release,p01,p01_free_type_part4_20260310_223921
237985193500,d,press,p01,p01_free_type_part4_20260310_223921
238064404125,d,release,p01,p01_free_type_part4_20260310_223921
238108618833,a,press,p01,p01_free_type_part4_20260310_223921
238208689583,a,release,p01,p01_free_type_part4_20260310_223921
239322667583,p,press,p01,p01_free_type_part4_20260310_223921
239379410750,p,release,p01,p01_free_type_part4_20260310_223921
239624485541,t,press,p01,p01_free_type_part4_20260310_223921
239668879875,t,release,p01,p01_free_type_part4_20260310_223921
239759446083,e,press,p01,p01_free_type_part4_20260310_223921
239847768875,e,release,p01,p01_free_type_part4_20260310_223921
239982326500,r,press,p01,p01_free_type_part4_20260310_223921
240050701708,r,release,p01,p01_free_type_part4_20260310_223921
240180371958,enter,press,p01,p01_free_type_part4_20260310_223921
240240275791,enter,release,p01,p01_free_type_part4_20260310_223921
241557556666,m,press,p01,p01_free_type_part4_20260310_223921
241661784333,m,release,p01,p01_free_type_part4_20260310_223921
241854412958,y,press,p01,p01_free_type_part4_20260310_223921
241902973791,y,release,p01,p01_free_type_part4_20260310_223921
242003466208,space,press,p01,p01_free_type_part4_20260310_223921
242063905916,space,release,p01,p01_free_type_part4_20260310_223921
242248499208,p,press,p01,p01_free_type_part4_20260310_223921
242320909666,p,release,p01,p01_free_type_part4_20260310_223921
242352956208,a,press,p01,p01_free_type_part4_20260310_223921
242429795750,a,release,p01,p01_free_type_part4_20260310_223921
242878350375,c,press,p01,p01_free_type_part4_20260310_223921
242946586875,c,release,p01,p01_free_type_part4_20260310_223921
242958026500,k,press,p01,p01_free_type_part4_20260310_223921
243026867875,k,release,p01,p01_free_type_part4_20260310_223921
243516448416,a,press,p01,p01_free_type_part4_20260310_223921
243580454875,a,release,p01,p01_free_type_part4_20260310_223921
243656326250,g,press,p01,p01_free_type_part4_20260310_223921
243708764541,g,release,p01,p01_free_type_part4_20260310_223921
243840266541,e,press,p01,p01_free_type_part4_20260310_223921
243920750125,e,release,p01,p01_free_type_part4_20260310_223921
244065274708,space,press,p01,p01_free_type_part4_20260310_223921
244121786625,space,release,p01,p01_free_type_part4_20260310_223921
244287266750,a,press,p01,p01_free_type_part4_20260310_223921
244339904916,a,release,p01,p01_free_type_part4_20260310_223921
244541492916,r,press,p01,p01_free_type_part4_20260310_223921
244597615250,r,release,p01,p01_free_type_part4_20260310_223921
244873418458,r,press,p01,p01_free_type_part4_20260310_223921
244953712041,r,release,p01,p01_free_type_part4_20260310_223921
245099306583,i,press,p01,p01_free_type_part4_20260310_223921
245152876125,i,release,p01,p01_free_type_part4_20260310_223921
245578099875,v,press,p01,p01_free_type_part4_20260310_223921
245637655125,v,release,p01,p01_free_type_part4_20260310_223921
245777498250,e,press,p01,p01_free_type_part4_20260310_223921
245841932458,e,release,p01,p01_free_type_part4_20260310_223921
246001345208,d,press,p01,p01_free_type_part4_20260310_223921
246077746916,d,release,p01,p01_free_type_part4_20260310_223921
246341244083,space,press,p01,p01_free_type_part4_20260310_223921
246397627958,space,release,p01,p01_free_type_part4_20260310_223921
246588255916,o,press,p01,p01_free_type_part4_20260310_223921
246656752333,o,release,p01,p01_free_type_part4_20260310_223921
246830279541,n,press,p01,p01_free_type_part4_20260310_223921
246890800625,n,release,p01,p01_free_type_part4_20260310_223921
247384304916,space,press,p01,p01_free_type_part4_20260310_223921
247432775333,space,release,p01,p01_free_type_part4_20260310_223921
247836313083,a,press,p01,p01_free_type_part4_20260310_223921
247904647416,a,release,p01,p01_free_type_part4_20260310_223921
248102264791,p,press,p01,p01_free_type_part4_20260310_223921
248150571750,p,release,p01,p01_free_type_part4_20260310_223921
248331302833,r,press,p01,p01_free_type_part4_20260310_223921
248415440416,r,release,p01,p01_free_type_part4_20260310_223921
248441571333,i,press,p01,p01_free_type_part4_20260310_223921
248493643041,i,release,p01,p01_free_type_part4_20260310_223921
248665328875,l,press,p01,p01_free_type_part4_20260310_223921
248725603750,l,release,p01,p01_free_type_part4_20260310_223921
249186380375,space,press,p01,p01_free_type_part4_20260310_223921
249270338750,space,release,p01,p01_free_type_part4_20260310_223921
249449192208,3,press,p01,p01_free_type_part4_20260310_223921
249497624666,3,release,p01,p01_free_type_part4_20260310_223921
249689142916,space,press,p01,p01_free_type_part4_20260310_223921
249766019208,space,release,p01,p01_free_type_part4_20260310_223921
249983241000,a,press,p01,p01_free_type_part4_20260310_223921
250071704166,a,release,p01,p01_free_type_part4_20260310_223921
250192405041,t,press,p01,p01_free_type_part4_20260310_223921
250240638416,t,release,p01,p01_free_type_part4_20260310_223921
250427182250,space,press,p01,p01_free_type_part4_20260310_223921
250491471541,space,release,p01,p01_free_type_part4_20260310_223921
251098358666,9,press,p01,p01_free_type_part4_20260310_223921
251142760500,9,release,p01,p01_free_type_part4_20260310_223921
251298214583,space,press,p01,p01_free_type_part4_20260310_223921
251374766750,space,release,p01,p01_free_type_part4_20260310_223921
251600660083,2,press,p01,p01_free_type_part4_20260310_223921
251676768208,2,release,p01,p01_free_type_part4_20260310_223921
251707799458,0,press,p01,p01_free_type_part4_20260310_223921
251764645458,0,release,p01,p01_free_type_part4_20260310_223921
251930133791,space,press,p01,p01_free_type_part4_20260310_223921
251994658458,space,release,p01,p01_free_type_part4_20260310_223921
252137174750,a,press,p01,p01_free_type_part4_20260310_223921
252229627500,a,release,p01,p01_free_type_part4_20260310_223921
252367326416,m,press,p01,p01_free_type_part4_20260310_223921
252423634125,m,release,p01,p01_free_type_part4_20260310_223921
253692150708,enter,press,p01,p01_free_type_part4_20260310_223921
253740046291,enter,release,p01,p01_free_type_part4_20260310_223921
254911276166,p,press,p01,p01_free_type_part4_20260310_223921
254951358958,p,release,p01,p01_free_type_part4_20260310_223921
255102286833,l,press,p01,p01_free_type_part4_20260310_223921
255146537791,l,release,p01,p01_free_type_part4_20260310_223921
255417793458,e,press,p01,p01_free_type_part4_20260310_223921
255498777500,e,release,p01,p01_free_type_part4_20260310_223921
255653039791,a,press,p01,p01_free_type_part4_20260310_223921
255729476625,a,release,p01,p01_free_type_part4_20260310_223921
255811252000,s,press,p01,p01_free_type_part4_20260310_223921
255887340791,s,release,p01,p01_free_type_part4_20260310_223921
256010258166,e,press,p01,p01_free_type_part4_20260310_223921
256078391625,e,release,p01,p01_free_type_part4_20260310_223921
256211249000,space,press,p01,p01_free_type_part4_20260310_223921
256279716750,space,release,p01,p01_free_type_part4_20260310_223921
256663237000,a,press,p01,p01_free_type_part4_20260310_223921
256727550333,a,release,p01,p01_free_type_part4_20260310_223921
256978131583,r,press,p01,p01_free_type_part4_20260310_223921
257030427583,r,release,p01,p01_free_type_part4_20260310_223921
257442118708,c,press,p01,p01_free_type_part4_20260310_223921
257522410041,c,release,p01,p01_free_type_part4_20260310_223921
257652509458,h,press,p01,p01_free_type_part4_20260310_223921
257713597416,h,release,p01,p01_free_type_part4_20260310_223921
257803747583,i,press,p01,p01_free_type_part4_20260310_223921
257851502625,i,release,p01,p01_free_type_part4_20260310_223921
258061926583,v,press,p01,p01_free_type_part4_20260310_223921
258110585750,v,release,p01,p01_free_type_part4_20260310_223921
258232153291,e,press,p01,p01_free_type_part4_20260310_223921
258308494583,e,release,p01,p01_free_type_part4_20260310_223921
258488957333,space,press,p01,p01_free_type_part4_20260310_223921
258549509708,space,release,p01,p01_free_type_part4_20260310_223921
259036176166,l,press,p01,p01_free_type_part4_20260310_223921
259084347333,l,release,p01,p01_free_type_part4_20260310_223921
259186896791,o,press,p01,p01_free_type_part4_20260310_223921
259231429500,o,release,p01,p01_free_type_part4_20260310_223921
259500051583,g,press,p01,p01_free_type_part4_20260310_223921
259544421250,g,release,p01,p01_free_type_part4_20260310_223921
260066093875,space,press,p01,p01_free_type_part4_20260310_223921
260134533375,space,release,p01,p01_free_type_part4_20260310_223921
260387876375,f,press,p01,p01_free_type_part4_20260310_223921
260468561708,f,release,p01,p01_free_type_part4_20260310_223921
260931128416,o,press,p01,p01_free_type_part4_20260310_223921
260975424250,o,release,p01,p01_free_type_part4_20260310_223921
261180176500,l,press,p01,p01_free_type_part4_20260310_223921
261232402625,l,release,p01,p01_free_type_part4_20260310_223921
261575108458,d,press,p01,p01_free_type_part4_20260310_223921
261643496916,d,release,p01,p01_free_type_part4_20260310_223921
261978879416,e,press,p01,p01_free_type_part4_20260310_223921
262083268333,e,release,p01,p01_free_type_part4_20260310_223921
262271960416,r,press,p01,p01_free_type_part4_20260310_223921
262332270791,r,release,p01,p01_free_type_part4_20260310_223921
262641086083,space,press,p01,p01_free_type_part4_20260310_223921
262701182666,space,release,p01,p01_free_type_part4_20260310_223921
263252988500,7,press,p01,p01_free_type_part4_20260310_223921
263313260958,7,release,p01,p01_free_type_part4_20260310_223921
263407881958,space,press,p01,p01_free_type_part4_20260310_223921
263492163041,space,release,p01,p01_free_type_part4_20260310_223921
263832937708,b,press,p01,p01_free_type_part4_20260310_223921
263877419833,b,release,p01,p01_free_type_part4_20260310_223921
264084965458,e,press,p01,p01_free_type_part4_20260310_223921
264181207333,e,release,p01,p01_free_type_part4_20260310_223921
264374919208,f,press,p01,p01_free_type_part4_20260310_223921
264439198541,f,release,p01,p01_free_type_part4_20260310_223921
264522103750,o,press,p01,p01_free_type_part4_20260310_223921
264574171541,o,release,p01,p01_free_type_part4_20260310_223921
264721801541,r,press,p01,p01_free_type_part4_20260310_223921
264781763666,r,release,p01,p01_free_type_part4_20260310_223921
264883844791,e,press,p01,p01_free_type_part4_20260310_223921
264960192166,e,release,p01,p01_free_type_part4_20260310_223921
265081820250,space,press,p01,p01_free_type_part4_20260310_223921
265134275208,space,release,p01,p01_free_type_part4_20260310_223921
265391367541,j,press,p01,p01_free_type_part4_20260310_223921
265456350375,j,release,p01,p01_free_type_part4_20260310_223921
265543382250,u,press,p01,p01_free_type_part4_20260310_223921
265596451583,u,release,p01,p01_free_type_part4_20260310_223921
265734276041,n,press,p01,p01_free_type_part4_20260310_223921
265794346333,n,release,p01,p01_free_type_part4_20260310_223921
265955907791,e,press,p01,p01_free_type_part4_20260310_223921
266036126208,e,release,p01,p01_free_type_part4_20260310_223921
266278890875,space,press,p01,p01_free_type_part4_20260310_223921
266335240541,space,release,p01,p01_free_type_part4_20260310_223921
266450945375,1,press,p01,p01_free_type_part4_20260310_223921
266518821291,1,release,p01,p01_free_type_part4_20260310_223921
266879805291,enter,press,p01,p01_free_type_part4_20260310_223921
