timestamp_ns,key,event_type,participant_id,session_id
6402995125,enter,release,p01,p01_free_type_part3_20260310_222748
9735971583,v,press,p01,p01_free_type_part3_20260310_222748
9799980541,v,release,p01,p01_free_type_part3_20260310_222748
9987719666,e,press,p01,p01_free_type_part3_20260310_222748
10055913708,e,release,p01,p01_free_type_part3_20260310_222748
10247614500,r,press,p01,p01_free_type_part3_20260310_222748
10296086375,r,release,p01,p01_free_type_part3_20260310_222748
10546736375,s,press,p01,p01_free_type_part3_20260310_222748
10654887166,s,release,p01,p01_free_type_part3_20260310_222748
10692427958,i,press,p01,p01_free_type_part3_20260310_222748
10732155416,i,release,p01,p01_free_type_part3_20260310_222748
10874575166,o,press,p01,p01_free_type_part3_20260310_222748
10935046041,o,release,p01,p01_free_type_part3_20260310_222748
11118667458,n,press,p01,p01_free_type_part3_20260310_222748
11187113666,n,release,p01,p01_free_type_part3_20260310_222748
11442143708,space,press,p01,p01_free_type_part3_20260310_222748
11523070416,space,release,p01,p01_free_type_part3_20260310_222748
11645605333,2,press,p01,p01_free_type_part3_20260310_222748
11690104458,2,release,p01,p01_free_type_part3_20260310_222748
11790601500,space,press,p01,p01_free_type_part3_20260310_222748
11866482708,space,release,p01,p01_free_type_part3_20260310_222748
12178673333,p,press,p01,p01_free_type_part3_20260310_222748
12239109208,p,release,p01,p01_free_type_part3_20260310_222748
12374600500,o,press,p01,p01_free_type_part3_20260310_222748
12426904166,o,release,p01,p01_free_type_part3_20260310_222748
12617540666,i,press,p01,p01_free_type_part3_20260310_222748
12665763125,i,release,p01,p01_free_type_part3_20260310_222748
12789488125,n,press,p01,p01_free_type_part3_20260310_222748
12826003583,n,release,p01,p01_free_type_part3_20260310_222748
13453591666,t,press,p01,p01_free_type_part3_20260310_222748
13494037208,t,release,p01,p01_free_type_part3_20260310_222748
13678468625,space,press,p01,p01_free_type_part3_20260310_222748
13747013750,space,release,p01,p01_free_type_part3_20260310_222748
14366874541,0,press,p01,p01_free_type_part3_20260310_222748
14414444208,0,release,p01,p01_free_type_part3_20260310_222748
14554509791,space,press,p01,p01_free_type_part3_20260310_222748
14614926041,space,release,p01,p01_free_type_part3_20260310_222748
14715502541,w,press,p01,p01_free_type_part3_20260310_222748
14807899375,w,release,p01,p01_free_type_part3_20260310_222748
14948550375,a,press,p01,p01_free_type_part3_20260310_222748
15064884541,a,release,p01,p01_free_type_part3_20260310_222748
15355736041,s,press,p01,p01_free_type_part3_20260310_222748
15465055791,s,release,p01,p01_free_type_part3_20260310_222748
15762503583,space,press,p01,p01_free_type_part3_20260310_222748
15818864625,space,release,p01,p01_free_type_part3_20260310_222748
16111555375,r,press,p01,p01_free_type_part3_20260310_222748
16195969500,r,release,p01,p01_free_type_part3_20260310_222748
16318449083,e,press,p01,p01_free_type_part3_20260310_222748
16411042000,e,release,p01,p01_free_type_part3_20260310_222748
16562667833,l,press,p01,p01_free_type_part3_20260310_222748
16598961000,l,release,p01,p01_free_type_part3_20260310_222748
16812135500,e,press,p01,p01_free_type_part3_20260310_222748
16860037541,e,release,p01,p01_free_type_part3_20260310_222748
17008503916,a,press,p01,p01_free_type_part3_20260310_222748
17081202791,a,release,p01,p01_free_type_part3_20260310_222748
17175514958,s,press,p01,p01_free_type_part3_20260310_222748
17275877000,s,release,p01,p01_free_type_part3_20260310_222748
17652549208,e,press,p01,p01_free_type_part3_20260310_222748
17736855208,e,release,p01,p01_free_type_part3_20260310_222748
17809335333,d,press,p01,p01_free_type_part3_20260310_222748
17897865000,d,release,p01,p01_free_type_part3_20260310_222748
17990847958,space,press,p01,p01_free_type_part3_20260310_222748
18071210916,space,release,p01,p01_free_type_part3_20260310_222748
18275432166,o,press,p01,p01_free_type_part3_20260310_222748
18336108000,o,release,p01,p01_free_type_part3_20260310_222748
18504679625,n,press,p01,p01_free_type_part3_20260310_222748
18568900416,n,release,p01,p01_free_type_part3_20260310_222748
18855427125,space,press,p01,p01_free_type_part3_20260310_222748
18899757500,space,release,p01,p01_free_type_part3_20260310_222748
19304598916,o,press,p01,p01_free_type_part3_20260310_222748
19340927750,o,release,p01,p01_free_type_part3_20260310_222748
19696546125,c,press,p01,p01_free_type_part3_20260310_222748
19776825208,c,release,p01,p01_free_type_part3_20260310_222748
20102418333,t,press,p01,p01_free_type_part3_20260310_222748
20146711208,t,release,p01,p01_free_type_part3_20260310_222748
20370250166,o,press,p01,p01_free_type_part3_20260310_222748
20434713625,o,release,p01,p01_free_type_part3_20260310_222748
20600540083,b,press,p01,p01_free_type_part3_20260310_222748
20656770333,b,release,p01,p01_free_type_part3_20260310_222748
20715203291,e,press,p01,p01_free_type_part3_20260310_222748
20795792541,e,release,p01,p01_free_type_part3_20260310_222748
20987907708,r,press,p01,p01_free_type_part3_20260310_222748
21028114583,r,release,p01,p01_free_type_part3_20260310_222748
21191389000,space,press,p01,p01_free_type_part3_20260310_222748
21243677791,space,release,p01,p01_free_type_part3_20260310_222748
22017546958,1,press,p01,p01_free_type_part3_20260310_222748
22093809083,1,release,p01,p01_free_type_part3_20260310_222748
23247846250,5,press,p01,p01_free_type_part3_20260310_222748
23303908041,5,release,p01,p01_free_type_part3_20260310_222748
23879446041,enter,press,p01,p01_free_type_part3_20260310_222748
23919655000,enter,release,p01,p01_free_type_part3_20260310_222748
26888718333,t,press,p01,p01_free_type_part3_20260310_222748
26952708041,t,release,p01,p01_free_type_part3_20260310_222748
27129376250,h,press,p01,p01_free_type_part3_20260310_222748
27181747208,h,release,p01,p01_free_type_part3_20260310_222748
27272243333,e,press,p01,p01_free_type_part3_20260310_222748
27341054333,e,release,p01,p01_free_type_part3_20260310_222748
27680327375,r,press,p01,p01_free_type_part3_20260310_222748
27748629500,r,release,p01,p01_free_type_part3_20260310_222748
27867503750,e,press,p01,p01_free_type_part3_20260310_222748
27940382166,e,release,p01,p01_free_type_part3_20260310_222748
28092345750,space,press,p01,p01_free_type_part3_20260310_222748
28168570791,space,release,p01,p01_free_type_part3_20260310_222748
28323364833,a,press,p01,p01_free_type_part3_20260310_222748
28387182416,a,release,p01,p01_free_type_part3_20260310_222748
28606329333,r,press,p01,p01_free_type_part3_20260310_222748
28674615250,r,release,p01,p01_free_type_part3_20260310_222748
28785246875,e,press,p01,p01_free_type_part3_20260310_222748
28885493666,e,release,p01,p01_free_type_part3_20260310_222748
29140259125,space,press,p01,p01_free_type_part3_20260310_222748
29220636583,space,release,p01,p01_free_type_part3_20260310_222748
29452400916,e,press,p01,p01_free_type_part3_20260310_222748
29528660208,e,release,p01,p01_free_type_part3_20260310_222748
29725277416,x,press,p01,p01_free_type_part3_20260310_222748
29809622833,x,release,p01,p01_free_type_part3_20260310_222748
30016410083,a,press,p01,p01_free_type_part3_20260310_222748
30096620541,a,release,p01,p01_free_type_part3_20260310_222748
30262249708,c,press,p01,p01_free_type_part3_20260310_222748
30342613500,c,release,p01,p01_free_type_part3_20260310_222748
30442570458,t,press,p01,p01_free_type_part3_20260310_222748
30510541625,t,release,p01,p01_free_type_part3_20260310_222748
31123305083,l,press,p01,p01_free_type_part3_20260310_222748
31171656083,l,release,p01,p01_free_type_part3_20260310_222748
31482171000,y,press,p01,p01_free_type_part3_20260310_222748
31538306166,y,release,p01,p01_free_type_part3_20260310_222748
31714141708,space,press,p01,p01_free_type_part3_20260310_222748
31766712541,space,release,p01,p01_free_type_part3_20260310_222748
32243216125,3,press,p01,p01_free_type_part3_20260310_222748
32303117166,3,release,p01,p01_free_type_part3_20260310_222748
33428146166,6,press,p01,p01_free_type_part3_20260310_222748
33500707541,6,release,p01,p01_free_type_part3_20260310_222748
33875232458,5,press,p01,p01_free_type_part3_20260310_222748
33951714000,5,release,p01,p01_free_type_part3_20260310_222748
34209760041,space,press,p01,p01_free_type_part3_20260310_222748
34246555750,space,release,p01,p01_free_type_part3_20260310_222748
34443242125,d,press,p01,p01_free_type_part3_20260310_222748
34511604750,d,release,p01,p01_free_type_part3_20260310_222748
34548669125,a,press,p01,p01_free_type_part3_20260310_222748
34621324375,a,release,p01,p01_free_type_part3_20260310_222748
34848090541,y,press,p01,p01_free_type_part3_20260310_222748
34916624541,y,release,p01,p01_free_type_part3_20260310_222748
35171006833,s,press,p01,p01_free_type_part3_20260310_222748
35238110291,s,release,p01,p01_free_type_part3_20260310_222748
35419867041,space,press,p01,p01_free_type_part3_20260310_222748
35463558875,space,release,p01,p01_free_type_part3_20260310_222748
35858268166,i,press,p01,p01_free_type_part3_20260310_222748
35914322000,i,release,p01,p01_free_type_part3_20260310_222748
36104252833,n,press,p01,p01_free_type_part3_20260310_222748
36148449791,n,release,p01,p01_free_type_part3_20260310_222748
36352107791,space,press,p01,p01_free_type_part3_20260310_222748
36432296916,space,release,p01,p01_free_type_part3_20260310_222748
36494138208,a,press,p01,p01_free_type_part3_20260310_222748
36578486833,a,release,p01,p01_free_type_part3_20260310_222748
36810966625,space,press,p01,p01_free_type_part3_20260310_222748
36887379750,space,release,p01,p01_free_type_part3_20260310_222748
37278059250,r,press,p01,p01_free_type_part3_20260310_222748
37350335041,r,release,p01,p01_free_type_part3_20260310_222748
37419126208,e,press,p01,p01_free_type_part3_20260310_222748
37523493708,e,release,p01,p01_free_type_part3_20260310_222748
37700327291,g,press,p01,p01_free_type_part3_20260310_222748
37764345250,g,release,p01,p01_free_type_part3_20260310_222748
37863220416,u,press,p01,p01_free_type_part3_20260310_222748
37924375750,u,release,p01,p01_free_type_part3_20260310_222748
38399217916,l,press,p01,p01_free_type_part3_20260310_222748
38443477125,l,release,p01,p01_free_type_part3_20260310_222748
38646837083,a,press,p01,p01_free_type_part3_20260310_222748
38735558916,a,release,p01,p01_free_type_part3_20260310_222748
39006003083,r,press,p01,p01_free_type_part3_20260310_222748
39090406000,r,release,p01,p01_free_type_part3_20260310_222748
39216951750,space,press,p01,p01_free_type_part3_20260310_222748
39289367958,space,release,p01,p01_free_type_part3_20260310_222748
39583225666,y,press,p01,p01_free_type_part3_20260310_222748
39639618875,y,release,p01,p01_free_type_part3_20260310_222748
39654045375,e,press,p01,p01_free_type_part3_20260310_222748
39750869375,e,release,p01,p01_free_type_part3_20260310_222748
39897965458,a,press,p01,p01_free_type_part3_20260310_222748
39993792625,a,release,p01,p01_free_type_part3_20260310_222748
40256562291,r,press,p01,p01_free_type_part3_20260310_222748
40309591208,r,release,p01,p01_free_type_part3_20260310_222748
40759867916,enter,press,p01,p01_free_type_part3_20260310_222748
40820391083,enter,release,p01,p01_free_type_part3_20260310_222748
42912017625,t,press,p01,p01_free_type_part3_20260310_222748
42988270708,t,release,p01,p01_free_type_part3_20260310_222748
43129186083,h,press,p01,p01_free_type_part3_20260310_222748
43209314333,h,release,p01,p01_free_type_part3_20260310_222748
43263926416,e,press,p01,p01_free_type_part3_20260310_222748
43332393833,e,release,p01,p01_free_type_part3_20260310_222748
43388801000,space,press,p01,p01_free_type_part3_20260310_222748
43473196791,space,release,p01,p01_free_type_part3_20260310_222748
43694148875,l,press,p01,p01_free_type_part3_20260310_222748
43762451916,l,release,p01,p01_free_type_part3_20260310_222748
43926013583,i,press,p01,p01_free_type_part3_20260310_222748
43990297458,i,release,p01,p01_free_type_part3_20260310_222748
44174153916,b,press,p01,p01_free_type_part3_20260310_222748
44230246583,b,release,p01,p01_free_type_part3_20260310_222748
44397944333,r,press,p01,p01_free_type_part3_20260310_222748
44453888458,r,release,p01,p01_free_type_part3_20260310_222748
44603186333,a,press,p01,p01_free_type_part3_20260310_222748
44715336666,a,release,p01,p01_free_type_part3_20260310_222748
44893281208,r,press,p01,p01_free_type_part3_20260310_222748
44973131291,r,release,p01,p01_free_type_part3_20260310_222748
45089814166,y,press,p01,p01_free_type_part3_20260310_222748
45158314500,y,release,p01,p01_free_type_part3_20260310_222748
45517931333,space,press,p01,p01_free_type_part3_20260310_222748
45582444708,space,release,p01,p01_free_type_part3_20260310_222748
45972066916,o,press,p01,p01_free_type_part3_20260310_222748
46036274375,o,release,p01,p01_free_type_part3_20260310_222748
46107775333,p,press,p01,p01_free_type_part3_20260310_222748
46172371791,p,release,p01,p01_free_type_part3_20260310_222748
46305877458,e,press,p01,p01_free_type_part3_20260310_222748
46394292791,e,release,p01,p01_free_type_part3_20260310_222748
46431885416,n,press,p01,p01_free_type_part3_20260310_222748
46500117916,n,release,p01,p01_free_type_part3_20260310_222748
46776926333,s,press,p01,p01_free_type_part3_20260310_222748
46845357750,s,release,p01,p01_free_type_part3_20260310_222748
46955901500,space,press,p01,p01_free_type_part3_20260310_222748
47016243583,space,release,p01,p01_free_type_part3_20260310_222748
47312983958,a,press,p01,p01_free_type_part3_20260310_222748
47393382000,a,release,p01,p01_free_type_part3_20260310_222748
47467299916,t,press,p01,p01_free_type_part3_20260310_222748
47531308500,t,release,p01,p01_free_type_part3_20260310_222748
47619740083,space,press,p01,p01_free_type_part3_20260310_222748
47676223500,space,release,p01,p01_free_type_part3_20260310_222748
48177868125,9,press,p01,p01_free_type_part3_20260310_222748
48230266583,9,release,p01,p01_free_type_part3_20260310_222748
48404881416,space,press,p01,p01_free_type_part3_20260310_222748
48456723250,space,release,p01,p01_free_type_part3_20260310_222748
48567815833,a,press,p01,p01_free_type_part3_20260310_222748
48664243833,a,release,p01,p01_free_type_part3_20260310_222748
49066991375,m,press,p01,p01_free_type_part3_20260310_222748
49115344166,m,release,p01,p01_free_type_part3_20260310_222748
49284947916,space,press,p01,p01_free_type_part3_20260310_222748
49361194083,space,release,p01,p01_free_type_part3_20260310_222748
49441929416,a,press,p01,p01_free_type_part3_20260310_222748
49530200500,a,release,p01,p01_free_type_part3_20260310_222748
49647701916,n,press,p01,p01_free_type_part3_20260310_222748
49700397458,n,release,p01,p01_free_type_part3_20260310_222748
49793863333,d,press,p01,p01_free_type_part3_20260310_222748
49866183750,d,release,p01,p01_free_type_part3_20260310_222748
49972818375,space,press,p01,p01_free_type_part3_20260310_222748
50017086541,space,release,p01,p01_free_type_part3_20260310_222748
50323925708,c,press,p01,p01_free_type_part3_20260310_222748
50395654250,c,release,p01,p01_free_type_part3_20260310_222748
50498082000,l,press,p01,p01_free_type_part3_20260310_222748
50562209208,l,release,p01,p01_free_type_part3_20260310_222748
50726987875,o,press,p01,p01_free_type_part3_20260310_222748
50759372125,o,release,p01,p01_free_type_part3_20260310_222748
51360886125,s,press,p01,p01_free_type_part3_20260310_222748
51441125541,s,release,p01,p01_free_type_part3_20260310_222748
51562745875,e,press,p01,p01_free_type_part3_20260310_222748
51627212875,e,release,p01,p01_free_type_part3_20260310_222748
51755862375,d,press,p01,p01_free_type_part3_20260310_222748
51848140708,d,release,p01,p01_free_type_part3_20260310_222748
51952615916,space,press,p01,p01_free_type_part3_20260310_222748
51993493625,space,release,p01,p01_free_type_part3_20260310_222748
52229650416,a,press,p01,p01_free_type_part3_20260310_222748
52318135666,a,release,p01,p01_free_type_part3_20260310_222748
52422868333,t,press,p01,p01_free_type_part3_20260310_222748
52482947541,t,release,p01,p01_free_type_part3_20260310_222748
52568772541,space,press,p01,p01_free_type_part3_20260310_222748
52629149333,space,release,p01,p01_free_type_part3_20260310_222748
53212842083,8,press,p01,p01_free_type_part3_20260310_222748
53269075208,8,release,p01,p01_free_type_part3_20260310_222748
53407692791,space,press,p01,p01_free_type_part3_20260310_222748
53464147791,space,release,p01,p01_free_type_part3_20260310_222748
53988847041,p,press,p01,p01_free_type_part3_20260310_222748
54037241875,p,release,p01,p01_free_type_part3_20260310_222748
54267793250,m,press,p01,p01_free_type_part3_20260310_222748
54324048916,m,release,p01,p01_free_type_part3_20260310_222748
54853767166,enter,press,p01,p01_free_type_part3_20260310_222748
54894119125,enter,release,p01,p01_free_type_part3_20260310_222748
56244922916,t,press,p01,p01_free_type_part3_20260310_222748
56304680583,t,release,p01,p01_free_type_part3_20260310_222748
56471692958,h,press,p01,p01_free_type_part3_20260310_222748
56532219750,h,release,p01,p01_free_type_part3_20260310_222748
56621677083,e,press,p01,p01_free_type_part3_20260310_222748
56709942083,e,release,p01,p01_free_type_part3_20260310_222748
56777431208,space,press,p01,p01_free_type_part3_20260310_222748
56849961875,space,release,p01,p01_free_type_part3_20260310_222748
57057620583,l,press,p01,p01_free_type_part3_20260310_222748
57117870750,l,release,p01,p01_free_type_part3_20260310_222748
57290583000,i,press,p01,p01_free_type_part3_20260310_222748
57335092125,i,release,p01,p01_free_type_part3_20260310_222748
57572833375,b,press,p01,p01_free_type_part3_20260310_222748
57625182125,b,release,p01,p01_free_type_part3_20260310_222748
58087475958,r,press,p01,p01_free_type_part3_20260310_222748
58159719333,r,release,p01,p01_free_type_part3_20260310_222748
58425749500,a,press,p01,p01_free_type_part3_20260310_222748
58513913583,a,release,p01,p01_free_type_part3_20260310_222748
59069674375,r,press,p01,p01_free_type_part3_20260310_222748
59133838458,r,release,p01,p01_free_type_part3_20260310_222748
59263581958,y,press,p01,p01_free_type_part3_20260310_222748
59307792500,y,release,p01,p01_free_type_part3_20260310_222748
61138674666,space,press,p01,p01_free_type_part3_20260310_222748
61202860208,space,release,p01,p01_free_type_part3_20260310_222748
62220684833,o,press,p01,p01_free_type_part3_20260310_222748
62308906125,o,release,p01,p01_free_type_part3_20260310_222748
62335264791,p,press,p01,p01_free_type_part3_20260310_222748
62427938750,p,release,p01,p01_free_type_part3_20260310_222748
62821601166,e,press,p01,p01_free_type_part3_20260310_222748
62909554541,n,press,p01,p01_free_type_part3_20260310_222748
62925387000,e,release,p01,p01_free_type_part3_20260310_222748
62973467083,n,release,p01,p01_free_type_part3_20260310_222748
63295687833,s,press,p01,p01_free_type_part3_20260310_222748
63371959875,s,release,p01,p01_free_type_part3_20260310_222748
63549807000,space,press,p01,p01_free_type_part3_20260310_222748
63625483000,space,release,p01,p01_free_type_part3_20260310_222748
63915577083,a,press,p01,p01_free_type_part3_20260310_222748
63995947083,a,release,p01,p01_free_type_part3_20260310_222748
64105460125,t,press,p01,p01_free_type_part3_20260310_222748
64165874708,t,release,p01,p01_free_type_part3_20260310_222748
64281398750,space,press,p01,p01_free_type_part3_20260310_222748
64353757000,space,release,p01,p01_free_type_part3_20260310_222748
64903642000,9,press,p01,p01_free_type_part3_20260310_222748
64963875000,9,release,p01,p01_free_type_part3_20260310_222748
65091599875,space,press,p01,p01_free_type_part3_20260310_222748
65155568333,space,release,p01,p01_free_type_part3_20260310_222748
65323635666,a,press,p01,p01_free_type_part3_20260310_222748
65439400333,a,release,p01,p01_free_type_part3_20260310_222748
65604452500,m,press,p01,p01_free_type_part3_20260310_222748
65664850958,m,release,p01,p01_free_type_part3_20260310_222748
66076422458,space,press,p01,p01_free_type_part3_20260310_222748
66164657791,space,release,p01,p01_free_type_part3_20260310_222748
66289158541,a,press,p01,p01_free_type_part3_20260310_222748
66373758833,a,release,p01,p01_free_type_part3_20260310_222748
66670520875,n,press,p01,p01_free_type_part3_20260310_222748
66746712083,n,release,p01,p01_free_type_part3_20260310_222748
66861367458,d,press,p01,p01_free_type_part3_20260310_222748
66941648083,d,release,p01,p01_free_type_part3_20260310_222748
67404074708,space,press,p01,p01_free_type_part3_20260310_222748
67463694375,space,release,p01,p01_free_type_part3_20260310_222748
67759549333,c,press,p01,p01_free_type_part3_20260310_222748
67839884250,c,release,p01,p01_free_type_part3_20260310_222748
68967391833,l,press,p01,p01_free_type_part3_20260310_222748
69015845875,l,release,p01,p01_free_type_part3_20260310_222748
69173053708,o,press,p01,p01_free_type_part3_20260310_222748
69212968708,o,release,p01,p01_free_type_part3_20260310_222748
69566421291,e,press,p01,p01_free_type_part3_20260310_222748
69606817416,e,release,p01,p01_free_type_part3_20260310_222748
69743381958,s,press,p01,p01_free_type_part3_20260310_222748
69835717875,s,release,p01,p01_free_type_part3_20260310_222748
69974233666,e,press,p01,p01_free_type_part3_20260310_222748
70034915541,e,release,p01,p01_free_type_part3_20260310_222748
70712489875,backspace,press,p01,p01_free_type_part3_20260310_222748
70776631583,backspace,release,p01,p01_free_type_part3_20260310_222748
72165418708,backspace,press,p01,p01_free_type_part3_20260310_222748
72205571708,backspace,release,p01,p01_free_type_part3_20260310_222748
72294213541,backspace,press,p01,p01_free_type_part3_20260310_222748
72350886041,backspace,release,p01,p01_free_type_part3_20260310_222748
72567398083,s,press,p01,p01_free_type_part3_20260310_222748
72651699291,s,release,p01,p01_free_type_part3_20260310_222748
72986308458,e,press,p01,p01_free_type_part3_20260310_222748
73062828833,e,release,p01,p01_free_type_part3_20260310_222748
73260401291,s,press,p01,p01_free_type_part3_20260310_222748
73316690333,s,release,p01,p01_free_type_part3_20260310_222748
73852344125,space,press,p01,p01_free_type_part3_20260310_222748
73932679708,space,release,p01,p01_free_type_part3_20260310_222748
74068178291,a,press,p01,p01_free_type_part3_20260310_222748
74115666708,a,release,p01,p01_free_type_part3_20260310_222748
74276325625,t,press,p01,p01_free_type_part3_20260310_222748
74316658125,t,release,p01,p01_free_type_part3_20260310_222748
74438914166,space,press,p01,p01_free_type_part3_20260310_222748
74502175750,space,release,p01,p01_free_type_part3_20260310_222748
75246487500,8,press,p01,p01_free_type_part3_20260310_222748
75298545666,8,release,p01,p01_free_type_part3_20260310_222748
75591447041,p,press,p01,p01_free_type_part3_20260310_222748
75647700875,p,release,p01,p01_free_type_part3_20260310_222748
76088211625,backspace,press,p01,p01_free_type_part3_20260310_222748
76136679708,backspace,release,p01,p01_free_type_part3_20260310_222748
76309091625,space,press,p01,p01_free_type_part3_20260310_222748
76349271416,space,release,p01,p01_free_type_part3_20260310_222748
76774383958,p,press,p01,p01_free_type_part3_20260310_222748
76826525166,p,release,p01,p01_free_type_part3_20260310_222748
77213212208,m,press,p01,p01_free_type_part3_20260310_222748
77265675166,m,release,p01,p01_free_type_part3_20260310_222748
77494142541,enter,press,p01,p01_free_type_part3_20260310_222748
77561640208,enter,release,p01,p01_free_type_part3_20260310_222748
78381325250,s,press,p01,p01_free_type_part3_20260310_222748
78466113541,s,release,p01,p01_free_type_part3_20260310_222748
78515035166,h,press,p01,p01_free_type_part3_20260310_222748
78579387666,h,release,p01,p01_free_type_part3_20260310_222748
78623475416,e,press,p01,p01_free_type_part3_20260310_222748
78675601583,e,release,p01,p01_free_type_part3_20260310_222748
79137123958,space,press,p01,p01_free_type_part3_20260310_222748
79185176625,space,release,p01,p01_free_type_part3_20260310_222748
79332069666,s,press,p01,p01_free_type_part3_20260310_222748
79404643958,s,release,p01,p01_free_type_part3_20260310_222748
80081282250,c,press,p01,p01_free_type_part3_20260310_222748
80213712166,c,release,p01,p01_free_type_part3_20260310_222748
80297107916,o,press,p01,p01_free_type_part3_20260310_222748
80349343958,o,release,p01,p01_free_type_part3_20260310_222748
80500981750,r,press,p01,p01_free_type_part3_20260310_222748
80569379458,r,release,p01,p01_free_type_part3_20260310_222748
80674270375,e,press,p01,p01_free_type_part3_20260310_222748
80759053000,e,release,p01,p01_free_type_part3_20260310_222748
81047197458,d,press,p01,p01_free_type_part3_20260310_222748
81143323250,d,release,p01,p01_free_type_part3_20260310_222748
81499122708,space,press,p01,p01_free_type_part3_20260310_222748
81571199125,space,release,p01,p01_free_type_part3_20260310_222748
82052127458,9,press,p01,p01_free_type_part3_20260310_222748
82100619208,9,release,p01,p01_free_type_part3_20260310_222748
82410233041,7,press,p01,p01_free_type_part3_20260310_222748
82462657958,7,release,p01,p01_free_type_part3_20260310_222748
82653995458,space,press,p01,p01_free_type_part3_20260310_222748
82714495791,space,release,p01,p01_free_type_part3_20260310_222748
83116154958,o,press,p01,p01_free_type_part3_20260310_222748
83168466625,o,release,p01,p01_free_type_part3_20260310_222748
83357264125,u,press,p01,p01_free_type_part3_20260310_222748
83413520083,u,release,p01,p01_free_type_part3_20260310_222748
83614015166,t,press,p01,p01_free_type_part3_20260310_222748
83674370583,t,release,p01,p01_free_type_part3_20260310_222748
83830064083,space,press,p01,p01_free_type_part3_20260310_222748
83898421833,space,release,p01,p01_free_type_part3_20260310_222748
84370251166,o,press,p01,p01_free_type_part3_20260310_222748
84414574750,o,release,p01,p01_free_type_part3_20260310_222748
84540114791,f,press,p01,p01_free_type_part3_20260310_222748
84628351083,f,release,p01,p01_free_type_part3_20260310_222748
84804759916,space,press,p01,p01_free_type_part3_20260310_222748
84880273000,space,release,p01,p01_free_type_part3_20260310_222748
85369117416,1,press,p01,p01_free_type_part3_20260310_222748
85441466083,1,release,p01,p01_free_type_part3_20260310_222748
85653065666,0,press,p01,p01_free_type_part3_20260310_222748
85697566583,0,release,p01,p01_free_type_part3_20260310_222748
85780849916,0,press,p01,p01_free_type_part3_20260310_222748
85842119166,0,release,p01,p01_free_type_part3_20260310_222748
86155071083,space,press,p01,p01_free_type_part3_20260310_222748
86200023541,space,release,p01,p01_free_type_part3_20260310_222748
86640177791,o,press,p01,p01_free_type_part3_20260310_222748
86704359458,o,release,p01,p01_free_type_part3_20260310_222748
86865014333,n,press,p01,p01_free_type_part3_20260310_222748
86929403791,n,release,p01,p01_free_type_part3_20260310_222748
87130940250,space,press,p01,p01_free_type_part3_20260310_222748
87175409791,space,release,p01,p01_free_type_part3_20260310_222748
87571118666,t,press,p01,p01_free_type_part3_20260310_222748
87631307458,t,release,p01,p01_free_type_part3_20260310_222748
88108969208,h,press,p01,p01_free_type_part3_20260310_222748
88173158375,h,release,p01,p01_free_type_part3_20260310_222748
88307037916,e,press,p01,p01_free_type_part3_20260310_222748
88375442208,e,release,p01,p01_free_type_part3_20260310_222748
88479979541,space,press,p01,p01_free_type_part3_20260310_222748
88523794791,space,release,p01,p01_free_type_part3_20260310_222748
88846370875,f,press,p01,p01_free_type_part3_20260310_222748
88930281000,f,release,p01,p01_free_type_part3_20260310_222748
88988138041,i,press,p01,p01_free_type_part3_20260310_222748
89040029666,i,release,p01,p01_free_type_part3_20260310_222748
89192282083,n,press,p01,p01_free_type_part3_20260310_222748
89240279541,n,release,p01,p01_free_type_part3_20260310_222748
89388963958,a,press,p01,p01_free_type_part3_20260310_222748
89505309541,a,release,p01,p01_free_type_part3_20260310_222748
89594866875,l,press,p01,p01_free_type_part3_20260310_222748
89651360875,l,release,p01,p01_free_type_part3_20260310_222748
89842801375,space,press,p01,p01_free_type_part3_20260310_222748
89883339041,space,release,p01,p01_free_type_part3_20260310_222748
90084015000,e,press,p01,p01_free_type_part3_20260310_222748
90156331625,e,release,p01,p01_free_type_part3_20260310_222748
90467937708,x,press,p01,p01_free_type_part3_20260310_222748
90520275875,x,release,p01,p01_free_type_part3_20260310_222748
90626002041,a,press,p01,p01_free_type_part3_20260310_222748
90726277583,a,release,p01,p01_free_type_part3_20260310_222748
90749698750,m,press,p01,p01_free_type_part3_20260310_222748
90798817125,m,release,p01,p01_free_type_part3_20260310_222748
91119871458,enter,press,p01,p01_free_type_part3_20260310_222748
91164546583,enter,release,p01,p01_free_type_part3_20260310_222748
92282026500,w,press,p01,p01_free_type_part3_20260310_222748
92354317625,w,release,p01,p01_free_type_part3_20260310_222748
92823147208,o,press,p01,p01_free_type_part3_20260310_222748
92871248500,o,release,p01,p01_free_type_part3_20260310_222748
92965427916,r,press,p01,p01_free_type_part3_20260310_222748
93029678875,r,release,p01,p01_free_type_part3_20260310_222748
93664883958,k,press,p01,p01_free_type_part3_20260310_222748
93713298458,k,release,p01,p01_free_type_part3_20260310_222748
93944792250,i,press,p01,p01_free_type_part3_20260310_222748
93989277333,i,release,p01,p01_free_type_part3_20260310_222748
94113810500,n,press,p01,p01_free_type_part3_20260310_222748
94194236791,n,release,p01,p01_free_type_part3_20260310_222748
94460767333,g,press,p01,p01_free_type_part3_20260310_222748
94525352208,g,release,p01,p01_free_type_part3_20260310_222748
94679813708,space,press,p01,p01_free_type_part3_20260310_222748
94760205750,space,release,p01,p01_free_type_part3_20260310_222748
95105858833,f,press,p01,p01_free_type_part3_20260310_222748
95166206541,f,release,p01,p01_free_type_part3_20260310_222748
95297797291,r,press,p01,p01_free_type_part3_20260310_222748
95370138458,r,release,p01,p01_free_type_part3_20260310_222748
95459557500,o,press,p01,p01_free_type_part3_20260310_222748
95512147166,o,release,p01,p01_free_type_part3_20260310_222748
95667792708,m,press,p01,p01_free_type_part3_20260310_222748
95720250708,m,release,p01,p01_free_type_part3_20260310_222748
95934604500,space,press,p01,p01_free_type_part3_20260310_222748
95982566583,space,release,p01,p01_free_type_part3_20260310_222748
96366855708,h,press,p01,p01_free_type_part3_20260310_222748
96423228041,h,release,p01,p01_free_type_part3_20260310_222748
96509809000,o,press,p01,p01_free_type_part3_20260310_222748
96570250916,o,release,p01,p01_free_type_part3_20260310_222748
96688741333,m,press,p01,p01_free_type_part3_20260310_222748
96765195458,m,release,p01,p01_free_type_part3_20260310_222748
96871772583,e,press,p01,p01_free_type_part3_20260310_222748
96940291958,e,release,p01,p01_free_type_part3_20260310_222748
97042667250,space,press,p01,p01_free_type_part3_20260310_222748
97103071708,space,release,p01,p01_free_type_part3_20260310_222748
97288931416,h,press,p01,p01_free_type_part3_20260310_222748
97349230125,h,release,p01,p01_free_type_part3_20260310_222748
97396640666,a,press,p01,p01_free_type_part3_20260310_222748
97473154375,a,release,p01,p01_free_type_part3_20260310_222748
97545833000,s,press,p01,p01_free_type_part3_20260310_222748
97626654958,s,release,p01,p01_free_type_part3_20260310_222748
97722662875,space,press,p01,p01_free_type_part3_20260310_222748
97783090666,space,release,p01,p01_free_type_part3_20260310_222748
97965832791,b,press,p01,p01_free_type_part3_20260310_222748
98018187916,b,release,p01,p01_free_type_part3_20260310_222748
98081568000,e,press,p01,p01_free_type_part3_20260310_222748
98162060000,e,release,p01,p01_free_type_part3_20260310_222748
98315856291,c,press,p01,p01_free_type_part3_20260310_222748
98388129583,c,release,p01,p01_free_type_part3_20260310_222748
98436700208,o,press,p01,p01_free_type_part3_20260310_222748
98473142375,o,release,p01,p01_free_type_part3_20260310_222748
98601988333,m,press,p01,p01_free_type_part3_20260310_222748
98650141791,m,release,p01,p01_free_type_part3_20260310_222748
98768626958,e,press,p01,p01_free_type_part3_20260310_222748
98833254416,e,release,p01,p01_free_type_part3_20260310_222748
99018561083,space,press,p01,p01_free_type_part3_20260310_222748
99091122166,space,release,p01,p01_free_type_part3_20260310_222748
99290712291,m,press,p01,p01_free_type_part3_20260310_222748
99355109750,m,release,p01,p01_free_type_part3_20260310_222748
99509746208,u,press,p01,p01_free_type_part3_20260310_222748
99558093458,u,release,p01,p01_free_type_part3_20260310_222748
99970748333,c,press,p01,p01_free_type_part3_20260310_222748
100050797916,c,release,p01,p01_free_type_part3_20260310_222748
100051361166,h,press,p01,p01_free_type_part3_20260310_222748
100107163291,h,release,p01,p01_free_type_part3_20260310_222748
100245651000,space,press,p01,p01_free_type_part3_20260310_222748
100305734416,space,release,p01,p01_free_type_part3_20260310_222748
100477551500,m,press,p01,p01_free_type_part3_20260310_222748
100558099250,m,release,p01,p01_free_type_part3_20260310_222748
100642724625,o,press,p01,p01_free_type_part3_20260310_222748
100678720916,o,release,p01,p01_free_type_part3_20260310_222748
101083713458,r,press,p01,p01_free_type_part3_20260310_222748
101124160416,r,release,p01,p01_free_type_part3_20260310_222748
101201602375,e,press,p01,p01_free_type_part3_20260310_222748
101274020875,e,release,p01,p01_free_type_part3_20260310_222748
101678482583,space,press,p01,p01_free_type_part3_20260310_222748
101770940833,space,release,p01,p01_free_type_part3_20260310_222748
101890558250,c,press,p01,p01_free_type_part3_20260310_222748
101983084083,c,release,p01,p01_free_type_part3_20260310_222748
102050642875,o,press,p01,p01_free_type_part3_20260310_222748
102102989000,o,release,p01,p01_free_type_part3_20260310_222748
102206604041,m,press,p01,p01_free_type_part3_20260310_222748
102275025250,m,release,p01,p01_free_type_part3_20260310_222748
102355632000,m,press,p01,p01_free_type_part3_20260310_222748
102428076666,m,release,p01,p01_free_type_part3_20260310_222748
102547527083,o,press,p01,p01_free_type_part3_20260310_222748
102595887375,o,release,p01,p01_free_type_part3_20260310_222748
102818657541,n,press,p01,p01_free_type_part3_20260310_222748
102855130416,n,release,p01,p01_free_type_part3_20260310_222748
103044664000,space,press,p01,p01_free_type_part3_20260310_222748
103108574958,space,release,p01,p01_free_type_part3_20260310_222748
103410644333,s,press,p01,p01_free_type_part3_20260310_222748
103503003500,s,release,p01,p01_free_type_part3_20260310_222748
103545681625,i,press,p01,p01_free_type_part3_20260310_222748
103594132666,i,release,p01,p01_free_type_part3_20260310_222748
103809662125,n,press,p01,p01_free_type_part3_20260310_222748
103854103333,n,release,p01,p01_free_type_part3_20260310_222748
103967749833,c,press,p01,p01_free_type_part3_20260310_222748
104040036000,c,release,p01,p01_free_type_part3_20260310_222748
104180674291,e,press,p01,p01_free_type_part3_20260310_222748
104261005541,e,release,p01,p01_free_type_part3_20260310_222748
104352662958,space,press,p01,p01_free_type_part3_20260310_222748
104416796958,space,release,p01,p01_free_type_part3_20260310_222748
104825569416,2,press,p01,p01_free_type_part3_20260310_222748
104894052666,2,release,p01,p01_free_type_part3_20260310_222748
104984572041,0,press,p01,p01_free_type_part3_20260310_222748
105040864291,0,release,p01,p01_free_type_part3_20260310_222748
105102592291,2,press,p01,p01_free_type_part3_20260310_222748
105166943791,2,release,p01,p01_free_type_part3_20260310_222748
105192009916,0,press,p01,p01_free_type_part3_20260310_222748
105236954250,0,release,p01,p01_free_type_part3_20260310_222748
105443526583,space,press,p01,p01_free_type_part3_20260310_222748
105503740083,space,release,p01,p01_free_type_part3_20260310_222748
105649588875,a,press,p01,p01_free_type_part3_20260310_222748
105757824791,a,release,p01,p01_free_type_part3_20260310_222748
105785352333,n,press,p01,p01_free_type_part3_20260310_222748
105842025458,n,release,p01,p01_free_type_part3_20260310_222748
105938499083,d,press,p01,p01_free_type_part3_20260310_222748
106018902291,d,release,p01,p01_free_type_part3_20260310_222748
106084449583,space,press,p01,p01_free_type_part3_20260310_222748
106160958250,space,release,p01,p01_free_type_part3_20260310_222748
106371803500,m,press,p01,p01_free_type_part3_20260310_222748
106443753500,m,release,p01,p01_free_type_part3_20260310_222748
106486415833,a,press,p01,p01_free_type_part3_20260310_222748
106595014541,a,release,p01,p01_free_type_part3_20260310_222748
106645256083,n,press,p01,p01_free_type_part3_20260310_222748
106706148958,n,release,p01,p01_free_type_part3_20260310_222748
107345525291,y,press,p01,p01_free_type_part3_20260310_222748
107414108625,y,release,p01,p01_free_type_part3_20260310_222748
107527447875,space,press,p01,p01_free_type_part3_20260310_222748
107571902541,space,release,p01,p01_free_type_part3_20260310_222748
107936546541,p,press,p01,p01_free_type_part3_20260310_222748
107997113375,p,release,p01,p01_free_type_part3_20260310_222748
108082382250,e,press,p01,p01_free_type_part3_20260310_222748
108190793000,e,release,p01,p01_free_type_part3_20260310_222748
108224486458,o,press,p01,p01_free_type_part3_20260310_222748
108253643666,o,release,p01,p01_free_type_part3_20260310_222748
108430403166,p,press,p01,p01_free_type_part3_20260310_222748
108482982208,p,release,p01,p01_free_type_part3_20260310_222748
108612533041,l,press,p01,p01_free_type_part3_20260310_222748
108676875333,l,release,p01,p01_free_type_part3_20260310_222748
108725429250,e,press,p01,p01_free_type_part3_20260310_222748
108809817958,e,release,p01,p01_free_type_part3_20260310_222748
108958427958,space,press,p01,p01_free_type_part3_20260310_222748
108986954166,space,release,p01,p01_free_type_part3_20260310_222748
109269704291,p,press,p01,p01_free_type_part3_20260310_222748
109329601458,p,release,p01,p01_free_type_part3_20260310_222748
109956327416,r,press,p01,p01_free_type_part3_20260310_222748
110036813083,r,release,p01,p01_free_type_part3_20260310_222748
110061380125,e,press,p01,p01_free_type_part3_20260310_222748
110150098833,e,release,p01,p01_free_type_part3_20260310_222748
110463438166,f,press,p01,p01_free_type_part3_20260310_222748
110528006166,f,release,p01,p01_free_type_part3_20260310_222748
110692489541,e,press,p01,p01_free_type_part3_20260310_222748
110748686333,e,release,p01,p01_free_type_part3_20260310_222748
111057353916,r,press,p01,p01_free_type_part3_20260310_222748
111133690250,r,release,p01,p01_free_type_part3_20260310_222748
111282320000,space,press,p01,p01_free_type_part3_20260310_222748
111354683583,space,release,p01,p01_free_type_part3_20260310_222748
111491291500,i,press,p01,p01_free_type_part3_20260310_222748
111567699166,i,release,p01,p01_free_type_part3_20260310_222748
111724477500,t,press,p01,p01_free_type_part3_20260310_222748
111772772083,t,release,p01,p01_free_type_part3_20260310_222748
112149465291,enter,press,p01,p01_free_type_part3_20260310_222748
112209918125,enter,release,p01,p01_free_type_part3_20260310_222748
113576398833,t,press,p01,p01_free_type_part3_20260310_222748
113624930375,t,release,p01,p01_free_type_part3_20260310_222748
113766686583,h,press,p01,p01_free_type_part3_20260310_222748
113838853125,h,release,p01,p01_free_type_part3_20260310_222748
113884954458,e,press,p01,p01_free_type_part3_20260310_222748
113969713250,e,release,p01,p01_free_type_part3_20260310_222748
114074269250,space,press,p01,p01_free_type_part3_20260310_222748
114131013125,space,release,p01,p01_free_type_part3_20260310_222748
114592333500,r,press,p01,p01_free_type_part3_20260310_222748
114676582791,r,release,p01,p01_free_type_part3_20260310_222748
114735181916,e,press,p01,p01_free_type_part3_20260310_222748
114819620416,e,release,p01,p01_free_type_part3_20260310_222748
115169461666,s,press,p01,p01_free_type_part3_20260310_222748
115229705291,s,release,p01,p01_free_type_part3_20260310_222748
116136392291,t,press,p01,p01_free_type_part3_20260310_222748
116192135375,t,release,p01,p01_free_type_part3_20260310_222748
116248456750,a,press,p01,p01_free_type_part3_20260310_222748
116344640125,a,release,p01,p01_free_type_part3_20260310_222748
116916425500,u,press,p01,p01_free_type_part3_20260310_222748
116969198166,u,release,p01,p01_free_type_part3_20260310_222748
117319243375,r,press,p01,p01_free_type_part3_20260310_222748
117399511500,r,release,p01,p01_free_type_part3_20260310_222748
117494391625,a,press,p01,p01_free_type_part3_20260310_222748
117579240041,a,release,p01,p01_free_type_part3_20260310_222748
117633268958,n,press,p01,p01_free_type_part3_20260310_222748
117694046500,n,release,p01,p01_free_type_part3_20260310_222748
117956241875,t,press,p01,p01_free_type_part3_20260310_222748
118008724083,t,release,p01,p01_free_type_part3_20260310_222748
118131414833,space,press,p01,p01_free_type_part3_20260310_222748
118191664250,space,release,p01,p01_free_type_part3_20260310_222748
118605177500,o,press,p01,p01_free_type_part3_20260310_222748
118653869541,o,release,p01,p01_free_type_part3_20260310_222748
118829352916,n,press,p01,p01_free_type_part3_20260310_222748
118882239208,n,release,p01,p01_free_type_part3_20260310_222748
119060308750,space,press,p01,p01_free_type_part3_20260310_222748
119140519333,space,release,p01,p01_free_type_part3_20260310_222748
119594193291,5,press,p01,p01_free_type_part3_20260310_222748
119626699208,5,release,p01,p01_free_type_part3_20260310_222748
120357852625,t,press,p01,p01_free_type_part3_20260310_222748
120421637791,t,release,p01,p01_free_type_part3_20260310_222748
120558427583,h,press,p01,p01_free_type_part3_20260310_222748
120630613833,h,release,p01,p01_free_type_part3_20260310_222748
120818171041,space,press,p01,p01_free_type_part3_20260310_222748
120870736500,space,release,p01,p01_free_type_part3_20260310_222748
122229250083,a,press,p01,p01_free_type_part3_20260310_222748
122333133708,a,release,p01,p01_free_type_part3_20260310_222748
122791427458,v,press,p01,p01_free_type_part3_20260310_222748
122843623958,v,release,p01,p01_free_type_part3_20260310_222748
122964212916,e,press,p01,p01_free_type_part3_20260310_222748
123040808208,e,release,p01,p01_free_type_part3_20260310_222748
123616323000,n,press,p01,p01_free_type_part3_20260310_222748
123668609166,n,release,p01,p01_free_type_part3_20260310_222748
123834169416,u,press,p01,p01_free_type_part3_20260310_222748
123890149208,u,release,p01,p01_free_type_part3_20260310_222748
123993162291,e,press,p01,p01_free_type_part3_20260310_222748
124069565458,e,release,p01,p01_free_type_part3_20260310_222748
124179963041,space,press,p01,p01_free_type_part3_20260310_222748
124244303708,space,release,p01,p01_free_type_part3_20260310_222748
124494218125,s,press,p01,p01_free_type_part3_20260310_222748
124566516791,s,release,p01,p01_free_type_part3_20260310_222748
124665010750,e,press,p01,p01_free_type_part3_20260310_222748
124733576083,e,release,p01,p01_free_type_part3_20260310_222748
124899045166,r,press,p01,p01_free_type_part3_20260310_222748
124963498500,r,release,p01,p01_free_type_part3_20260310_222748
125483172791,v,press,p01,p01_free_type_part3_20260310_222748
125539622875,v,release,p01,p01_free_type_part3_20260310_222748
125601145375,e,press,p01,p01_free_type_part3_20260310_222748
125673511375,e,release,p01,p01_free_type_part3_20260310_222748
125868970000,s,press,p01,p01_free_type_part3_20260310_222748
125945677500,s,release,p01,p01_free_type_part3_20260310_222748
126334092416,space,press,p01,p01_free_type_part3_20260310_222748
126402348791,space,release,p01,p01_free_type_part3_20260310_222748
126744297958,e,press,p01,p01_free_type_part3_20260310_222748
126820555208,e,release,p01,p01_free_type_part3_20260310_222748
126989137208,c,press,p01,p01_free_type_part3_20260310_222748
127057528166,c,release,p01,p01_free_type_part3_20260310_222748
127754196125,backspace,press,p01,p01_free_type_part3_20260310_222748
127806646666,backspace,release,p01,p01_free_type_part3_20260310_222748
127897069041,x,press,p01,p01_free_type_part3_20260310_222748
127953531333,x,release,p01,p01_free_type_part3_20260310_222748
128172030250,c,press,p01,p01_free_type_part3_20260310_222748
128224533500,c,release,p01,p01_free_type_part3_20260310_222748
128549087625,e,press,p01,p01_free_type_part3_20260310_222748
128629547250,e,release,p01,p01_free_type_part3_20260310_222748
128785153375,l,press,p01,p01_free_type_part3_20260310_222748
128828931291,l,release,p01,p01_free_type_part3_20260310_222748
128897966083,l,press,p01,p01_free_type_part3_20260310_222748
128966593750,l,release,p01,p01_free_type_part3_20260310_222748
129532251958,e,press,p01,p01_free_type_part3_20260310_222748
129628361625,e,release,p01,p01_free_type_part3_20260310_222748
129857032583,n,press,p01,p01_free_type_part3_20260310_222748
129933726750,n,release,p01,p01_free_type_part3_20260310_222748
130152349916,t,press,p01,p01_free_type_part3_20260310_222748
130200556166,t,release,p01,p01_free_type_part3_20260310_222748
130444183083,space,press,p01,p01_free_type_part3_20260310_222748
130492388250,space,release,p01,p01_free_type_part3_20260310_222748
130999123416,p,press,p01,p01_free_type_part3_20260310_222748
131047563083,p,release,p01,p01_free_type_part3_20260310_222748
131085503625,a,press,p01,p01_free_type_part3_20260310_222748
131166365875,a,release,p01,p01_free_type_part3_20260310_222748
131269085208,s,press,p01,p01_free_type_part3_20260310_222748
131365379708,s,release,p01,p01_free_type_part3_20260310_222748
131822238541,t,press,p01,p01_free_type_part3_20260310_222748
131886545416,t,release,p01,p01_free_type_part3_20260310_222748
132394129666,a,press,p01,p01_free_type_part3_20260310_222748
132474436333,a,release,p01,p01_free_type_part3_20260310_222748
132605897125,space,press,p01,p01_free_type_part3_20260310_222748
132654652875,space,release,p01,p01_free_type_part3_20260310_222748
132835909083,a,press,p01,p01_free_type_part3_20260310_222748
132908355000,a,release,p01,p01_free_type_part3_20260310_222748
132926752708,n,press,p01,p01_free_type_part3_20260310_222748
133003606083,n,release,p01,p01_free_type_part3_20260310_222748
133128010583,d,press,p01,p01_free_type_part3_20260310_222748
133200395875,d,release,p01,p01_free_type_part3_20260310_222748
133341059041,space,press,p01,p01_free_type_part3_20260310_222748
133385423083,space,release,p01,p01_free_type_part3_20260310_222748
133741087708,t,press,p01,p01_free_type_part3_20260310_222748
133793441958,t,release,p01,p01_free_type_part3_20260310_222748
133924053416,h,press,p01,p01_free_type_part3_20260310_222748
133988524750,h,release,p01,p01_free_type_part3_20260310_222748
134042152958,e,press,p01,p01_free_type_part3_20260310_222748
134118304666,e,release,p01,p01_free_type_part3_20260310_222748
134278014416,i,press,p01,p01_free_type_part3_20260310_222748
134334354000,i,release,p01,p01_free_type_part3_20260310_222748
134492601041,r,press,p01,p01_free_type_part3_20260310_222748
134561416750,r,release,p01,p01_free_type_part3_20260310_222748
134727907666,space,press,p01,p01_free_type_part3_20260310_222748
134772553291,space,release,p01,p01_free_type_part3_20260310_222748
135390153041,p,press,p01,p01_free_type_part3_20260310_222748
135442352458,p,release,p01,p01_free_type_part3_20260310_222748
135644969750,r,press,p01,p01_free_type_part3_20260310_222748
135700913000,r,release,p01,p01_free_type_part3_20260310_222748
135741503666,i,press,p01,p01_free_type_part3_20260310_222748
135798210708,i,release,p01,p01_free_type_part3_20260310_222748
135922011958,c,press,p01,p01_free_type_part3_20260310_222748
136014286541,c,release,p01,p01_free_type_part3_20260310_222748
136130864333,e,press,p01,p01_free_type_part3_20260310_222748
136179421041,e,release,p01,p01_free_type_part3_20260310_222748
136382051458,s,press,p01,p01_free_type_part3_20260310_222748
136442258958,s,release,p01,p01_free_type_part3_20260310_222748
136649677958,space,press,p01,p01_free_type_part3_20260310_222748
136710419666,space,release,p01,p01_free_type_part3_20260310_222748
136929961666,a,press,p01,p01_free_type_part3_20260310_222748
136994295666,a,release,p01,p01_free_type_part3_20260310_222748
137130904791,r,press,p01,p01_free_type_part3_20260310_222748
137191554083,r,release,p01,p01_free_type_part3_20260310_222748
137299884791,e,press,p01,p01_free_type_part3_20260310_222748
137380242708,e,release,p01,p01_free_type_part3_20260310_222748
137494794333,space,press,p01,p01_free_type_part3_20260310_222748
137563151833,space,release,p01,p01_free_type_part3_20260310_222748
137853978041,v,press,p01,p01_free_type_part3_20260310_222748
137898339625,v,release,p01,p01_free_type_part3_20260310_222748
137942311083,e,press,p01,p01_free_type_part3_20260310_222748
138023160291,e,release,p01,p01_free_type_part3_20260310_222748
138177814083,r,press,p01,p01_free_type_part3_20260310_222748
138242198333,r,release,p01,p01_free_type_part3_20260310_222748
138630309583,y,press,p01,p01_free_type_part3_20260310_222748
138685754250,y,release,p01,p01_free_type_part3_20260310_222748
138791105166,space,press,p01,p01_free_type_part3_20260310_222748
138847410750,space,release,p01,p01_free_type_part3_20260310_222748
139319869083,r,press,p01,p01_free_type_part3_20260310_222748
139384269541,r,release,p01,p01_free_type_part3_20260310_222748
139475827333,e,press,p01,p01_free_type_part3_20260310_222748
139544180041,e,release,p01,p01_free_type_part3_20260310_222748
139713772291,a,press,p01,p01_free_type_part3_20260310_222748
139802040250,a,release,p01,p01_free_type_part3_20260310_222748
140006827625,s,press,p01,p01_free_type_part3_20260310_222748
140063139250,s,release,p01,p01_free_type_part3_20260310_222748
140096295750,o,press,p01,p01_free_type_part3_20260310_222748
140150255083,o,release,p01,p01_free_type_part3_20260310_222748
140380817583,n,press,p01,p01_free_type_part3_20260310_222748
140421233125,n,release,p01,p01_free_type_part3_20260310_222748
140615856916,a,press,p01,p01_free_type_part3_20260310_222748
140704226166,a,release,p01,p01_free_type_part3_20260310_222748
140730466416,b,press,p01,p01_free_type_part3_20260310_222748
140787208541,b,release,p01,p01_free_type_part3_20260310_222748
141263766666,l,press,p01,p01_free_type_part3_20260310_222748
141312313291,l,release,p01,p01_free_type_part3_20260310_222748
141397868750,e,press,p01,p01_free_type_part3_20260310_222748
141470198791,e,release,p01,p01_free_type_part3_20260310_222748
141922342375,enter,press,p01,p01_free_type_part3_20260310_222748
141965823416,enter,release,p01,p01_free_type_part3_20260310_222748
143128835500,i,press,p01,p01_free_type_part3_20260310_222748
143177214791,i,release,p01,p01_free_type_part3_20260310_222748
143469824125,space,press,p01,p01_free_type_part3_20260310_222748
143534262791,space,release,p01,p01_free_type_part3_20260310_222748
143772756166,j,press,p01,p01_free_type_part3_20260310_222748
143825315041,j,release,p01,p01_free_type_part3_20260310_222748
144023708916,u,press,p01,p01_free_type_part3_20260310_222748
144084311458,u,release,p01,p01_free_type_part3_20260310_222748
144303746916,s,press,p01,p01_free_type_part3_20260310_222748
144380292875,s,release,p01,p01_free_type_part3_20260310_222748
144466745333,t,press,p01,p01_free_type_part3_20260310_222748
144519221708,t,release,p01,p01_free_type_part3_20260310_222748
144622516583,space,press,p01,p01_free_type_part3_20260310_222748
144675156791,space,release,p01,p01_free_type_part3_20260310_222748
145297730750,f,press,p01,p01_free_type_part3_20260310_222748
145365896708,f,release,p01,p01_free_type_part3_20260310_222748
145394268250,i,press,p01,p01_free_type_part3_20260310_222748
145447158791,i,release,p01,p01_free_type_part3_20260310_222748
145784810958,n,press,p01,p01_free_type_part3_20260310_222748
145853212166,n,release,p01,p01_free_type_part3_20260310_222748
145942782250,i,press,p01,p01_free_type_part3_20260310_222748
145995089875,i,release,p01,p01_free_type_part3_20260310_222748
146123659541,s,press,p01,p01_free_type_part3_20260310_222748
146203728083,s,release,p01,p01_free_type_part3_20260310_222748
146210523791,h,press,p01,p01_free_type_part3_20260310_222748
146259883333,h,release,p01,p01_free_type_part3_20260310_222748
146475621500,e,press,p01,p01_free_type_part3_20260310_222748
146535707458,e,release,p01,p01_free_type_part3_20260310_222748
146709802416,d,press,p01,p01_free_type_part3_20260310_222748
146777882000,d,release,p01,p01_free_type_part3_20260310_222748
146872794625,space,press,p01,p01_free_type_part3_20260310_222748
146928900875,space,release,p01,p01_free_type_part3_20260310_222748
147103408166,w,press,p01,p01_free_type_part3_20260310_222748
147182998750,w,release,p01,p01_free_type_part3_20260310_222748
147324556083,a,press,p01,p01_free_type_part3_20260310_222748
147416938416,a,release,p01,p01_free_type_part3_20260310_222748
147535762916,t,press,p01,p01_free_type_part3_20260310_222748
147584093666,t,release,p01,p01_free_type_part3_20260310_222748
147717650125,c,press,p01,p01_free_type_part3_20260310_222748
147798142833,c,release,p01,p01_free_type_part3_20260310_222748
147848536041,h,press,p01,p01_free_type_part3_20260310_222748
147889256333,h,release,p01,p01_free_type_part3_20260310_222748
147992804833,i,press,p01,p01_free_type_part3_20260310_222748
148037137000,i,release,p01,p01_free_type_part3_20260310_222748
148140183041,n,press,p01,p01_free_type_part3_20260310_222748
148205083166,n,release,p01,p01_free_type_part3_20260310_222748
148381680125,g,press,p01,p01_free_type_part3_20260310_222748
148425006791,g,release,p01,p01_free_type_part3_20260310_222748
148546618291,space,press,p01,p01_free_type_part3_20260310_222748
148595012750,space,release,p01,p01_free_type_part3_20260310_222748
148743714291,a,press,p01,p01_free_type_part3_20260310_222748
148828000375,a,release,p01,p01_free_type_part3_20260310_222748
148930668416,space,press,p01,p01_free_type_part3_20260310_222748
148995046291,space,release,p01,p01_free_type_part3_20260310_222748
150290668625,3,press,p01,p01_free_type_part3_20260310_222748
150394904291,3,release,p01,p01_free_type_part3_20260310_222748
150520581041,space,press,p01,p01_free_type_part3_20260310_222748
150572070625,space,release,p01,p01_free_type_part3_20260310_222748
150778610416,h,press,p01,p01_free_type_part3_20260310_222748
150842934208,h,release,p01,p01_free_type_part3_20260310_222748
150958626666,o,press,p01,p01_free_type_part3_20260310_222748
151046775791,o,release,p01,p01_free_type_part3_20260310_222748
151147512458,u,press,p01,p01_free_type_part3_20260310_222748
151224117583,u,release,p01,p01_free_type_part3_20260310_222748
151493626500,r,press,p01,p01_free_type_part3_20260310_222748
151573809791,r,release,p01,p01_free_type_part3_20260310_222748
151796571166,space,press,p01,p01_free_type_part3_20260310_222748
151856920833,space,release,p01,p01_free_type_part3_20260310_222748
152428725833,d,press,p01,p01_free_type_part3_20260310_222748
152513092791,d,release,p01,p01_free_type_part3_20260310_222748
152697502208,o,press,p01,p01_free_type_part3_20260310_222748
152745899833,o,release,p01,p01_free_type_part3_20260310_222748
153856549375,c,press,p01,p01_free_type_part3_20260310_222748
153933039375,c,release,p01,p01_free_type_part3_20260310_222748
154051484958,u,press,p01,p01_free_type_part3_20260310_222748
154104073416,u,release,p01,p01_free_type_part3_20260310_222748
154298620750,m,press,p01,p01_free_type_part3_20260310_222748
154354966875,m,release,p01,p01_free_type_part3_20260310_222748
154622601708,e,press,p01,p01_free_type_part3_20260310_222748
154678943083,e,release,p01,p01_free_type_part3_20260310_222748
154770434166,n,press,p01,p01_free_type_part3_20260310_222748
154823137750,n,release,p01,p01_free_type_part3_20260310_222748
155359506166,t,press,p01,p01_free_type_part3_20260310_222748
155375858750,t,release,p01,p01_free_type_part3_20260310_222748
156618459583,a,press,p01,p01_free_type_part3_20260310_222748
156722745291,a,release,p01,p01_free_type_part3_20260310_222748
156992517666,r,press,p01,p01_free_type_part3_20260310_222748
157037571083,r,release,p01,p01_free_type_part3_20260310_222748
157163499208,y,press,p01,p01_free_type_part3_20260310_222748
157199920125,y,release,p01,p01_free_type_part3_20260310_222748
157315255583,space,press,p01,p01_free_type_part3_20260310_222748
157374592541,space,release,p01,p01_free_type_part3_20260310_222748
157718540666,a,press,p01,p01_free_type_part3_20260310_222748
157794775833,a,release,p01,p01_free_type_part3_20260310_222748
157844112666,b,press,p01,p01_free_type_part3_20260310_222748
157888640000,b,release,p01,p01_free_type_part3_20260310_222748
158081504666,o,press,p01,p01_free_type_part3_20260310_222748
158161794791,o,release,p01,p01_free_type_part3_20260310_222748
158266544500,u,press,p01,p01_free_type_part3_20260310_222748
158322950291,u,release,p01,p01_free_type_part3_20260310_222748
158519474833,t,press,p01,p01_free_type_part3_20260310_222748
158567877625,t,release,p01,p01_free_type_part3_20260310_222748
158693448041,space,press,p01,p01_free_type_part3_20260310_222748
158757797375,space,release,p01,p01_free_type_part3_20260310_222748
159043565875,d,press,p01,p01_free_type_part3_20260310_222748
159099830583,d,release,p01,p01_free_type_part3_20260310_222748
159267428666,e,press,p01,p01_free_type_part3_20260310_222748
159332020916,e,release,p01,p01_free_type_part3_20260310_222748
159424371458,e,press,p01,p01_free_type_part3_20260310_222748
159493636041,e,release,p01,p01_free_type_part3_20260310_222748
159620461416,p,press,p01,p01_free_type_part3_20260310_222748
159680518083,p,release,p01,p01_free_type_part3_20260310_222748
159844502416,space,press,p01,p01_free_type_part3_20260310_222748
159900325416,space,release,p01,p01_free_type_part3_20260310_222748
160576687416,o,press,p01,p01_free_type_part3_20260310_222748
160620818625,o,release,p01,p01_free_type_part3_20260310_222748
160863423208,c,press,p01,p01_free_type_part3_20260310_222748
160927776958,c,release,p01,p01_free_type_part3_20260310_222748
161132374500,e,press,p01,p01_free_type_part3_20260310_222748
161220675000,e,release,p01,p01_free_type_part3_20260310_222748
161428470791,a,press,p01,p01_free_type_part3_20260310_222748
161492478041,a,release,p01,p01_free_type_part3_20260310_222748
161579441041,n,press,p01,p01_free_type_part3_20260310_222748
161647312583,n,release,p01,p01_free_type_part3_20260310_222748
161862378166,space,press,p01,p01_free_type_part3_20260310_222748
161906691000,space,release,p01,p01_free_type_part3_20260310_222748
162889371208,e,press,p01,p01_free_type_part3_20260310_222748
162941540416,e,release,p01,p01_free_type_part3_20260310_222748
163097413208,x,press,p01,p01_free_type_part3_20260310_222748
163165499208,x,release,p01,p01_free_type_part3_20260310_222748
163761439833,p,press,p01,p01_free_type_part3_20260310_222748
163821687333,p,release,p01,p01_free_type_part3_20260310_222748
164212355458,l,press,p01,p01_free_type_part3_20260310_222748
164272796791,l,release,p01,p01_free_type_part3_20260310_222748
164810446333,o,press,p01,p01_free_type_part3_20260310_222748
164858771750,o,release,p01,p01_free_type_part3_20260310_222748
165126335875,r,press,p01,p01_free_type_part3_20260310_222748
165206691875,r,release,p01,p01_free_type_part3_20260310_222748
165312083583,a,press,p01,p01_free_type_part3_20260310_222748
165379738791,a,release,p01,p01_free_type_part3_20260310_222748
165488339416,t,press,p01,p01_free_type_part3_20260310_222748
165532400333,t,release,p01,p01_free_type_part3_20260310_222748
165676365041,i,press,p01,p01_free_type_part3_20260310_222748
165752684000,i,release,p01,p01_free_type_part3_20260310_222748
165861194750,o,press,p01,p01_free_type_part3_20260310_222748
165897891625,o,release,p01,p01_free_type_part3_20260310_222748
166019250875,n,press,p01,p01_free_type_part3_20260310_222748
166071468708,n,release,p01,p01_free_type_part3_20260310_222748
166563336250,enter,press,p01,p01_free_type_part3_20260310_222748
166603678833,enter,release,p01,p01_free_type_part3_20260310_222748
167742088750,p,press,p01,p01_free_type_part3_20260310_222748
167789249291,p,release,p01,p01_free_type_part3_20260310_222748
167921366166,l,press,p01,p01_free_type_part3_20260310_222748
167981697083,l,release,p01,p01_free_type_part3_20260310_222748
168081186416,e,press,p01,p01_free_type_part3_20260310_222748
168157626083,e,release,p01,p01_free_type_part3_20260310_222748
168245192083,a,press,p01,p01_free_type_part3_20260310_222748
168328858625,a,release,p01,p01_free_type_part3_20260310_222748
168395329708,s,press,p01,p01_free_type_part3_20260310_222748
168451119250,s,release,p01,p01_free_type_part3_20260310_222748
168747330125,e,press,p01,p01_free_type_part3_20260310_222748
168795694291,e,release,p01,p01_free_type_part3_20260310_222748
168986291000,space,press,p01,p01_free_type_part3_20260310_222748
169050523916,space,release,p01,p01_free_type_part3_20260310_222748
169407402458,u,press,p01,p01_free_type_part3_20260310_222748
169455467250,u,release,p01,p01_free_type_part3_20260310_222748
169638347208,p,press,p01,p01_free_type_part3_20260310_222748
169698572875,p,release,p01,p01_free_type_part3_20260310_222748
169795308083,a,press,p01,p01_free_type_part3_20260310_222748
169863526541,a,release,p01,p01_free_type_part3_20260310_222748
170288149666,backspace,press,p01,p01_free_type_part3_20260310_222748
170324516500,backspace,release,p01,p01_free_type_part3_20260310_222748
170507252833,d,press,p01,p01_free_type_part3_20260310_222748
170563155916,a,press,p01,p01_free_type_part3_20260310_222748
170578788958,d,release,p01,p01_free_type_part3_20260310_222748
170675395291,a,release,p01,p01_free_type_part3_20260310_222748
170865080083,t,press,p01,p01_free_type_part3_20260310_222748
170921671083,t,release,p01,p01_free_type_part3_20260310_222748
171076175458,e,press,p01,p01_free_type_part3_20260310_222748
171124600500,e,release,p01,p01_free_type_part3_20260310_222748
171316153250,space,press,p01,p01_free_type_part3_20260310_222748
171334038000,space,release,p01,p01_free_type_part3_20260310_222748
171710181291,y,press,p01,p01_free_type_part3_20260310_222748
171762401833,y,release,p01,p01_free_type_part3_20260310_222748
171879078666,o,press,p01,p01_free_type_part3_20260310_222748
171943481375,o,release,p01,p01_free_type_part3_20260310_222748
172067074333,u,press,p01,p01_free_type_part3_20260310_222748
172123454500,u,release,p01,p01_free_type_part3_20260310_222748
172240056291,r,press,p01,p01_free_type_part3_20260310_222748
172300563916,r,release,p01,p01_free_type_part3_20260310_222748
172465012958,space,press,p01,p01_free_type_part3_20260310_222748
172496915125,space,release,p01,p01_free_type_part3_20260310_222748
172919981625,p,press,p01,p01_free_type_part3_20260310_222748
172968282083,p,release,p01,p01_free_type_part3_20260310_222748
173110019916,r,press,p01,p01_free_type_part3_20260310_222748
173194402416,r,release,p01,p01_free_type_part3_20260310_222748
173242944958,o,press,p01,p01_free_type_part3_20260310_222748
173291469125,o,release,p01,p01_free_type_part3_20260310_222748
173496175916,f,press,p01,p01_free_type_part3_20260310_222748
173572452000,f,release,p01,p01_free_type_part3_20260310_222748
173602610000,i,press,p01,p01_free_type_part3_20260310_222748
173655558416,i,release,p01,p01_free_type_part3_20260310_222748
173811075666,l,press,p01,p01_free_type_part3_20260310_222748
173875387833,l,release,p01,p01_free_type_part3_20260310_222748
173913726166,e,press,p01,p01_free_type_part3_20260310_222748
173994301458,e,release,p01,p01_free_type_part3_20260310_222748
174156168541,space,press,p01,p01_free_type_part3_20260310_222748
174216192916,space,release,p01,p01_free_type_part3_20260310_222748
174621224166,w,press,p01,p01_free_type_part3_20260310_222748
174693439125,w,release,p01,p01_free_type_part3_20260310_222748
174774893083,i,press,p01,p01_free_type_part3_20260310_222748
174859447583,i,release,p01,p01_free_type_part3_20260310_222748
174998977958,t,press,p01,p01_free_type_part3_20260310_222748
175062851458,t,release,p01,p01_free_type_part3_20260310_222748
175207196250,h,press,p01,p01_free_type_part3_20260310_222748
175263512125,h,release,p01,p01_free_type_part3_20260310_222748
175408263750,space,press,p01,p01_free_type_part3_20260310_222748
175468438916,space,release,p01,p01_free_type_part3_20260310_222748
175773162666,y,press,p01,p01_free_type_part3_20260310_222748
175829752750,y,release,p01,p01_free_type_part3_20260310_222748
175943053041,o,press,p01,p01_free_type_part3_20260310_222748
176023516333,o,release,p01,p01_free_type_part3_20260310_222748
176111001708,u,press,p01,p01_free_type_part3_20260310_222748
176179425208,u,release,p01,p01_free_type_part3_20260310_222748
176297422708,r,press,p01,p01_free_type_part3_20260310_222748
176357510291,r,release,p01,p01_free_type_part3_20260310_222748
176460024666,space,press,p01,p01_free_type_part3_20260310_222748
176508220208,space,release,p01,p01_free_type_part3_20260310_222748
177134070541,n,press,p01,p01_free_type_part3_20260310_222748
177194611083,n,release,p01,p01_free_type_part3_20260310_222748
177431025125,e,press,p01,p01_free_type_part3_20260310_222748
177507513833,e,release,p01,p01_free_type_part3_20260310_222748
177643930541,w,press,p01,p01_free_type_part3_20260310_222748
177716406166,w,release,p01,p01_free_type_part3_20260310_222748
178183860541,space,press,p01,p01_free_type_part3_20260310_222748
178240383708,space,release,p01,p01_free_type_part3_20260310_222748
178468943333,a,press,p01,p01_free_type_part3_20260310_222748
178557409416,a,release,p01,p01_free_type_part3_20260310_222748
178672349625,d,press,p01,p01_free_type_part3_20260310_222748
178764451541,d,release,p01,p01_free_type_part3_20260310_222748
178789564916,d,press,p01,p01_free_type_part3_20260310_222748
178894334666,d,release,p01,p01_free_type_part3_20260310_222748
179352010666,r,press,p01,p01_free_type_part3_20260310_222748
179432330458,r,release,p01,p01_free_type_part3_20260310_222748
179528946708,e,press,p01,p01_free_type_part3_20260310_222748
179597630250,e,release,p01,p01_free_type_part3_20260310_222748
179743939250,s,press,p01,p01_free_type_part3_20260310_222748
179816335125,s,release,p01,p01_free_type_part3_20260310_222748
179877832916,s,press,p01,p01_free_type_part3_20260310_222748
179938427791,s,release,p01,p01_free_type_part3_20260310_222748
180124855083,space,press,p01,p01_free_type_part3_20260310_222748
180176931833,space,release,p01,p01_free_type_part3_20260310_222748
180426441458,b,press,p01,p01_free_type_part3_20260310_222748
180482204958,b,release,p01,p01_free_type_part3_20260310_222748
180779942416,e,press,p01,p01_free_type_part3_20260310_222748
180840116333,e,release,p01,p01_free_type_part3_20260310_222748
181001918416,f,press,p01,p01_free_type_part3_20260310_222748
181058346083,f,release,p01,p01_free_type_part3_20260310_222748
181204564625,o,press,p01,p01_free_type_part3_20260310_222748
181248302333,o,release,p01,p01_free_type_part3_20260310_222748
181383956666,r,press,p01,p01_free_type_part3_20260310_222748
181451968083,r,release,p01,p01_free_type_part3_20260310_222748
181572929125,e,press,p01,p01_free_type_part3_20260310_222748
181665350416,e,release,p01,p01_free_type_part3_20260310_222748
181885933791,space,press,p01,p01_free_type_part3_20260310_222748
181946235916,space,release,p01,p01_free_type_part3_20260310_222748
182361954708,d,press,p01,p01_free_type_part3_20260310_222748
182442637375,d,release,p01,p01_free_type_part3_20260310_222748
182509820291,e,press,p01,p01_free_type_part3_20260310_222748
182598845583,e,release,p01,p01_free_type_part3_20260310_222748
182726985208,c,press,p01,p01_free_type_part3_20260310_222748
182779296458,c,release,p01,p01_free_type_part3_20260310_222748
182904794833,e,press,p01,p01_free_type_part3_20260310_222748
182977132958,e,release,p01,p01_free_type_part3_20260310_222748
183061928125,m,press,p01,p01_free_type_part3_20260310_222748
183118340375,m,release,p01,p01_free_type_part3_20260310_222748
183346839458,b,press,p01,p01_free_type_part3_20260310_222748
183391355750,b,release,p01,p01_free_type_part3_20260310_222748
183414392041,e,press,p01,p01_free_type_part3_20260310_222748
183507038125,e,release,p01,p01_free_type_part3_20260310_222748
183655860791,r,press,p01,p01_free_type_part3_20260310_222748
183740067166,r,release,p01,p01_free_type_part3_20260310_222748
183855036208,space,press,p01,p01_free_type_part3_20260310_222748
183915305208,space,release,p01,p01_free_type_part3_20260310_222748
184524884958,3,press,p01,p01_free_type_part3_20260310_222748
184589322833,3,release,p01,p01_free_type_part3_20260310_222748
184803763291,1,press,p01,p01_free_type_part3_20260310_222748
184864247125,1,release,p01,p01_free_type_part3_20260310_222748
185341837333,enter,press,p01,p01_free_type_part3_20260310_222748
185382168291,enter,release,p01,p01_free_type_part3_20260310_222748
186795836208,t,press,p01,p01_free_type_part3_20260310_222748
186848423500,t,release,p01,p01_free_type_part3_20260310_222748
186987852125,h,press,p01,p01_free_type_part3_20260310_222748
187048283375,h,release,p01,p01_free_type_part3_20260310_222748
187134764916,e,press,p01,p01_free_type_part3_20260310_222748
187218885916,e,release,p01,p01_free_type_part3_20260310_222748
187303679958,space,press,p01,p01_free_type_part3_20260310_222748
187375698250,space,release,p01,p01_free_type_part3_20260310_222748
187618941166,c,press,p01,p01_free_type_part3_20260310_222748
187686809791,c,release,p01,p01_free_type_part3_20260310_222748
187687465500,o,press,p01,p01_free_type_part3_20260310_222748
187743155125,o,release,p01,p01_free_type_part3_20260310_222748
187912305208,n,press,p01,p01_free_type_part3_20260310_222748
187960323333,n,release,p01,p01_free_type_part3_20260310_222748
188246897125,c,press,p01,p01_free_type_part3_20260310_222748
188331248791,c,release,p01,p01_free_type_part3_20260310_222748
188524634833,e,press,p01,p01_free_type_part3_20260310_222748
188601349750,e,release,p01,p01_free_type_part3_20260310_222748
188832739166,r,press,p01,p01_free_type_part3_20260310_222748
188897123791,r,release,p01,p01_free_type_part3_20260310_222748
189079764125,t,press,p01,p01_free_type_part3_20260310_222748
189136337125,t,release,p01,p01_free_type_part3_20260310_222748
189279629666,space,press,p01,p01_free_type_part3_20260310_222748
189336426708,space,release,p01,p01_free_type_part3_20260310_222748
189718782416,t,press,p01,p01_free_type_part3_20260310_222748
189771288333,t,release,p01,p01_free_type_part3_20260310_222748
189941739541,i,press,p01,p01_free_type_part3_20260310_222748
189986030416,i,release,p01,p01_free_type_part3_20260310_222748
190118957375,c,press,p01,p01_free_type_part3_20260310_222748
190166477416,c,release,p01,p01_free_type_part3_20260310_222748
190183107166,k,press,p01,p01_free_type_part3_20260310_222748
190220133083,k,release,p01,p01_free_type_part3_20260310_222748
190858673375,e,press,p01,p01_free_type_part3_20260310_222748
190951462666,e,release,p01,p01_free_type_part3_20260310_222748
190984538916,t,press,p01,p01_free_type_part3_20260310_222748
191048919375,t,release,p01,p01_free_type_part3_20260310_222748
191174583083,s,press,p01,p01_free_type_part3_20260310_222748
191243196291,s,release,p01,p01_free_type_part3_20260310_222748
191414784583,space,press,p01,p01_free_type_part3_20260310_222748
191486896000,space,release,p01,p01_free_type_part3_20260310_222748
191809689125,c,press,p01,p01_free_type_part3_20260310_222748
191874192625,c,release,p01,p01_free_type_part3_20260310_222748
192028778458,o,press,p01,p01_free_type_part3_20260310_222748
192069290541,o,release,p01,p01_free_type_part3_20260310_222748
192229881666,s,press,p01,p01_free_type_part3_20260310_222748
192321460208,s,release,p01,p01_free_type_part3_20260310_222748
192644130583,t,press,p01,p01_free_type_part3_20260310_222748
192712822916,t,release,p01,p01_free_type_part3_20260310_222748
192860066250,space,press,p01,p01_free_type_part3_20260310_222748
192908981250,space,release,p01,p01_free_type_part3_20260310_222748
193713821541,7,press,p01,p01_free_type_part3_20260310_222748
193782106291,7,release,p01,p01_free_type_part3_20260310_222748
194082300375,5,press,p01,p01_free_type_part3_20260310_222748
194114965833,5,release,p01,p01_free_type_part3_20260310_222748
194486981458,space,press,p01,p01_free_type_part3_20260310_222748
194543023791,space,release,p01,p01_free_type_part3_20260310_222748
194920741166,d,press,p01,p01_free_type_part3_20260310_222748
194989530291,d,release,p01,p01_free_type_part3_20260310_222748
195041475291,o,press,p01,p01_free_type_part3_20260310_222748
195102016708,o,release,p01,p01_free_type_part3_20260310_222748
195232686458,l,press,p01,p01_free_type_part3_20260310_222748
195285121166,l,release,p01,p01_free_type_part3_20260310_222748
195360556416,l,press,p01,p01_free_type_part3_20260310_222748
195393231208,l,release,p01,p01_free_type_part3_20260310_222748
195502622375,a,press,p01,p01_free_type_part3_20260310_222748
195558849916,a,release,p01,p01_free_type_part3_20260310_222748
195753406041,r,press,p01,p01_free_type_part3_20260310_222748
195821907291,r,release,p01,p01_free_type_part3_20260310_222748
196161710291,s,press,p01,p01_free_type_part3_20260310_222748
196209688875,s,release,p01,p01_free_type_part3_20260310_222748
196417497291,space,press,p01,p01_free_type_part3_20260310_222748
196477669208,space,release,p01,p01_free_type_part3_20260310_222748
196685528250,e,press,p01,p01_free_type_part3_20260310_222748
196757941916,e,release,p01,p01_free_type_part3_20260310_222748
196865542833,c,press,p01,p01_free_type_part3_20260310_222748
196941928791,c,release,p01,p01_free_type_part3_20260310_222748
197422323916,backspace,press,p01,p01_free_type_part3_20260310_222748
197469985291,backspace,release,p01,p01_free_type_part3_20260310_222748
197529383958,a,press,p01,p01_free_type_part3_20260310_222748
197590099666,a,release,p01,p01_free_type_part3_20260310_222748
197802522250,c,press,p01,p01_free_type_part3_20260310_222748
197862964416,c,release,p01,p01_free_type_part3_20260310_222748
197897120583,h,press,p01,p01_free_type_part3_20260310_222748
197969854166,h,release,p01,p01_free_type_part3_20260310_222748
198288630041,space,press,p01,p01_free_type_part3_20260310_222748
198352867916,space,release,p01,p01_free_type_part3_20260310_222748
198479592958,a,press,p01,p01_free_type_part3_20260310_222748
198564000375,a,release,p01,p01_free_type_part3_20260310_222748
198610506583,n,press,p01,p01_free_type_part3_20260310_222748
198654950791,n,release,p01,p01_free_type_part3_20260310_222748
198826631666,d,press,p01,p01_free_type_part3_20260310_222748
198899067333,d,release,p01,p01_free_type_part3_20260310_222748
199026611833,space,press,p01,p01_free_type_part3_20260310_222748
199079114916,space,release,p01,p01_free_type_part3_20260310_222748
199475619041,w,press,p01,p01_free_type_part3_20260310_222748
199555934166,w,release,p01,p01_free_type_part3_20260310_222748
199678531708,e,press,p01,p01_free_type_part3_20260310_222748
199742990916,e,release,p01,p01_free_type_part3_20260310_222748
199845445333,space,press,p01,p01_free_type_part3_20260310_222748
199926370583,space,release,p01,p01_free_type_part3_20260310_222748
200145567291,n,press,p01,p01_free_type_part3_20260310_222748
200198045500,n,release,p01,p01_free_type_part3_20260310_222748
200390500125,e,press,p01,p01_free_type_part3_20260310_222748
200427584166,e,release,p01,p01_free_type_part3_20260310_222748
200519568416,e,press,p01,p01_free_type_part3_20260310_222748
200587791791,e,release,p01,p01_free_type_part3_20260310_222748
200784445625,d,press,p01,p01_free_type_part3_20260310_222748
200837082500,d,release,p01,p01_free_type_part3_20260310_222748
200922451708,space,press,p01,p01_free_type_part3_20260310_222748
200982850333,space,release,p01,p01_free_type_part3_20260310_222748
202606386500,4,press,p01,p01_free_type_part3_20260310_222748
202674835958,4,release,p01,p01_free_type_part3_20260310_222748
203257583750,space,press,p01,p01_free_type_part3_20260310_222748
203321879166,space,release,p01,p01_free_type_part3_20260310_222748
203455742833,o,press,p01,p01_free_type_part3_20260310_222748
203523841583,o,release,p01,p01_free_type_part3_20260310_222748
203601142125,f,press,p01,p01_free_type_part3_20260310_222748
203681495666,f,release,p01,p01_free_type_part3_20260310_222748
203777331916,space,press,p01,p01_free_type_part3_20260310_222748
203825814458,space,release,p01,p01_free_type_part3_20260310_222748
204214440458,t,press,p01,p01_free_type_part3_20260310_222748
204262799208,t,release,p01,p01_free_type_part3_20260310_222748
204395400333,h,press,p01,p01_free_type_part3_20260310_222748
204451931208,h,release,p01,p01_free_type_part3_20260310_222748
204494103833,e,press,p01,p01_free_type_part3_20260310_222748
204574805916,e,release,p01,p01_free_type_part3_20260310_222748
204641538833,m,press,p01,p01_free_type_part3_20260310_222748
204701698458,m,release,p01,p01_free_type_part3_20260310_222748
204975371083,enter,press,p01,p01_free_type_part3_20260310_222748
205031754666,enter,release,p01,p01_free_type_part3_20260310_222748
206396422875,t,press,p01,p01_free_type_part3_20260310_222748
206444874750,t,release,p01,p01_free_type_part3_20260310_222748
206564539666,h,press,p01,p01_free_type_part3_20260310_222748
206652772958,h,release,p01,p01_free_type_part3_20260310_222748
206712467416,e,press,p01,p01_free_type_part3_20260310_222748
206788801083,e,release,p01,p01_free_type_part3_20260310_222748
206904401875,space,press,p01,p01_free_type_part3_20260310_222748
206968740875,space,release,p01,p01_free_type_part3_20260310_222748
207282437416,q,press,p01,p01_free_type_part3_20260310_222748
207366616708,q,release,p01,p01_free_type_part3_20260310_222748
207459381583,u,press,p01,p01_free_type_part3_20260310_222748
207523722500,u,release,p01,p01_free_type_part3_20260310_222748
207630308791,i,press,p01,p01_free_type_part3_20260310_222748
207686858666,i,release,p01,p01_free_type_part3_20260310_222748
207867339541,z,press,p01,p01_free_type_part3_20260310_222748
207951638291,z,release,p01,p01_free_type_part3_20260310_222748
208625306000,space,press,p01,p01_free_type_part3_20260310_222748
208693693833,space,release,p01,p01_free_type_part3_20260310_222748
208799462291,w,press,p01,p01_free_type_part3_20260310_222748
208879839333,w,release,p01,p01_free_type_part3_20260310_222748
208973406166,a,press,p01,p01_free_type_part3_20260310_222748
209049672333,a,release,p01,p01_free_type_part3_20260310_222748
209146278666,s,press,p01,p01_free_type_part3_20260310_222748
209226741375,s,release,p01,p01_free_type_part3_20260310_222748
209384463958,space,press,p01,p01_free_type_part3_20260310_222748
209436704583,space,release,p01,p01_free_type_part3_20260310_222748
209992461458,e,press,p01,p01_free_type_part3_20260310_222748
210067930541,e,release,p01,p01_free_type_part3_20260310_222748
210247482041,x,press,p01,p01_free_type_part3_20260310_222748
210331995666,x,release,p01,p01_free_type_part3_20260310_222748
210523239625,t,press,p01,p01_free_type_part3_20260310_222748
210579116291,t,release,p01,p01_free_type_part3_20260310_222748
210726188625,r,press,p01,p01_free_type_part3_20260310_222748
210786689916,r,release,p01,p01_free_type_part3_20260310_222748
210803848166,e,press,p01,p01_free_type_part3_20260310_222748
210852738333,e,release,p01,p01_free_type_part3_20260310_222748
211389321958,m,press,p01,p01_free_type_part3_20260310_222748
211441575541,m,release,p01,p01_free_type_part3_20260310_222748
211490742916,e,press,p01,p01_free_type_part3_20260310_222748
211566553708,e,release,p01,p01_free_type_part3_20260310_222748
211643234083,l,press,p01,p01_free_type_part3_20260310_222748
211707689791,l,release,p01,p01_free_type_part3_20260310_222748
212254966083,y,press,p01,p01_free_type_part3_20260310_222748
212303799250,y,release,p01,p01_free_type_part3_20260310_222748
212405322375,space,press,p01,p01_free_type_part3_20260310_222748
212449588083,space,release,p01,p01_free_type_part3_20260310_222748
212667142041,d,press,p01,p01_free_type_part3_20260310_222748
212731709916,d,release,p01,p01_free_type_part3_20260310_222748
212771703750,i,press,p01,p01_free_type_part3_20260310_222748
212820550166,i,release,p01,p01_free_type_part3_20260310_222748
213001951875,f,press,p01,p01_free_type_part3_20260310_222748
213050682083,f,release,p01,p01_free_type_part3_20260310_222748
213161244791,f,press,p01,p01_free_type_part3_20260310_222748
213180751291,f,release,p01,p01_free_type_part3_20260310_222748
213588311375,i,press,p01,p01_free_type_part3_20260310_222748
213640832625,i,release,p01,p01_free_type_part3_20260310_222748
214382329875,c,press,p01,p01_free_type_part3_20260310_222748
214474605125,c,release,p01,p01_free_type_part3_20260310_222748
214889388166,u,press,p01,p01_free_type_part3_20260310_222748
214945627916,u,release,p01,p01_free_type_part3_20260310_222748
215066216041,l,press,p01,p01_free_type_part3_20260310_222748
215138692708,l,release,p01,p01_free_type_part3_20260310_222748
215383203583,t,press,p01,p01_free_type_part3_20260310_222748
215435185416,t,release,p01,p01_free_type_part3_20260310_222748
215569186125,space,press,p01,p01_free_type_part3_20260310_222748
215621657875,space,release,p01,p01_free_type_part3_20260310_222748
215869139958,b,press,p01,p01_free_type_part3_20260310_222748
215929646375,b,release,p01,p01_free_type_part3_20260310_222748
216003150083,u,press,p01,p01_free_type_part3_20260310_222748
216079585208,u,release,p01,p01_free_type_part3_20260310_222748
216198194750,t,press,p01,p01_free_type_part3_20260310_222748
216246592083,t,release,p01,p01_free_type_part3_20260310_222748
216386181791,space,press,p01,p01_free_type_part3_20260310_222748
216438620708,space,release,p01,p01_free_type_part3_20260310_222748
216795226666,q,press,p01,p01_free_type_part3_20260310_222748
216887267625,q,release,p01,p01_free_type_part3_20260310_222748
216937107833,u,press,p01,p01_free_type_part3_20260310_222748
216997523208,u,release,p01,p01_free_type_part3_20260310_222748
217091148625,i,press,p01,p01_free_type_part3_20260310_222748
217152210625,i,release,p01,p01_free_type_part3_20260310_222748
217361182750,t,press,p01,p01_free_type_part3_20260310_222748
217405724333,t,release,p01,p01_free_type_part3_20260310_222748
217480078541,e,press,p01,p01_free_type_part3_20260310_222748
217556456333,e,release,p01,p01_free_type_part3_20260310_222748
217647077458,space,press,p01,p01_free_type_part3_20260310_222748
217703500416,space,release,p01,p01_free_type_part3_20260310_222748
218067122166,f,press,p01,p01_free_type_part3_20260310_222748
218135649541,f,release,p01,p01_free_type_part3_20260310_222748
218209026416,a,press,p01,p01_free_type_part3_20260310_222748
218309479291,a,release,p01,p01_free_type_part3_20260310_222748
218399107083,i,press,p01,p01_free_type_part3_20260310_222748
218460366166,i,release,p01,p01_free_type_part3_20260310_222748
218588691583,r,press,p01,p01_free_type_part3_20260310_222748
218676372625,r,release,p01,p01_free_type_part3_20260310_222748
218856066875,space,press,p01,p01_free_type_part3_20260310_222748
218896488291,space,release,p01,p01_free_type_part3_20260310_222748
219452212458,o,press,p01,p01_free_type_part3_20260310_222748
219484425666,o,release,p01,p01_free_type_part3_20260310_222748
219783955458,v,press,p01,p01_free_type_part3_20260310_222748
219836509458,v,release,p01,p01_free_type_part3_20260310_222748
219906967625,e,press,p01,p01_free_type_part3_20260310_222748
220003333375,e,release,p01,p01_free_type_part3_20260310_222748
220123985291,r,press,p01,p01_free_type_part3_20260310_222748
220188255250,r,release,p01,p01_free_type_part3_20260310_222748
220404103916,a,press,p01,p01_free_type_part3_20260310_222748
220499933875,l,press,p01,p01_free_type_part3_20260310_222748
220511969583,a,release,p01,p01_free_type_part3_20260310_222748
220540308958,l,release,p01,p01_free_type_part3_20260310_222748
220610765166,l,press,p01,p01_free_type_part3_20260310_222748
220667658625,l,release,p01,p01_free_type_part3_20260310_222748
220907116041,enter,press,p01,p01_free_type_part3_20260310_222748
220971573458,enter,release,p01,p01_free_type_part3_20260310_222748
222219163000,j,press,p01,p01_free_type_part3_20260310_222748
222291567750,j,release,p01,p01_free_type_part3_20260310_222748
222326867666,a,press,p01,p01_free_type_part3_20260310_222748
222415469333,a,release,p01,p01_free_type_part3_20260310_222748
222667999333,z,press,p01,p01_free_type_part3_20260310_222748
222728515750,z,release,p01,p01_free_type_part3_20260310_222748
222810916208,z,press,p01,p01_free_type_part3_20260310_222748
222899236875,z,release,p01,p01_free_type_part3_20260310_222748
222991052166,space,press,p01,p01_free_type_part3_20260310_222748
223055554000,space,release,p01,p01_free_type_part3_20260310_222748
223531175833,u,press,p01,p01_free_type_part3_20260310_222748
223559559666,u,release,p01,p01_free_type_part3_20260310_222748
224047127708,backspace,press,p01,p01_free_type_part3_20260310_222748
224087365500,backspace,release,p01,p01_free_type_part3_20260310_222748
224336152958,m,press,p01,p01_free_type_part3_20260310_222748
224400429333,m,release,p01,p01_free_type_part3_20260310_222748
224671179333,u,press,p01,p01_free_type_part3_20260310_222748
224723402625,u,release,p01,p01_free_type_part3_20260310_222748
224856125458,s,press,p01,p01_free_type_part3_20260310_222748
224927995041,i,press,p01,p01_free_type_part3_20260310_222748
224935341583,s,release,p01,p01_free_type_part3_20260310_222748
224996471541,i,release,p01,p01_free_type_part3_20260310_222748
225233859666,c,press,p01,p01_free_type_part3_20260310_222748
225262684833,c,release,p01,p01_free_type_part3_20260310_222748
225537428875,i,press,p01,p01_free_type_part3_20260310_222748
225590465625,i,release,p01,p01_free_type_part3_20260310_222748
225724030750,a,press,p01,p01_free_type_part3_20260310_222748
225804490125,a,release,p01,p01_free_type_part3_20260310_222748
225821415708,n,press,p01,p01_free_type_part3_20260310_222748
225874497500,n,release,p01,p01_free_type_part3_20260310_222748
226010089708,s,press,p01,p01_free_type_part3_20260310_222748
226094472291,s,release,p01,p01_free_type_part3_20260310_222748
226289556208,space,press,p01,p01_free_type_part3_20260310_222748
226370136625,space,release,p01,p01_free_type_part3_20260310_222748
226769945958,o,press,p01,p01_free_type_part3_20260310_222748
226794454291,o,release,p01,p01_free_type_part3_20260310_222748
227274005541,f,press,p01,p01_free_type_part3_20260310_222748
227358291041,f,release,p01,p01_free_type_part3_20260310_222748
227547709625,t,press,p01,p01_free_type_part3_20260310_222748
227604293666,t,release,p01,p01_free_type_part3_20260310_222748
227662859125,e,press,p01,p01_free_type_part3_20260310_222748
227727261666,e,release,p01,p01_free_type_part3_20260310_222748
227857088875,n,press,p01,p01_free_type_part3_20260310_222748
227933218416,n,release,p01,p01_free_type_part3_20260310_222748
228187859291,space,press,p01,p01_free_type_part3_20260310_222748
228240119625,space,release,p01,p01_free_type_part3_20260310_222748
228826913625,e,press,p01,p01_free_type_part3_20260310_222748
228879387166,e,release,p01,p01_free_type_part3_20260310_222748
229056820208,x,press,p01,p01_free_type_part3_20260310_222748
229137383500,x,release,p01,p01_free_type_part3_20260310_222748
229283798708,p,press,p01,p01_free_type_part3_20260310_222748
229328357416,p,release,p01,p01_free_type_part3_20260310_222748
229466947208,l,press,p01,p01_free_type_part3_20260310_222748
229523354708,l,release,p01,p01_free_type_part3_20260310_222748
229854031416,o,press,p01,p01_free_type_part3_20260310_222748
229906331791,o,release,p01,p01_free_type_part3_20260310_222748
230062755083,r,press,p01,p01_free_type_part3_20260310_222748
230127250750,r,release,p01,p01_free_type_part3_20260310_222748
230306962500,e,press,p01,p01_free_type_part3_20260310_222748
230399165625,e,release,p01,p01_free_type_part3_20260310_222748
230521956875,space,press,p01,p01_free_type_part3_20260310_222748
230570217750,space,release,p01,p01_free_type_part3_20260310_222748
231354040458,c,press,p01,p01_free_type_part3_20260310_222748
231434198375,c,release,p01,p01_free_type_part3_20260310_222748
231473666125,o,press,p01,p01_free_type_part3_20260310_222748
231522321541,o,release,p01,p01_free_type_part3_20260310_222748
231649862291,m,press,p01,p01_free_type_part3_20260310_222748
231726316000,m,release,p01,p01_free_type_part3_20260310_222748
231878873625,l,press,p01,p01_free_type_part3_20260310_222748
231931365000,l,release,p01,p01_free_type_part3_20260310_222748
232384873625,backspace,press,p01,p01_free_type_part3_20260310_222748
232445229833,backspace,release,p01,p01_free_type_part3_20260310_222748
232964958416,p,press,p01,p01_free_type_part3_20260310_222748
233025278708,p,release,p01,p01_free_type_part3_20260310_222748
233142748375,l,press,p01,p01_free_type_part3_20260310_222748
233207294375,l,release,p01,p01_free_type_part3_20260310_222748
233242292541,e,press,p01,p01_free_type_part3_20260310_222748
233311180625,e,release,p01,p01_free_type_part3_20260310_222748
233480794166,x,press,p01,p01_free_type_part3_20260310_222748
233561137041,x,release,p01,p01_free_type_part3_20260310_222748
233695766416,space,press,p01,p01_free_type_part3_20260310_222748
233760277125,space,release,p01,p01_free_type_part3_20260310_222748
234819677958,r,press,p01,p01_free_type_part3_20260310_222748
234899975333,r,release,p01,p01_free_type_part3_20260310_222748
235888948625,h,press,p01,p01_free_type_part3_20260310_222748
235957215583,h,release,p01,p01_free_type_part3_20260310_222748
236194715833,y,press,p01,p01_free_type_part3_20260310_222748
236251345500,y,release,p01,p01_free_type_part3_20260310_222748
237507741250,t,press,p01,p01_free_type_part3_20260310_222748
237556201916,t,release,p01,p01_free_type_part3_20260310_222748
237687683041,h,press,p01,p01_free_type_part3_20260310_222748
237756057458,h,release,p01,p01_free_type_part3_20260310_222748
237940624291,m,press,p01,p01_free_type_part3_20260310_222748
237997192166,m,release,p01,p01_free_type_part3_20260310_222748
238111585416,s,press,p01,p01_free_type_part3_20260310_222748
238196311458,s,release,p01,p01_free_type_part3_20260310_222748
238294704958,space,press,p01,p01_free_type_part3_20260310_222748
238370968750,space,release,p01,p01_free_type_part3_20260310_222748
238445610333,a,press,p01,p01_free_type_part3_20260310_222748
238518113291,a,release,p01,p01_free_type_part3_20260310_222748
238564244041,n,press,p01,p01_free_type_part3_20260310_222748
238624407500,n,release,p01,p01_free_type_part3_20260310_222748
238750616791,d,press,p01,p01_free_type_part3_20260310_222748
238835093541,d,release,p01,p01_free_type_part3_20260310_222748
238883393333,space,press,p01,p01_free_type_part3_20260310_222748
238935834750,space,release,p01,p01_free_type_part3_20260310_222748
239105802666,e,press,p01,p01_free_type_part3_20260310_222748
239162215875,e,release,p01,p01_free_type_part3_20260310_222748
239358653875,x,press,p01,p01_free_type_part3_20260310_222748
239442970916,x,release,p01,p01_free_type_part3_20260310_222748
240312830333,o,press,p01,p01_free_type_part3_20260310_222748
240357283875,o,release,p01,p01_free_type_part3_20260310_222748
241041697833,t,press,p01,p01_free_type_part3_20260310_222748
241081577791,t,release,p01,p01_free_type_part3_20260310_222748
241616715291,i,press,p01,p01_free_type_part3_20260310_222748
241681084583,i,release,p01,p01_free_type_part3_20260310_222748
241781625583,c,press,p01,p01_free_type_part3_20260310_222748
241857956791,c,release,p01,p01_free_type_part3_20260310_222748
241934373833,space,press,p01,p01_free_type_part3_20260310_222748
242006867416,space,release,p01,p01_free_type_part3_20260310_222748
242125641500,s,press,p01,p01_free_type_part3_20260310_222748
242206019208,s,release,p01,p01_free_type_part3_20260310_222748
242298638375,c,press,p01,p01_free_type_part3_20260310_222748
242363117000,c,release,p01,p01_free_type_part3_20260310_222748
242702708625,a,press,p01,p01_free_type_part3_20260310_222748
242790926541,a,release,p01,p01_free_type_part3_20260310_222748
243146619916,l,press,p01,p01_free_type_part3_20260310_222748
243199138000,l,release,p01,p01_free_type_part3_20260310_222748
243285534041,e,press,p01,p01_free_type_part3_20260310_222748
243341847625,e,release,p01,p01_free_type_part3_20260310_222748
243478674583,s,press,p01,p01_free_type_part3_20260310_222748
243538987041,s,release,p01,p01_free_type_part3_20260310_222748
243762513083,enter,press,p01,p01_free_type_part3_20260310_222748
243834939750,enter,release,p01,p01_free_type_part3_20260310_222748
245051640375,t,press,p01,p01_free_type_part3_20260310_222748
245100304541,t,release,p01,p01_free_type_part3_20260310_222748
245223670125,h,press,p01,p01_free_type_part3_20260310_222748
245307968083,h,release,p01,p01_free_type_part3_20260310_222748
245362549166,e,press,p01,p01_free_type_part3_20260310_222748
245446996583,e,release,p01,p01_free_type_part3_20260310_222748
245570426666,space,press,p01,p01_free_type_part3_20260310_222748
245631043458,space,release,p01,p01_free_type_part3_20260310_222748
246050687333,z,press,p01,p01_free_type_part3_20260310_222748
246150818583,z,release,p01,p01_free_type_part3_20260310_222748
246422548666,o,press,p01,p01_free_type_part3_20260310_222748
246466903291,o,release,p01,p01_free_type_part3_20260310_222748
246549532333,o,press,p01,p01_free_type_part3_20260310_222748
246601896458,o,release,p01,p01_free_type_part3_20260310_222748
247383663083,k,press,p01,p01_free_type_part3_20260310_222748
247443893833,k,release,p01,p01_free_type_part3_20260310_222748
248064771791,e,press,p01,p01_free_type_part3_20260310_222748
248129090583,e,release,p01,p01_free_type_part3_20260310_222748
248182438833,e,press,p01,p01_free_type_part3_20260310_222748
248262940958,e,release,p01,p01_free_type_part3_20260310_222748
248414621875,p,press,p01,p01_free_type_part3_20260310_222748
248466701750,p,release,p01,p01_free_type_part3_20260310_222748
248613394250,e,press,p01,p01_free_type_part3_20260310_222748
248661870708,e,release,p01,p01_free_type_part3_20260310_222748
248859442916,r,press,p01,p01_free_type_part3_20260310_222748
248911762791,r,release,p01,p01_free_type_part3_20260310_222748
249050244333,space,press,p01,p01_free_type_part3_20260310_222748
249103644791,space,release,p01,p01_free_type_part3_20260310_222748
249570601708,e,press,p01,p01_free_type_part3_20260310_222748
249659482208,e,release,p01,p01_free_type_part3_20260310_222748
249901426333,x,press,p01,p01_free_type_part3_20260310_222748
249977803791,x,release,p01,p01_free_type_part3_20260310_222748
250087373291,a,press,p01,p01_free_type_part3_20260310_222748
250167782458,a,release,p01,p01_free_type_part3_20260310_222748
250827547583,m,press,p01,p01_free_type_part3_20260310_222748
250879813833,m,release,p01,p01_free_type_part3_20260310_222748
251040392333,i,press,p01,p01_free_type_part3_20260310_222748
251088721916,i,release,p01,p01_free_type_part3_20260310_222748
251178399125,n,press,p01,p01_free_type_part3_20260310_222748
251246839625,n,release,p01,p01_free_type_part3_20260310_222748
251601472458,e,press,p01,p01_free_type_part3_20260310_222748
251673896208,e,release,p01,p01_free_type_part3_20260310_222748
251771500208,d,press,p01,p01_free_type_part3_20260310_222748
251839818208,d,release,p01,p01_free_type_part3_20260310_222748
251922397875,space,press,p01,p01_free_type_part3_20260310_222748
251998730791,space,release,p01,p01_free_type_part3_20260310_222748
252349632125,t,press,p01,p01_free_type_part3_20260310_222748
252397876916,t,release,p01,p01_free_type_part3_20260310_222748
252527384958,h,press,p01,p01_free_type_part3_20260310_222748
252599441791,h,release,p01,p01_free_type_part3_20260310_222748
252661314791,e,press,p01,p01_free_type_part3_20260310_222748
252721700291,e,release,p01,p01_free_type_part3_20260310_222748
252789459125,space,press,p01,p01_free_type_part3_20260310_222748
252865589500,space,release,p01,p01_free_type_part3_20260310_222748
253082443791,j,press,p01,p01_free_type_part3_20260310_222748
253138736916,j,release,p01,p01_free_type_part3_20260310_222748
253708429000,n,press,p01,p01_free_type_part3_20260310_222748
253764748500,n,release,p01,p01_free_type_part3_20260310_222748
253942418916,j,press,p01,p01_free_type_part3_20260310_222748
254002867958,j,release,p01,p01_free_type_part3_20260310_222748
254408284041,u,press,p01,p01_free_type_part3_20260310_222748
254472278625,u,release,p01,p01_free_type_part3_20260310_222748
254588231166,r,press,p01,p01_free_type_part3_20260310_222748
254668588125,r,release,p01,p01_free_type_part3_20260310_222748
254727201666,e,press,p01,p01_free_type_part3_20260310_222748
254815537625,e,release,p01,p01_free_type_part3_20260310_222748
254942414666,d,press,p01,p01_free_type_part3_20260310_222748
255022624083,d,release,p01,p01_free_type_part3_20260310_222748
255094234541,space,press,p01,p01_free_type_part3_20260310_222748
255159343750,space,release,p01,p01_free_type_part3_20260310_222748
255776292000,o,press,p01,p01_free_type_part3_20260310_222748
255800700541,o,release,p01,p01_free_type_part3_20260310_222748
256227281375,backspace,press,p01,p01_free_type_part3_20260310_222748
256283618666,backspace,release,p01,p01_free_type_part3_20260310_222748
256477191291,f,press,p01,p01_free_type_part3_20260310_222748
256549651375,f,release,p01,p01_free_type_part3_20260310_222748
256619926625,o,press,p01,p01_free_type_part3_20260310_222748
256667271625,o,release,p01,p01_free_type_part3_20260310_222748
256807360416,x,press,p01,p01_free_type_part3_20260310_222748
256883578541,x,release,p01,p01_free_type_part3_20260310_222748
257067464875,space,press,p01,p01_free_type_part3_20260310_222748
257119731916,space,release,p01,p01_free_type_part3_20260310_222748
257498488375,v,press,p01,p01_free_type_part3_20260310_222748
257562564625,v,release,p01,p01_free_type_part3_20260310_222748
257588952750,e,press,p01,p01_free_type_part3_20260310_222748
257669671541,e,release,p01,p01_free_type_part3_20260310_222748
257822194166,r,press,p01,p01_free_type_part3_20260310_222748
257898593375,r,release,p01,p01_free_type_part3_20260310_222748
257954244708,y,press,p01,p01_free_type_part3_20260310_222748
258007018875,y,release,p01,p01_free_type_part3_20260310_222748
258507360375,space,press,p01,p01_free_type_part3_20260310_222748
258555839916,space,release,p01,p01_free_type_part3_20260310_222748
258658223166,a,press,p01,p01_free_type_part3_20260310_222748
258658776083,c,press,p01,p01_free_type_part3_20260310_222748
258694126041,c,release,p01,p01_free_type_part3_20260310_222748
258778640333,a,release,p01,p01_free_type_part3_20260310_222748
259034661666,r,press,p01,p01_free_type_part3_20260310_222748
259103711833,r,release,p01,p01_free_type_part3_20260310_222748
259446228375,backspace,press,p01,p01_free_type_part3_20260310_222748
259495454291,backspace,release,p01,p01_free_type_part3_20260310_222748
259609142000,backspace,press,p01,p01_free_type_part3_20260310_222748
259653574083,backspace,release,p01,p01_free_type_part3_20260310_222748
259750973541,backspace,press,p01,p01_free_type_part3_20260310_222748
259803547000,backspace,release,p01,p01_free_type_part3_20260310_222748
259931309291,c,press,p01,p01_free_type_part3_20260310_222748
259987253166,a,press,p01,p01_free_type_part3_20260310_222748
260003188416,c,release,p01,p01_free_type_part3_20260310_222748
260071149250,a,release,p01,p01_free_type_part3_20260310_222748
260411141041,r,press,p01,p01_free_type_part3_20260310_222748
260499397041,r,release,p01,p01_free_type_part3_20260310_222748
260649225458,e,press,p01,p01_free_type_part3_20260310_222748
260717391958,e,release,p01,p01_free_type_part3_20260310_222748
261129390750,f,press,p01,p01_free_type_part3_20260310_222748
261213422333,f,release,p01,p01_free_type_part3_20260310_222748
261329191708,u,press,p01,p01_free_type_part3_20260310_222748
261377089000,u,release,p01,p01_free_type_part3_20260310_222748
261557352250,l,press,p01,p01_free_type_part3_20260310_222748
261638413375,l,release,p01,p01_free_type_part3_20260310_222748
261718256416,l,press,p01,p01_free_type_part3_20260310_222748
261774496125,l,release,p01,p01_free_type_part3_20260310_222748
262000101791,y,press,p01,p01_free_type_part3_20260310_222748
262052825375,y,release,p01,p01_free_type_part3_20260310_222748
262331148791,enter,press,p01,p01_free_type_part3_20260310_222748
262375491958,enter,release,p01,p01_free_type_part3_20260310_222748
263656314208,t,press,p01,p01_free_type_part3_20260310_222748
263704205041,t,release,p01,p01_free_type_part3_20260310_222748
263843223000,h,press,p01,p01_free_type_part3_20260310_222748
263907631083,h,release,p01,p01_free_type_part3_20260310_222748
263984043208,e,press,p01,p01_free_type_part3_20260310_222748
264065131000,e,release,p01,p01_free_type_part3_20260310_222748
264199113041,space,press,p01,p01_free_type_part3_20260310_222748
264259715125,space,release,p01,p01_free_type_part3_20260310_222748
264597182500,z,press,p01,p01_free_type_part3_20260310_222748
264689515833,z,release,p01,p01_free_type_part3_20260310_222748
265986191958,o,press,p01,p01_free_type_part3_20260310_222748
266026157958,o,release,p01,p01_free_type_part3_20260310_222748
266105848958,o,press,p01,p01_free_type_part3_20260310_222748
266142602958,o,release,p01,p01_free_type_part3_20260310_222748
266957161708,k,press,p01,p01_free_type_part3_20260310_222748
267017435958,k,release,p01,p01_free_type_part3_20260310_222748
267188200541,e,press,p01,p01_free_type_part3_20260310_222748
267252321375,e,release,p01,p01_free_type_part3_20260310_222748
267305934000,e,press,p01,p01_free_type_part3_20260310_222748
267394551916,e,release,p01,p01_free_type_part3_20260310_222748
267530068750,p,press,p01,p01_free_type_part3_20260310_222748
267586453166,p,release,p01,p01_free_type_part3_20260310_222748
267715877375,e,press,p01,p01_free_type_part3_20260310_222748
267780527291,e,release,p01,p01_free_type_part3_20260310_222748
267918025500,r,press,p01,p01_free_type_part3_20260310_222748
267990370791,r,release,p01,p01_free_type_part3_20260310_222748
268082787875,space,press,p01,p01_free_type_part3_20260310_222748
268155469416,space,release,p01,p01_free_type_part3_20260310_222748
268372129000,e,press,p01,p01_free_type_part3_20260310_222748
268424659083,e,release,p01,p01_free_type_part3_20260310_222748
268620051583,x,press,p01,p01_free_type_part3_20260310_222748
268660588875,x,release,p01,p01_free_type_part3_20260310_222748
269261120375,a,press,p01,p01_free_type_part3_20260310_222748
269345233875,a,release,p01,p01_free_type_part3_20260310_222748
269577133708,m,press,p01,p01_free_type_part3_20260310_222748
269613541708,m,release,p01,p01_free_type_part3_20260310_222748
269709165833,i,press,p01,p01_free_type_part3_20260310_222748
269765453416,i,release,p01,p01_free_type_part3_20260310_222748
270394121875,n,press,p01,p01_free_type_part3_20260310_222748
270450191916,n,release,p01,p01_free_type_part3_20260310_222748
270532997416,e,press,p01,p01_free_type_part3_20260310_222748
270613431416,e,release,p01,p01_free_type_part3_20260310_222748
270667796583,d,press,p01,p01_free_type_part3_20260310_222748
270748602625,d,release,p01,p01_free_type_part3_20260310_222748
270968000041,space,press,p01,p01_free_type_part3_20260310_222748
271020490583,space,release,p01,p01_free_type_part3_20260310_222748
271444202583,t,press,p01,p01_free_type_part3_20260310_222748
271504351375,t,release,p01,p01_free_type_part3_20260310_222748
271644960833,h,press,p01,p01_free_type_part3_20260310_222748
271709460375,h,release,p01,p01_free_type_part3_20260310_222748
271785937333,e,press,p01,p01_free_type_part3_20260310_222748
271854305541,e,release,p01,p01_free_type_part3_20260310_222748
271954894666,space,press,p01,p01_free_type_part3_20260310_222748
272011334125,space,release,p01,p01_free_type_part3_20260310_222748
272218894625,i,press,p01,p01_free_type_part3_20260310_222748
272271383208,i,release,p01,p01_free_type_part3_20260310_222748
272418809125,n,press,p01,p01_free_type_part3_20260310_222748
272471120791,n,release,p01,p01_free_type_part3_20260310_222748
272628141708,j,press,p01,p01_free_type_part3_20260310_222748
272680389208,j,release,p01,p01_free_type_part3_20260310_222748
272996814125,u,press,p01,p01_free_type_part3_20260310_222748
273053329083,u,release,p01,p01_free_type_part3_20260310_222748
273150832583,r,press,p01,p01_free_type_part3_20260310_222748
273227301833,r,release,p01,p01_free_type_part3_20260310_222748
273329955125,e,press,p01,p01_free_type_part3_20260310_222748
273398214375,e,release,p01,p01_free_type_part3_20260310_222748
273558946958,d,press,p01,p01_free_type_part3_20260310_222748
273639432166,d,release,p01,p01_free_type_part3_20260310_222748
273946120791,space,press,p01,p01_free_type_part3_20260310_222748
273986465000,space,release,p01,p01_free_type_part3_20260310_222748
275544964500,f,press,p01,p01_free_type_part3_20260310_222748
275617251625,f,release,p01,p01_free_type_part3_20260310_222748
275644421708,o,press,p01,p01_free_type_part3_20260310_222748
275705372708,o,release,p01,p01_free_type_part3_20260310_222748
275882640583,x,press,p01,p01_free_type_part3_20260310_222748
275950340708,x,release,p01,p01_free_type_part3_20260310_222748
276084892833,space,press,p01,p01_free_type_part3_20260310_222748
276145373083,space,release,p01,p01_free_type_part3_20260310_222748
276503895458,v,press,p01,p01_free_type_part3_20260310_222748
276555553791,v,release,p01,p01_free_type_part3_20260310_222748
276567163916,e,press,p01,p01_free_type_part3_20260310_222748
276648406250,e,release,p01,p01_free_type_part3_20260310_222748
276777778166,r,press,p01,p01_free_type_part3_20260310_222748
276854137791,r,release,p01,p01_free_type_part3_20260310_222748
276909846708,y,press,p01,p01_free_type_part3_20260310_222748
276962343583,y,release,p01,p01_free_type_part3_20260310_222748
277087743916,space,press,p01,p01_free_type_part3_20260310_222748
277140408458,space,release,p01,p01_free_type_part3_20260310_222748
277467132916,c,press,p01,p01_free_type_part3_20260310_222748
277567366833,a,press,p01,p01_free_type_part3_20260310_222748
277571013500,c,release,p01,p01_free_type_part3_20260310_222748
277672142583,a,release,p01,p01_free_type_part3_20260310_222748
277934886458,r,press,p01,p01_free_type_part3_20260310_222748
277998683250,e,press,p01,p01_free_type_part3_20260310_222748
278018588166,r,release,p01,p01_free_type_part3_20260310_222748
278094941875,e,release,p01,p01_free_type_part3_20260310_222748
278503777625,f,press,p01,p01_free_type_part3_20260310_222748
278584126583,f,release,p01,p01_free_type_part3_20260310_222748
278617555375,u,press,p01,p01_free_type_part3_20260310_222748
278666319416,u,release,p01,p01_free_type_part3_20260310_222748
278810663375,l,press,p01,p01_free_type_part3_20260310_222748
278882900541,l,release,p01,p01_free_type_part3_20260310_222748
279435820541,l,press,p01,p01_free_type_part3_20260310_222748
279529026666,l,release,p01,p01_free_type_part3_20260310_222748
279670909750,y,press,p01,p01_free_type_part3_20260310_222748
279723230416,y,release,p01,p01_free_type_part3_20260310_222748
279995825625,enter,press,p01,p01_free_type_part3_20260310_222748
280064301541,enter,release,p01,p01_free_type_part3_20260310_222748
281857810958,s,press,p01,p01_free_type_part3_20260310_222748
281938122875,s,release,p01,p01_free_type_part3_20260310_222748
281983747500,i,press,p01,p01_free_type_part3_20260310_222748
282068094916,i,release,p01,p01_free_type_part3_20260310_222748
282182979083,x,press,p01,p01_free_type_part3_20260310_222748
282255131125,x,release,p01,p01_free_type_part3_20260310_222748
282367533000,space,press,p01,p01_free_type_part3_20260310_222748
282435859333,space,release,p01,p01_free_type_part3_20260310_222748
282549878166,j,press,p01,p01_free_type_part3_20260310_222748
282634053333,j,release,p01,p01_free_type_part3_20260310_222748
282781666958,u,press,p01,p01_free_type_part3_20260310_222748
282841704083,u,release,p01,p01_free_type_part3_20260310_222748
283029757583,i,press,p01,p01_free_type_part3_20260310_222748
283089843083,i,release,p01,p01_free_type_part3_20260310_222748
283186836500,c,press,p01,p01_free_type_part3_20260310_222748
283275111375,c,release,p01,p01_free_type_part3_20260310_222748
283445112750,y,press,p01,p01_free_type_part3_20260310_222748
283497373833,y,release,p01,p01_free_type_part3_20260310_222748
283743601541,space,press,p01,p01_free_type_part3_20260310_222748
283800162666,space,release,p01,p01_free_type_part3_20260310_222748
284068727375,s,press,p01,p01_free_type_part3_20260310_222748
284128845416,s,release,p01,p01_free_type_part3_20260310_222748
284523754250,t,press,p01,p01_free_type_part3_20260310_222748
284576030791,t,release,p01,p01_free_type_part3_20260310_222748
284616231416,e,press,p01,p01_free_type_part3_20260310_222748
284692938666,e,release,p01,p01_free_type_part3_20260310_222748
285087698541,a,press,p01,p01_free_type_part3_20260310_222748
285184069666,a,release,p01,p01_free_type_part3_20260310_222748
285611769833,k,press,p01,p01_free_type_part3_20260310_222748
285672321333,k,release,p01,p01_free_type_part3_20260310_222748
285867609041,s,press,p01,p01_free_type_part3_20260310_222748
285944171291,s,release,p01,p01_free_type_part3_20260310_222748
286067557125,space,press,p01,p01_free_type_part3_20260310_222748
286148349208,space,release,p01,p01_free_type_part3_20260310_222748
286454840125,s,press,p01,p01_free_type_part3_20260310_222748
286522785458,s,release,p01,p01_free_type_part3_20260310_222748
286546211541,i,press,p01,p01_free_type_part3_20260310_222748
286579307250,i,release,p01,p01_free_type_part3_20260310_222748
286791787500,z,press,p01,p01_free_type_part3_20260310_222748
286856042291,z,release,p01,p01_free_type_part3_20260310_222748
286922816833,z,press,p01,p01_free_type_part3_20260310_222748
286979127375,z,release,p01,p01_free_type_part3_20260310_222748
287244691083,l,press,p01,p01_free_type_part3_20260310_222748
287309120708,l,release,p01,p01_free_type_part3_20260310_222748
287374689000,e,press,p01,p01_free_type_part3_20260310_222748
287442917750,e,release,p01,p01_free_type_part3_20260310_222748
287573683583,d,press,p01,p01_free_type_part3_20260310_222748
287638183458,d,release,p01,p01_free_type_part3_20260310_222748
287736769750,space,press,p01,p01_free_type_part3_20260310_222748
287796982458,space,release,p01,p01_free_type_part3_20260310_222748
287947546166,i,press,p01,p01_free_type_part3_20260310_222748
288000866416,i,release,p01,p01_free_type_part3_20260310_222748
288122645125,n,press,p01,p01_free_type_part3_20260310_222748
288203169500,n,release,p01,p01_free_type_part3_20260310_222748
288308577833,space,press,p01,p01_free_type_part3_20260310_222748
288368813000,space,release,p01,p01_free_type_part3_20260310_222748
288455620291,a,press,p01,p01_free_type_part3_20260310_222748
288536052666,a,release,p01,p01_free_type_part3_20260310_222748
288678700000,space,press,p01,p01_free_type_part3_20260310_222748
288743037875,space,release,p01,p01_free_type_part3_20260310_222748
288938518041,p,press,p01,p01_free_type_part3_20260310_222748
289003101125,p,release,p01,p01_free_type_part3_20260310_222748
289136672125,a,press,p01,p01_free_type_part3_20260310_222748
289204977375,a,release,p01,p01_free_type_part3_20260310_222748
289292455666,n,press,p01,p01_free_type_part3_20260310_222748
289341033416,n,release,p01,p01_free_type_part3_20260310_222748
289506565500,space,press,p01,p01_free_type_part3_20260310_222748
289566708750,space,release,p01,p01_free_type_part3_20260310_222748
289759546041,w,press,p01,p01_free_type_part3_20260310_222748
289835980708,w,release,p01,p01_free_type_part3_20260310_222748
289977515791,h,press,p01,p01_free_type_part3_20260310_222748
290041940708,h,release,p01,p01_free_type_part3_20260310_222748
290156641583,i,press,p01,p01_free_type_part3_20260310_222748
290209107458,i,release,p01,p01_free_type_part3_20260310_222748
290388522833,l,press,p01,p01_free_type_part3_20260310_222748
290404941208,l,release,p01,p01_free_type_part3_20260310_222748
290995626833,e,press,p01,p01_free_type_part3_20260310_222748
291075972875,e,release,p01,p01_free_type_part3_20260310_222748
291219423583,space,press,p01,p01_free_type_part3_20260310_222748
291295806458,space,release,p01,p01_free_type_part3_20260310_222748
291623699916,t,press,p01,p01_free_type_part3_20260310_222748
291675879125,t,release,p01,p01_free_type_part3_20260310_222748
291804538208,h,press,p01,p01_free_type_part3_20260310_222748
291860960416,h,release,p01,p01_free_type_part3_20260310_222748
291931613666,e,press,p01,p01_free_type_part3_20260310_222748
292015752208,e,release,p01,p01_free_type_part3_20260310_222748
292118369583,space,press,p01,p01_free_type_part3_20260310_222748
292170830083,space,release,p01,p01_free_type_part3_20260310_222748
292347524000,c,press,p01,p01_free_type_part3_20260310_222748
292427930375,c,release,p01,p01_free_type_part3_20260310_222748
292474421250,h,press,p01,p01_free_type_part3_20260310_222748
292514958500,h,release,p01,p01_free_type_part3_20260310_222748
292631533416,e,press,p01,p01_free_type_part3_20260310_222748
292707779958,e,release,p01,p01_free_type_part3_20260310_222748
293003403500,f,press,p01,p01_free_type_part3_20260310_222748
293075795791,f,release,p01,p01_free_type_part3_20260310_222748
293247936666,space,press,p01,p01_free_type_part3_20260310_222748
293308874333,space,release,p01,p01_free_type_part3_20260310_222748
293741658041,e,press,p01,p01_free_type_part3_20260310_222748
293818065958,e,release,p01,p01_free_type_part3_20260310_222748
294192379000,backspace,press,p01,p01_free_type_part3_20260310_222748
294208655750,backspace,release,p01,p01_free_type_part3_20260310_222748
294547452291,r,press,p01,p01_free_type_part3_20260310_222748
294643765791,r,release,p01,p01_free_type_part3_20260310_222748
294714359083,e,press,p01,p01_free_type_part3_20260310_222748
294810625833,e,release,p01,p01_free_type_part3_20260310_222748
295292421416,l,press,p01,p01_free_type_part3_20260310_222748
295348932250,l,release,p01,p01_free_type_part3_20260310_222748
295395067041,a,press,p01,p01_free_type_part3_20260310_222748
295467810708,a,release,p01,p01_free_type_part3_20260310_222748
295750557083,x,press,p01,p01_free_type_part3_20260310_222748
295806811291,x,release,p01,p01_free_type_part3_20260310_222748
296048547291,e,press,p01,p01_free_type_part3_20260310_222748
296120718166,e,release,p01,p01_free_type_part3_20260310_222748
296173394791,d,press,p01,p01_free_type_part3_20260310_222748
296257797708,d,release,p01,p01_free_type_part3_20260310_222748
296415366958,enter,press,p01,p01_free_type_part3_20260310_222748
